{"type":"FeatureCollection", "features": [
{"type":"Feature","geometry":{"type":"LineString","coordinates":[[139.75996,35.93555],[139.76181,35.93592],[139.76429,35.93662]]},"properties":{"name":"新方川"}},
{"type":"Feature","geometry":{"type":"LineString","coordinates":[[139.31814,35.81026],[139.31962,35.81016],[139.32294,35.8108],[139.32483,35.81141],[139.32538,35.81181],[139.32648,35.81215],[139.32777,35.81284],[139.32922,35.81311],[139.33016,35.81375],[139.33077,35.8139],[139.33211,35.81375],[139.33457,35.81426],[139.33562,35.81484],[139.33654,35.81497],[139.33753,35.81552],[139.33891,35.8156],[139.3398,35.81617],[139.34004,35.8166],[139.34118,35.81732],[139.34226,35.81747],[139.34274,35.81729],[139.34535,35.81732],[139.34711,35.81772],[139.34834,35.8185],[139.34983,35.81875],[139.35215,35.81878],[139.35318,35.8194],[139.35475,35.81937],[139.35556,35.82026],[139.35642,35.82078],[139.35717,35.8205],[139.35784,35.8208],[139.35878,35.82077],[139.35933,35.82138],[139.3603,35.82205],[139.36125,35.82197],[139.36169,35.82164],[139.36257,35.82153],[139.36439,35.82233],[139.3654,35.82239],[139.36566,35.8227],[139.36583,35.82388],[139.36716,35.82427],[139.36828,35.82489],[139.36959,35.8247],[139.37057,35.8254],[139.37246,35.82501],[139.37312,35.82455],[139.37395,35.82427],[139.37518,35.82431],[139.37539,35.82489],[139.3746,35.82549],[139.37476,35.82592],[139.37606,35.82657],[139.37686,35.82665],[139.37759,35.82713],[139.37698,35.828],[139.37747,35.82862],[139.37864,35.82972],[139.38018,35.83022],[139.38121,35.83101],[139.38233,35.8314],[139.38265,35.83222],[139.38189,35.83335],[139.38263,35.8345],[139.38256,35.83506],[139.38216,35.83575],[139.38224,35.83675],[139.38299,35.83715],[139.38395,35.83683],[139.38513,35.83693],[139.38552,35.83723],[139.38582,35.83805],[139.38614,35.8407],[139.38552,35.84149],[139.38581,35.84202],[139.38547,35.84315],[139.38561,35.84422],[139.3861,35.84469],[139.3876,35.84499],[139.38824,35.84533],[139.38912,35.84663],[139.38925,35.85097],[139.38956,35.85219],[139.39047,35.85357],[139.39073,35.85435]]},"properties":{"name":"霞川"}},
{"type":"Feature","geometry":{"type":"LineString","coordinates":[[139.49306,35.92587],[139.49348,35.92543],[139.49462,35.92333],[139.49813,35.91827],[139.4983,35.91771],[139.49747,35.91389],[139.4959,35.90764],[139.49565,35.90703],[139.49449,35.90534]]},"properties":{"name":"新河岸川"}},
{"type":"Feature","geometry":{"type":"LineString","coordinates":[[139.49233,35.92654],[139.49306,35.92587]]},"properties":{"name":"新河岸川"}},
{"type":"Feature","geometry":{"type":"LineString","coordinates":[[139.51412,35.92134],[139.5127,35.9208],[139.51166,35.92057],[139.50983,35.9194],[139.50968,35.91903],[139.50774,35.91599],[139.50756,35.91544],[139.50729,35.91319],[139.50747,35.90987],[139.50807,35.9085],[139.50838,35.90669],[139.50859,35.90625],[139.51179,35.9026]]},"properties":{"name":"九十川"}},
{"type":"Feature","geometry":{"type":"LineString","coordinates":[[139.61366,35.77881],[139.61442,35.7794],[139.61508,35.78031]]},"properties":{"name":"谷中川"}},
{"type":"Feature","geometry":{"type":"LineString","coordinates":[[139.6096,35.77904],[139.61104,35.7787],[139.612,35.77875],[139.61312,35.77853],[139.61366,35.77881]]},"properties":{"name":"谷中川"}},
{"type":"Feature","geometry":{"type":"LineString","coordinates":[[139.60159,35.76536],[139.60197,35.76569],[139.6032,35.76599],[139.60566,35.76546],[139.6067,35.76544],[139.60769,35.76564],[139.60856,35.76619],[139.61023,35.76679],[139.61101,35.7676],[139.61098,35.76868],[139.61154,35.76962]]},"properties":{"name":"白子川"}},
{"type":"Feature","geometry":{"type":"LineString","coordinates":[[139.61709,35.78109],[139.61915,35.78215]]},"properties":{"name":"谷中川"}},
{"type":"Feature","geometry":{"type":"LineString","coordinates":[[139.54169,35.80732],[139.54354,35.80883],[139.54527,35.81108],[139.54558,35.81184],[139.54622,35.81259],[139.54752,35.81346],[139.54814,35.81418],[139.54888,35.8158],[139.54949,35.81634],[139.551,35.81688],[139.55166,35.8181],[139.55285,35.81986],[139.55345,35.82101],[139.55382,35.82218],[139.5542,35.82406],[139.55473,35.8253],[139.55521,35.82605],[139.55518,35.82755],[139.55577,35.82833],[139.56062,35.83132],[139.56242,35.83208],[139.56387,35.83228],[139.56667,35.83296],[139.56749,35.8335],[139.56839,35.83456],[139.56923,35.83513],[139.57094,35.83551],[139.5726,35.83682],[139.57405,35.83752],[139.5752,35.83721],[139.5763,35.83709],[139.57775,35.83714],[139.57925,35.83635],[139.57973,35.83577],[139.5804,35.83544]]},"properties":{"name":"柳瀬川"}},
{"type":"Feature","geometry":{"type":"LineString","coordinates":[[139.4286,35.77607],[139.43041,35.77624],[139.43153,35.77618],[139.43174,35.77701],[139.43275,35.77693],[139.43361,35.77643],[139.43412,35.77715],[139.43712,35.77757],[139.43693,35.77797],[139.43757,35.7782],[139.43825,35.77815],[139.43855,35.77778],[139.43915,35.7777],[139.43975,35.77799],[139.44043,35.77769],[139.44118,35.77779],[139.44162,35.77756],[139.44288,35.77783],[139.44314,35.77842],[139.44371,35.77893],[139.44462,35.77901],[139.44468,35.7794],[139.44643,35.7792],[139.44681,35.77964],[139.4463,35.77996],[139.44701,35.78132]]},"properties":{"name":"柳瀬川"}},
{"type":"Feature","geometry":{"type":"LineString","coordinates":[[139.41697,35.77585],[139.41758,35.77578],[139.41819,35.77616],[139.41936,35.77588],[139.41918,35.77647],[139.4197,35.77699],[139.42049,35.77663],[139.42071,35.77748],[139.42139,35.77722],[139.42164,35.77761],[139.42261,35.77745],[139.4239,35.77764],[139.42485,35.77794],[139.42598,35.77764]]},"properties":{"name":"柳瀬川"}},
{"type":"Feature","geometry":{"type":"LineString","coordinates":[[139.45404,35.78357],[139.45522,35.78357],[139.4555,35.78388],[139.45636,35.78385],[139.45699,35.78329],[139.45699,35.78241],[139.45729,35.78206],[139.45823,35.78165],[139.45881,35.78191],[139.4593,35.78133],[139.4605,35.78122],[139.46153,35.78153],[139.46285,35.78121],[139.46339,35.78046],[139.46333,35.78004],[139.4643,35.77963],[139.46478,35.77875],[139.46546,35.77853],[139.46556,35.77786],[139.4667,35.77781],[139.46687,35.77726],[139.46782,35.77733],[139.46906,35.77712],[139.46966,35.77675],[139.47032,35.77666],[139.47095,35.77625],[139.4717,35.77627],[139.47182,35.77573],[139.47223,35.77529],[139.47239,35.77446]]},"properties":{"name":"柳瀬川"}},
{"type":"Feature","geometry":{"type":"LineString","coordinates":[[139.4766,35.77544],[139.47723,35.77599],[139.47799,35.77707],[139.47977,35.77749],[139.48103,35.77843],[139.48128,35.77881],[139.48115,35.7796],[139.48166,35.78015],[139.4817,35.78065]]},"properties":{"name":"柳瀬川"}},
{"type":"Feature","geometry":{"type":"LineString","coordinates":[[139.4817,35.78065],[139.483,35.78121],[139.484,35.78083]]},"properties":{"name":"柳瀬川"}},
{"type":"Feature","geometry":{"type":"LineString","coordinates":[[139.48882,35.77946],[139.48912,35.77937]]},"properties":{"name":"柳瀬川"}},
{"type":"Feature","geometry":{"type":"LineString","coordinates":[[139.48912,35.77937],[139.48973,35.77931]]},"properties":{"name":"柳瀬川"}},
{"type":"Feature","geometry":{"type":"LineString","coordinates":[[139.49562,35.78134],[139.49627,35.78154],[139.49738,35.78157],[139.49829,35.78143]]},"properties":{"name":"柳瀬川"}},
{"type":"Feature","geometry":{"type":"LineString","coordinates":[[139.48973,35.77931],[139.49027,35.7793]]},"properties":{"name":"柳瀬川"}},
{"type":"Feature","geometry":{"type":"LineString","coordinates":[[139.51206,35.78523],[139.51323,35.78591],[139.51361,35.78692],[139.51393,35.78832]]},"properties":{"name":"柳瀬川"}},
{"type":"Feature","geometry":{"type":"LineString","coordinates":[[139.51666,35.78873],[139.51751,35.78832],[139.51886,35.78811]]},"properties":{"name":"柳瀬川"}},
{"type":"Feature","geometry":{"type":"LineString","coordinates":[[139.51393,35.78832],[139.51406,35.78884],[139.51478,35.78941],[139.51566,35.78932],[139.51666,35.78873]]},"properties":{"name":"柳瀬川"}},
{"type":"Feature","geometry":{"type":"LineString","coordinates":[[139.53817,35.80486],[139.54089,35.80648],[139.54169,35.80732]]},"properties":{"name":"柳瀬川"}},
{"type":"Feature","geometry":{"type":"LineString","coordinates":[[139.5804,35.83544],[139.58236,35.8349]]},"properties":{"name":"柳瀬川"}},
{"type":"Feature","geometry":{"type":"LineString","coordinates":[[139.64156,35.7979],[139.64476,35.79674],[139.64617,35.79632],[139.64964,35.79515],[139.6519,35.79443],[139.65536,35.79361],[139.65716,35.7933],[139.65897,35.79314],[139.66534,35.79292]]},"properties":{"name":"新河岸川"}},
{"type":"Feature","geometry":{"type":"LineString","coordinates":[[139.55063,35.86661],[139.55177,35.86401],[139.55223,35.86357],[139.55456,35.86264],[139.55577,35.86193],[139.55617,35.86145],[139.55733,35.85944],[139.55837,35.85818]]},"properties":{"name":"新河岸川"}},
{"type":"Feature","geometry":{"type":"LineString","coordinates":[[139.56128,35.85033],[139.56271,35.8495],[139.56426,35.84849],[139.5655,35.84694],[139.5662,35.84653],[139.5686,35.84588],[139.57012,35.84526],[139.57288,35.84478],[139.57496,35.84426],[139.5752,35.84415]]},"properties":{"name":"新河岸川"}},
{"type":"Feature","geometry":{"type":"LineString","coordinates":[[139.60576,35.82094],[139.60829,35.81925],[139.609,35.81809],[139.61045,35.81417],[139.6122,35.81292]]},"properties":{"name":"新河岸川"}},
{"type":"Feature","geometry":{"type":"LineString","coordinates":[[139.58073,35.83847],[139.58115,35.83699],[139.58236,35.8349]]},"properties":{"name":"新河岸川"}},
{"type":"Feature","geometry":{"type":"LineString","coordinates":[[139.59442,35.82752],[139.59765,35.82594]]},"properties":{"name":"新河岸川"}},
{"type":"Feature","geometry":{"type":"LineString","coordinates":[[139.58672,35.83145],[139.59173,35.82879],[139.59442,35.82752]]},"properties":{"name":"新河岸川"}},
{"type":"Feature","geometry":{"type":"LineString","coordinates":[[139.58662,35.83149],[139.58672,35.83145]]},"properties":{"name":"新河岸川"}},
{"type":"Feature","geometry":{"type":"LineString","coordinates":[[139.59765,35.82594],[139.60021,35.82464],[139.60227,35.82407],[139.60342,35.82332],[139.60513,35.82172],[139.60576,35.82094]]},"properties":{"name":"新河岸川"}},
{"type":"Feature","geometry":{"type":"LineString","coordinates":[[139.58236,35.8349],[139.58425,35.8328],[139.58662,35.83149]]},"properties":{"name":"新河岸川"}},
{"type":"Feature","geometry":{"type":"LineString","coordinates":[[139.57814,35.8418],[139.57992,35.84031],[139.58036,35.83977],[139.58073,35.83847]]},"properties":{"name":"新河岸川"}},
{"type":"Feature","geometry":{"type":"LineString","coordinates":[[139.5752,35.84415],[139.57584,35.84372]]},"properties":{"name":"新河岸川"}},
{"type":"Feature","geometry":{"type":"LineString","coordinates":[[139.57584,35.84372],[139.57814,35.8418]]},"properties":{"name":"新河岸川"}},
{"type":"Feature","geometry":{"type":"LineString","coordinates":[[139.48158,35.92818],[139.48255,35.9284],[139.48327,35.92915],[139.48392,35.92949],[139.48425,35.93007],[139.48513,35.93036],[139.48589,35.93003],[139.48744,35.92862],[139.49068,35.92728],[139.49194,35.92686],[139.49233,35.92654]]},"properties":{"name":"新河岸川"}},
{"type":"Feature","geometry":{"type":"LineString","coordinates":[[139.47719,35.92317],[139.47835,35.92413],[139.47993,35.92484],[139.48024,35.92516],[139.48061,35.92674],[139.48052,35.9274],[139.48158,35.92818]]},"properties":{"name":"新河岸川"}},
{"type":"Feature","geometry":{"type":"LineString","coordinates":[[139.47596,35.91971],[139.47606,35.92091],[139.47575,35.92221]]},"properties":{"name":"新河岸川"}},
{"type":"Feature","geometry":{"type":"LineString","coordinates":[[139.47232,35.9173],[139.47243,35.91777],[139.47395,35.91835],[139.47521,35.91834],[139.47596,35.91971]]},"properties":{"name":"新河岸川"}},
{"type":"Feature","geometry":{"type":"LineString","coordinates":[[139.47282,35.91433],[139.47262,35.91537]]},"properties":{"name":"新河岸川"}},
{"type":"Feature","geometry":{"type":"LineString","coordinates":[[139.47575,35.92221],[139.47622,35.92299],[139.47719,35.92317]]},"properties":{"name":"新河岸川"}},
{"type":"Feature","geometry":{"type":"LineString","coordinates":[[139.52306,35.88727],[139.52329,35.88632],[139.52357,35.88603],[139.52438,35.88416],[139.52567,35.88274],[139.52654,35.88196],[139.5275,35.88134],[139.52867,35.88099],[139.52971,35.88094],[139.53253,35.88004],[139.53602,35.87995],[139.53735,35.8796]]},"properties":{"name":"新河岸川"}},
{"type":"Feature","geometry":{"type":"LineString","coordinates":[[139.5005,35.89824],[139.5023,35.89754],[139.50315,35.89708],[139.50386,35.89641],[139.50436,35.89526],[139.50454,35.89341],[139.5057,35.89157],[139.50657,35.89096]]},"properties":{"name":"新河岸川"}},
{"type":"Feature","geometry":{"type":"LineString","coordinates":[[139.49625,35.9001],[139.49769,35.89984],[139.5005,35.89824]]},"properties":{"name":"新河岸川"}},
{"type":"Feature","geometry":{"type":"LineString","coordinates":[[139.49428,35.90074],[139.49519,35.9002],[139.49625,35.9001]]},"properties":{"name":"新河岸川"}},
{"type":"Feature","geometry":{"type":"LineString","coordinates":[[139.52062,35.89069],[139.52144,35.89059],[139.52277,35.88966],[139.52305,35.88929],[139.52318,35.88832],[139.52306,35.88727]]},"properties":{"name":"新河岸川"}},
{"type":"Feature","geometry":{"type":"LineString","coordinates":[[139.51913,35.89082],[139.52062,35.89069]]},"properties":{"name":"新河岸川"}},
{"type":"Feature","geometry":{"type":"LineString","coordinates":[[139.51713,35.8896],[139.51811,35.89046],[139.51913,35.89082]]},"properties":{"name":"新河岸川"}},
{"type":"Feature","geometry":{"type":"LineString","coordinates":[[139.50657,35.89096],[139.50761,35.89044],[139.50962,35.88987],[139.51061,35.88983],[139.51159,35.88997],[139.51304,35.89037],[139.51407,35.89014],[139.51541,35.88945],[139.51645,35.8894],[139.51713,35.8896]]},"properties":{"name":"新河岸川"}},
{"type":"Feature","geometry":{"type":"LineString","coordinates":[[139.54942,35.86944],[139.54939,35.86896],[139.54977,35.86785],[139.55063,35.86661]]},"properties":{"name":"新河岸川"}},
{"type":"Feature","geometry":{"type":"LineString","coordinates":[[139.5467,35.87292],[139.54822,35.8719],[139.54905,35.87101],[139.54935,35.87027],[139.54942,35.86944]]},"properties":{"name":"新河岸川"}},
{"type":"Feature","geometry":{"type":"LineString","coordinates":[[139.53735,35.8796],[139.54126,35.87825],[139.54225,35.87756]]},"properties":{"name":"新河岸川"}},
{"type":"Feature","geometry":{"type":"LineString","coordinates":[[139.54225,35.87756],[139.5434,35.87581],[139.54458,35.87449]]},"properties":{"name":"新河岸川"}},
{"type":"Feature","geometry":{"type":"LineString","coordinates":[[139.54458,35.87449],[139.5467,35.87292]]},"properties":{"name":"新河岸川"}},
{"type":"Feature","geometry":{"type":"LineString","coordinates":[[139.26871,35.83225],[139.2699,35.83362],[139.27118,35.83477],[139.2723,35.83541],[139.27326,35.83563],[139.27384,35.83525],[139.27514,35.83481],[139.27557,35.83442],[139.27627,35.83441],[139.27677,35.83506],[139.27842,35.83603],[139.28027,35.8366],[139.28152,35.83681],[139.28301,35.83679]]},"properties":{"name":"成木川"}},
{"type":"Feature","geometry":{"type":"LineString","coordinates":[[139.28301,35.83679],[139.28353,35.83641],[139.28492,35.83586],[139.28543,35.836],[139.28649,35.83694],[139.288,35.83713],[139.28926,35.83759],[139.29058,35.83789],[139.29153,35.83758],[139.29276,35.83654],[139.29337,35.83563],[139.29421,35.83472],[139.2957,35.83355]]},"properties":{"name":"成木川"}},
{"type":"Feature","geometry":{"type":"LineString","coordinates":[[139.2957,35.83355],[139.29651,35.83501],[139.29714,35.83527],[139.29858,35.83501],[139.29943,35.83468],[139.30011,35.8347],[139.30027,35.83511]]},"properties":{"name":"成木川"}},
{"type":"Feature","geometry":{"type":"LineString","coordinates":[[139.2924,35.82721],[139.29294,35.82751],[139.29365,35.82827],[139.29418,35.82954],[139.29356,35.8304],[139.294,35.83117],[139.29511,35.8315],[139.29562,35.83189],[139.29617,35.83284],[139.2957,35.83355]]},"properties":{"name":"黒沢川"}},
{"type":"Feature","geometry":{"type":"LineString","coordinates":[[139.29425,35.80349],[139.29459,35.80407],[139.29516,35.8045],[139.29667,35.80501],[139.2977,35.80584],[139.29887,35.80616],[139.29992,35.80674],[139.30206,35.80639],[139.30261,35.80617],[139.30356,35.80639],[139.30474,35.80628],[139.30593,35.80756],[139.3067,35.80788],[139.30783,35.80798],[139.30927,35.80766],[139.31063,35.80767],[139.31139,35.80798],[139.31258,35.8078],[139.31332,35.80784],[139.31484,35.80873],[139.31594,35.80877],[139.31723,35.80977],[139.31741,35.81017],[139.31814,35.81026]]},"properties":{"name":"霞川"}},
{"type":"Feature","geometry":{"type":"LineString","coordinates":[[139.54637,35.76355],[139.54714,35.76387]]},"properties":{"name":"黒目川"}},
{"type":"Feature","geometry":{"type":"LineString","coordinates":[[139.54714,35.76387],[139.54785,35.76429],[139.54936,35.76637],[139.55017,35.76665],[139.55113,35.76652],[139.55289,35.76582],[139.55351,35.76578],[139.55466,35.76614],[139.55514,35.76657],[139.55569,35.7676],[139.55607,35.76796],[139.55712,35.76825],[139.55812,35.76826],[139.55887,35.76869],[139.55925,35.76936],[139.55951,35.77322],[139.55975,35.77379],[139.56092,35.77496],[139.56207,35.77534],[139.56317,35.77533],[139.56537,35.77486],[139.56616,35.77511],[139.56743,35.77621],[139.56875,35.77679],[139.57282,35.77745],[139.57602,35.77737]]},"properties":{"name":"黒目川"}},
{"type":"Feature","geometry":{"type":"LineString","coordinates":[[139.59134,35.81434],[139.59167,35.81471],[139.59503,35.81681],[139.59566,35.81687],[139.6006,35.81565],[139.60164,35.81527],[139.60464,35.8124],[139.60553,35.81105],[139.60591,35.8108],[139.60767,35.81069],[139.60822,35.81101],[139.60927,35.81252],[139.60986,35.81281],[139.6122,35.81292]]},"properties":{"name":"黒目川"}},
{"type":"Feature","geometry":{"type":"LineString","coordinates":[[139.57602,35.77737],[139.57696,35.77767],[139.57788,35.7791],[139.57813,35.78034],[139.57856,35.78163],[139.57851,35.78237],[139.57816,35.78333],[139.57824,35.78398],[139.57867,35.785],[139.5788,35.7858],[139.57851,35.78746],[139.57861,35.78836],[139.57917,35.7916],[139.57976,35.79278],[139.57966,35.79335],[139.57898,35.79438],[139.57952,35.79627],[139.57986,35.79784],[139.58281,35.80351],[139.58435,35.80638],[139.58453,35.80688],[139.5854,35.80782],[139.58622,35.80822],[139.58818,35.80871],[139.58896,35.80924],[139.58966,35.8101],[139.59194,35.81238],[139.59197,35.81315],[139.59142,35.81371],[139.59134,35.81434]]},"properties":{"name":"黒目川"}},
{"type":"Feature","geometry":{"type":"LineString","coordinates":[[139.77626,36.09079],[139.77701,36.08812],[139.77751,36.08707],[139.77875,36.08507],[139.77975,36.08295],[139.77984,36.08257],[139.77991,36.0822],[139.77986,36.0801],[139.78028,36.07881],[139.78137,36.07696],[139.78189,36.07592],[139.78229,36.07451],[139.78237,36.07185],[139.78265,36.07068],[139.78313,36.06972],[139.78434,36.06818],[139.78727,36.06545],[139.78865,36.06355],[139.79028,36.06051],[139.79069,36.05908],[139.79165,36.05781],[139.79296,36.05692],[139.79462,36.05598],[139.79512,36.05545],[139.79731,36.05257],[139.79806,36.05189],[139.80063,36.05027],[139.80135,36.04967],[139.80208,36.04872],[139.80309,36.0468],[139.80425,36.04506],[139.80528,36.04405],[139.80624,36.04364],[139.80791,36.04266],[139.80987,36.04133],[139.8122,36.03962],[139.8142,36.03824],[139.81521,36.03712],[139.81584,36.0359],[139.81663,36.03379],[139.81753,36.0324],[139.81778,36.03147],[139.81777,36.0303],[139.81746,36.02932],[139.81691,36.02842],[139.81507,36.02622],[139.81418,36.02486],[139.81366,36.0237],[139.8135,36.02243],[139.8139,36.02049],[139.81452,36.01815],[139.81502,36.01513],[139.81507,36.01431],[139.81599,36.00836],[139.81655,36.00595],[139.81685,36.00408],[139.8169,36.00319],[139.81676,36.00196],[139.81632,36.0011],[139.81546,36.00009],[139.81501,35.99925],[139.81472,35.99802],[139.81474,35.99703]]},"properties":{"name":"江戸川"}},
{"type":"Feature","geometry":{"type":"LineString","coordinates":[[139.82091,35.98996],[139.82243,35.98824],[139.82325,35.98714],[139.82505,35.98542],[139.82618,35.98406],[139.82662,35.9833],[139.8268,35.98257],[139.82661,35.98011],[139.82627,35.9787],[139.82563,35.97689],[139.82511,35.97517],[139.82512,35.97413],[139.8256,35.97279],[139.82598,35.97225],[139.82708,35.97135],[139.82844,35.97075],[139.83112,35.97008],[139.83288,35.96922],[139.83384,35.96825],[139.83425,35.96744],[139.83495,35.96548],[139.8351,35.96389],[139.83493,35.9614],[139.8351,35.96012],[139.83741,35.95465],[139.83832,35.95279],[139.84237,35.947],[139.84403,35.94446],[139.84569,35.94222],[139.84613,35.94146]]},"properties":{"name":"江戸川"}},
{"type":"Feature","geometry":{"type":"LineString","coordinates":[[139.84613,35.94146],[139.84747,35.9397],[139.84806,35.93911],[139.84955,35.93807],[139.85079,35.93739],[139.85264,35.93658],[139.85725,35.93412],[139.85941,35.93323],[139.86057,35.93252],[139.86209,35.93142],[139.86293,35.93036],[139.86437,35.92893],[139.86561,35.92749],[139.86632,35.9265],[139.86716,35.9256],[139.86856,35.92331],[139.86954,35.92116],[139.8702,35.91898],[139.87075,35.91761],[139.87152,35.91629]]},"properties":{"name":"江戸川"}},
{"type":"Feature","geometry":{"type":"LineString","coordinates":[[139.69143,36.17143],[139.69176,36.17032],[139.69248,36.16879],[139.69403,36.16633],[139.69433,36.16542],[139.69467,36.16148],[139.69485,36.16047],[139.69539,36.1585],[139.69662,36.15595],[139.69772,36.15466],[139.69831,36.15351],[139.69868,36.15165]]},"properties":{"name":"渡良瀬川"}},
{"type":"Feature","geometry":{"type":"LineString","coordinates":[[139.69088,36.17526],[139.69088,36.17525]]},"properties":{"name":"渡良瀬川"}},
{"type":"Feature","geometry":{"type":"LineString","coordinates":[[139.71206,36.13063],[139.71209,36.12972],[139.71261,36.12824],[139.71387,36.1259],[139.71459,36.12512],[139.71697,36.12283],[139.72093,36.11831],[139.72226,36.1175],[139.72565,36.11375],[139.72627,36.11227],[139.72655,36.11012],[139.72701,36.10293],[139.72743,36.09775],[139.72741,36.09549],[139.72733,36.09522],[139.72431,36.09345]]},"properties":{"name":"権現堂川"}},
{"type":"Feature","geometry":{"type":"LineString","coordinates":[[139.81474,35.99703],[139.81483,35.99637],[139.81542,35.99545],[139.81727,35.99431],[139.81909,35.99232],[139.82091,35.98996]]},"properties":{"name":"江戸川"}},
{"type":"Feature","geometry":{"type":"LineString","coordinates":[[139.56498,36.26712],[139.56801,36.26764],[139.56945,36.26807],[139.57058,36.26808],[139.5726,36.26763],[139.5747,36.26673],[139.57536,36.26661],[139.57706,36.26662],[139.57804,36.26685],[139.58156,36.26862],[139.58348,36.26926],[139.58416,36.26931],[139.5852,36.2691],[139.58713,36.26843],[139.58926,36.26848],[139.59065,36.2689],[139.59245,36.26883],[139.59615,36.26835],[139.59885,36.26859],[139.60751,36.26806],[139.60844,36.26814],[139.61015,36.2686],[139.61233,36.26954],[139.61335,36.27048],[139.61395,36.27191],[139.61486,36.27306],[139.61614,36.27365],[139.61754,36.27414],[139.6195,36.27432],[139.62059,36.27405],[139.62123,36.27361],[139.62293,36.27302],[139.62454,36.27181],[139.62527,36.2714],[139.62604,36.27131],[139.62799,36.27146],[139.63177,36.27104],[139.63313,36.27067],[139.63353,36.27043],[139.63462,36.26871],[139.63538,36.26663],[139.63575,36.26594],[139.63675,36.26506],[139.63784,36.26466],[139.63936,36.26453],[139.64056,36.26456],[139.64131,36.26432],[139.64266,36.2643],[139.64478,36.26446],[139.64842,36.26458],[139.64944,36.26455],[139.65165,36.26431],[139.65367,36.26378],[139.65748,36.26234],[139.65862,36.2621],[139.65949,36.26211],[139.66061,36.26248],[139.66151,36.26302],[139.66192,36.26369],[139.66202,36.26446],[139.66235,36.26482],[139.66353,36.26519],[139.66484,36.26515],[139.66536,36.26487],[139.66781,36.26273],[139.66967,36.26145],[139.67254,36.25976],[139.6732,36.2592],[139.67359,36.25855],[139.67358,36.25685],[139.67327,36.25576],[139.67115,36.25299],[139.67093,36.25168],[139.67112,36.25114],[139.67187,36.25028],[139.6726,36.24969],[139.6745,36.24845],[139.67649,36.24729],[139.67759,36.24653],[139.68016,36.24441],[139.68479,36.23748],[139.68515,36.2366],[139.68561,36.23599],[139.68564,36.23529],[139.68617,36.2335],[139.68699,36.2316],[139.68793,36.23037],[139.69137,36.22733],[139.69191,36.22595],[139.69229,36.2256],[139.6957,36.22305],[139.69732,36.22192],[139.69775,36.22145],[139.69834,36.22028],[139.69785,36.21932],[139.69755,36.2183],[139.69743,36.21688],[139.69775,36.21478],[139.69752,36.21388],[139.6968,36.21291],[139.69472,36.21139],[139.69352,36.21066],[139.69304,36.21004],[139.69251,36.20847],[139.69192,36.20727],[139.69043,36.20497],[139.6889,36.20202],[139.68769,36.19915],[139.68747,36.19751],[139.68766,36.1965],[139.68816,36.19557],[139.68919,36.19462],[139.69269,36.19226],[139.69347,36.19159],[139.69405,36.19061],[139.69407,36.18987],[139.69281,36.18722],[139.69226,36.18507],[139.69149,36.18126],[139.69112,36.17882],[139.69092,36.17681],[139.69088,36.17526]]},"properties":{"name":"渡良瀬川"}},
{"type":"Feature","geometry":{"type":"LineString","coordinates":[[139.06519,36.18911],[139.06463,36.19028],[139.06395,36.19281]]},"properties":{"name":"神流川"}},
{"type":"Feature","geometry":{"type":"LineString","coordinates":[[139.09076,36.23362],[139.09192,36.23516],[139.0929,36.23594],[139.09556,36.23646],[139.09717,36.23718],[139.09798,36.23811],[139.09832,36.2395],[139.09916,36.24093],[139.09939,36.24206],[139.09936,36.24348],[139.09984,36.24443],[139.10029,36.24479],[139.10227,36.24569],[139.10434,36.24711],[139.10483,36.24819],[139.1041,36.24868],[139.10385,36.24933],[139.10428,36.25005],[139.10547,36.25122],[139.10609,36.25155],[139.10817,36.25189],[139.10941,36.25277],[139.10982,36.2533]]},"properties":{"name":"神流川"}},
{"type":"Feature","geometry":{"type":"LineString","coordinates":[[139.12506,36.27984],[139.12529,36.27964],[139.1269,36.27934],[139.12916,36.27942]]},"properties":{"name":"烏川"}},
{"type":"Feature","geometry":{"type":"LineString","coordinates":[[139.08485,36.22105],[139.0858,36.22233]]},"properties":{"name":"神流川"}},
{"type":"Feature","geometry":{"type":"LineString","coordinates":[[139.04039,36.18055],[139.04227,36.18097],[139.04405,36.18112],[139.04498,36.18153],[139.04613,36.18268],[139.04723,36.18345],[139.04781,36.18419],[139.04805,36.18484],[139.04936,36.18587],[139.05018,36.18677],[139.05,36.18735],[139.05079,36.18792],[139.05145,36.18805],[139.05253,36.18799],[139.05298,36.18754],[139.05398,36.1876],[139.05462,36.18796],[139.05559,36.18789],[139.05785,36.1869],[139.05985,36.18568],[139.05983,36.18523]]},"properties":{"name":"荒沢川"}},
{"type":"Feature","geometry":{"type":"LineString","coordinates":[[139.03835,36.156],[139.03905,36.156],[139.03998,36.15572],[139.04103,36.15611],[139.04169,36.15618],[139.04282,36.15561],[139.04443,36.15632],[139.0455,36.15602],[139.04664,36.1561],[139.04729,36.15595],[139.04809,36.15537],[139.04901,36.15519],[139.05022,36.15362],[139.05073,36.15322],[139.05121,36.15224]]},"properties":{"name":"三波川"}},
{"type":"Feature","geometry":{"type":"LineString","coordinates":[[139.05983,36.18523],[139.06183,36.18554]]},"properties":{"name":"神流川"}},
{"type":"Feature","geometry":{"type":"LineString","coordinates":[[139.37897,36.24323],[139.37934,36.2413]]},"properties":{"name":"石田川"}},
{"type":"Feature","geometry":{"type":"LineString","coordinates":[[139.65834,36.21459],[139.65993,36.21415]]},"properties":{"name":"谷田川"}},
{"type":"Feature","geometry":{"type":"LineString","coordinates":[[139.06241,36.15757],[139.06375,36.15898],[139.06349,36.15993],[139.06288,36.16144],[139.062,36.16245],[139.06087,36.16329],[139.05915,36.16399],[139.05821,36.16477],[139.05855,36.16535],[139.0594,36.16554],[139.05939,36.1664],[139.05836,36.16729],[139.05842,36.16822],[139.05824,36.16883],[139.05766,36.16919],[139.05739,36.17044],[139.05772,36.17154],[139.05782,36.17307]]},"properties":{"name":"神流川"}},
{"type":"Feature","geometry":{"type":"LineString","coordinates":[[139.4725,36.18867],[139.47335,36.18868]]},"properties":{"name":"利根川"}},
{"type":"Feature","geometry":{"type":"LineString","coordinates":[[139.13308,36.28047],[139.13419,36.28038],[139.13662,36.27982],[139.13871,36.27898],[139.13992,36.27867],[139.14111,36.27779],[139.14183,36.27751],[139.14318,36.27669],[139.14456,36.27646],[139.14942,36.27674],[139.15179,36.27744],[139.15262,36.27756],[139.154,36.27753]]},"properties":{"name":"烏川"}},
{"type":"Feature","geometry":{"type":"LineString","coordinates":[[139.06381,36.19636],[139.06385,36.19735],[139.06495,36.19843],[139.06622,36.20084],[139.06697,36.20163],[139.06751,36.20254],[139.06798,36.20394]]},"properties":{"name":"神流川"}},
{"type":"Feature","geometry":{"type":"LineString","coordinates":[[139.07244,36.33375],[139.0724,36.33356],[139.07312,36.33019],[139.07394,36.32885],[139.07661,36.32663],[139.07815,36.3251],[139.08164,36.3219],[139.08247,36.32082],[139.08351,36.31839],[139.08689,36.31344],[139.09028,36.30968],[139.09224,36.30813],[139.09291,36.30751],[139.09361,36.30658],[139.09598,36.30237],[139.09744,36.30097],[139.09843,36.30043],[139.0999,36.29982],[139.10092,36.29957],[139.11212,36.29929],[139.12737,36.29893],[139.12936,36.29902],[139.13276,36.29907],[139.13368,36.29893],[139.13505,36.29794],[139.13555,36.29704],[139.13578,36.29158],[139.13596,36.28832],[139.13619,36.28742],[139.13682,36.28654],[139.13812,36.2858],[139.14003,36.28504],[139.14053,36.28464],[139.1416,36.28429],[139.14187,36.28348],[139.14303,36.28324],[139.14462,36.28265],[139.14512,36.28229],[139.14696,36.28177],[139.1474,36.28154],[139.14863,36.28132],[139.14934,36.28077],[139.15191,36.27966],[139.15334,36.27807],[139.154,36.27753]]},"properties":{"name":"滝川"}},
{"type":"Feature","geometry":{"type":"LineString","coordinates":[[139.31921,36.2464],[139.3199,36.2465],[139.32069,36.24736],[139.32185,36.24833],[139.32341,36.24928],[139.32484,36.24985],[139.32602,36.25005],[139.32786,36.25006],[139.32837,36.24989],[139.33028,36.24883],[139.33174,36.24781],[139.33236,36.24725],[139.33347,36.24595],[139.33468,36.24379],[139.33557,36.24271],[139.33634,36.24103],[139.33705,36.24084],[139.34009,36.24119],[139.34129,36.24075]]},"properties":{"name":"早川"}},
{"type":"Feature","geometry":{"type":"LineString","coordinates":[[139.44905,36.1937],[139.46062,36.18964]]},"properties":{"name":"利根川"}},
{"type":"Feature","geometry":{"type":"LineString","coordinates":[[138.9765,36.11723],[138.9781,36.11617],[138.97916,36.11604],[138.97965,36.11618],[138.98144,36.11707],[138.98265,36.11672],[138.9843,36.11574],[138.98476,36.1156],[138.9857,36.11572],[138.98622,36.11613],[138.98745,36.11758],[138.98804,36.11739],[138.98933,36.11788],[138.98958,36.11829],[138.98984,36.1194],[138.99066,36.12052],[138.99118,36.12198],[138.99254,36.12386],[138.99398,36.12501],[138.99492,36.12543],[138.99683,36.12568],[139.00079,36.125],[139.00171,36.12518],[139.00241,36.12572],[139.00515,36.12821],[139.00664,36.12945],[139.00673,36.13006],[139.00594,36.13062],[139.00481,36.13117],[139.004,36.13173],[139.00383,36.1325],[139.00491,36.13344],[139.00584,36.13343],[139.00678,36.13316],[139.0094,36.13207],[139.01072,36.13203],[139.01357,36.13324],[139.01541,36.13414],[139.01611,36.13346],[139.01639,36.13267],[139.01677,36.13231],[139.01907,36.13121],[139.02016,36.1311],[139.02147,36.1316],[139.02265,36.13244]]},"properties":{"name":"神流川"}},
{"type":"Feature","geometry":{"type":"LineString","coordinates":[[139.37965,36.23973],[139.38289,36.2379],[139.3864,36.23623],[139.39126,36.23345],[139.39187,36.23301],[139.39621,36.23027],[139.39822,36.22875],[139.39989,36.22766],[139.40205,36.22681],[139.40469,36.22625],[139.40712,36.22558],[139.40917,36.22469],[139.41242,36.22265],[139.4157,36.21992],[139.41886,36.2175],[139.42052,36.216]]},"properties":{"name":"利根川"}},
{"type":"Feature","geometry":{"type":"LineString","coordinates":[[139.66213,36.21459],[139.66441,36.21214],[139.66755,36.20951],[139.66995,36.2077]]},"properties":{"name":"谷田川"}},
{"type":"Feature","geometry":{"type":"LineString","coordinates":[[139.30304,36.24048],[139.31236,36.23599],[139.31565,36.23522],[139.31773,36.23505],[139.32001,36.23561],[139.32658,36.23786],[139.32828,36.23805],[139.33116,36.23817],[139.33426,36.23863],[139.33731,36.23934],[139.34129,36.24075]]},"properties":{"name":"利根川"}},
{"type":"Feature","geometry":{"type":"LineString","coordinates":[[139.05641,36.18329],[139.05679,36.18368],[139.058,36.18444],[139.05983,36.18523]]},"properties":{"name":"神流川"}},
{"type":"Feature","geometry":{"type":"LineString","coordinates":[[139.06183,36.18554],[139.06324,36.18592],[139.06448,36.18727]]},"properties":{"name":"神流川"}},
{"type":"Feature","geometry":{"type":"LineString","coordinates":[[139.55763,36.17146],[139.56112,36.17232],[139.56206,36.17241],[139.56275,36.17214],[139.5647,36.16992],[139.56563,36.16966],[139.57068,36.16952],[139.57189,36.16925]]},"properties":{"name":"中川"}},
{"type":"Feature","geometry":{"type":"LineString","coordinates":[[139.49859,36.15895],[139.50073,36.1575],[139.50365,36.15623],[139.50636,36.15557],[139.50949,36.15536],[139.51115,36.15439]]},"properties":{"name":"関根落"}},
{"type":"Feature","geometry":{"type":"LineString","coordinates":[[139.60468,36.16023],[139.60719,36.15942]]},"properties":{"name":"新槐堀川"}},
{"type":"Feature","geometry":{"type":"LineString","coordinates":[[139.51115,36.15439],[139.5139,36.15274],[139.51403,36.1526],[139.51421,36.15073],[139.51467,36.14908],[139.51496,36.14737],[139.51491,36.14699],[139.51393,36.14475],[139.5139,36.14427],[139.51422,36.14258],[139.51532,36.13976],[139.51598,36.13834]]},"properties":{"name":"関根落"}},
{"type":"Feature","geometry":{"type":"LineString","coordinates":[[139.60117,36.16154],[139.6022,36.16126],[139.60327,36.1607],[139.60468,36.16023]]},"properties":{"name":"新槐堀川"}},
{"type":"Feature","geometry":{"type":"LineString","coordinates":[[139.59047,36.16513],[139.59091,36.16505],[139.5944,36.16506],[139.59529,36.16471],[139.59566,36.16414],[139.59574,36.16315],[139.59601,36.16271],[139.59677,36.16235],[139.59795,36.16208],[139.59978,36.16191],[139.60117,36.16154]]},"properties":{"name":"新槐堀川"}},
{"type":"Feature","geometry":{"type":"LineString","coordinates":[[139.57189,36.16925],[139.57346,36.16861],[139.57661,36.16713],[139.58202,36.16493]]},"properties":{"name":"中川"}},
{"type":"Feature","geometry":{"type":"LineString","coordinates":[[139.54745,36.16886],[139.55191,36.17043],[139.556,36.17126]]},"properties":{"name":"中川"}},
{"type":"Feature","geometry":{"type":"LineString","coordinates":[[139.556,36.17126],[139.55763,36.17146]]},"properties":{"name":"中川"}},
{"type":"Feature","geometry":{"type":"LineString","coordinates":[[139.4725,36.18867],[139.47271,36.18671]]},"properties":{"name":"武蔵水路"}},
{"type":"Feature","geometry":{"type":"LineString","coordinates":[[139.57361,36.15927],[139.57479,36.1591],[139.577,36.15787],[139.5778,36.15757],[139.58278,36.15707],[139.58387,36.15656],[139.58557,36.15615],[139.58746,36.15594]]},"properties":{"name":"手子堀川"}},
{"type":"Feature","geometry":{"type":"LineString","coordinates":[[139.58202,36.16493],[139.58995,36.16169]]},"properties":{"name":"中川"}},
{"type":"Feature","geometry":{"type":"LineString","coordinates":[[139.51598,36.13834],[139.51606,36.1381]]},"properties":{"name":"関根落"}},
{"type":"Feature","geometry":{"type":"LineString","coordinates":[[139.88447,35.83612],[139.88722,35.83587]]},"properties":{"name":""}},
{"type":"Feature","geometry":{"type":"LineString","coordinates":[[139.47298,36.18465],[139.47269,36.18382],[139.47316,36.18007],[139.47288,36.17838],[139.47342,36.17657],[139.47461,36.17427],[139.47473,36.17363],[139.47534,36.17237],[139.47581,36.17188],[139.4772,36.16932],[139.47832,36.16783],[139.48061,36.16547],[139.48092,36.16478]]},"properties":{"name":"見沼代用水"}},
{"type":"Feature","geometry":{"type":"LineString","coordinates":[[139.5286,36.1184],[139.52928,36.11853],[139.53008,36.11838],[139.53127,36.11722],[139.53218,36.11601],[139.53214,36.11497],[139.5307,36.11303],[139.53067,36.11191],[139.53104,36.11151],[139.5334,36.10995],[139.53738,36.10633],[139.53785,36.10561],[139.53863,36.10403],[139.5402,36.10181],[139.54312,36.09902],[139.54428,36.09806],[139.54474,36.09746],[139.54923,36.09365],[139.54963,36.0935],[139.55142,36.09341],[139.55184,36.09324],[139.55344,36.09179],[139.55425,36.09133],[139.55591,36.09075],[139.5582,36.09037],[139.55944,36.08961],[139.56082,36.08922],[139.56296,36.08927],[139.56367,36.08913],[139.56603,36.08819],[139.57334,36.08466],[139.57572,36.08307],[139.57639,36.08277],[139.57828,36.08238]]},"properties":{"name":"星川;見沼代用水"}},
{"type":"Feature","geometry":{"type":"LineString","coordinates":[[139.51179,35.9026],[139.51224,35.90199],[139.51248,35.90091],[139.51223,35.9001],[139.51057,35.89775],[139.51039,35.89691],[139.51078,35.89585],[139.51178,35.89486],[139.51733,35.89128],[139.51811,35.89046]]},"properties":{"name":"九十川"}},
{"type":"Feature","geometry":{"type":"LineString","coordinates":[[139.46097,35.86347],[139.46222,35.86453],[139.46265,35.86509],[139.46288,35.86617],[139.46273,35.86747],[139.46296,35.86823],[139.46359,35.86915],[139.46486,35.87068],[139.46598,35.87144],[139.46772,35.87209],[139.46843,35.87258],[139.46929,35.87356],[139.47072,35.87439],[139.47168,35.87566],[139.47303,35.87673],[139.47621,35.87891],[139.47681,35.87965],[139.47728,35.88327],[139.47847,35.88513],[139.47875,35.88679],[139.47924,35.88775],[139.48043,35.88893],[139.48127,35.89037],[139.48172,35.89087],[139.48314,35.89175],[139.4842,35.89228],[139.48647,35.89321],[139.49006,35.89557],[139.49192,35.8967],[139.49321,35.89729],[139.49381,35.89789],[139.49446,35.89947],[139.49496,35.89976],[139.49625,35.9001]]},"properties":{"name":"不老川"}},
{"type":"Feature","geometry":{"type":"LineString","coordinates":[[139.48092,36.16478],[139.48178,36.16296],[139.4821,36.16257],[139.48443,36.16117],[139.4847,36.16075],[139.48485,36.15811],[139.4855,36.15701],[139.49018,36.15334],[139.49116,36.15291],[139.49245,36.15281],[139.49639,36.15183],[139.49734,36.15111],[139.49879,36.14824],[139.50018,36.14677],[139.50108,36.14504],[139.50113,36.14412],[139.5007,36.14273],[139.50066,36.14204],[139.50114,36.14032]]},"properties":{"name":"見沼代用水"}},
{"type":"Feature","geometry":{"type":"LineString","coordinates":[[139.82351,35.89632],[139.82904,35.89609],[139.83112,35.89592]]},"properties":{"name":"新方川"}},
{"type":"Feature","geometry":{"type":"LineString","coordinates":[[139.59626,35.89479],[139.59678,35.89412],[139.5975,35.8927],[139.59738,35.89147],[139.59879,35.88991],[139.59945,35.88959]]},"properties":{"name":"鴨川"}},
{"type":"Feature","geometry":{"type":"LineString","coordinates":[[139.03745,36.0323],[139.03756,36.03269],[139.03894,36.03343],[139.04074,36.03378],[139.0417,36.03463],[139.04138,36.03556],[139.04068,36.0368],[139.04082,36.03743],[139.04174,36.03757],[139.04431,36.03691],[139.04601,36.03748],[139.04641,36.03793],[139.04642,36.03872],[139.04472,36.0409],[139.04352,36.04178],[139.04251,36.04283]]},"properties":{"name":"赤平川"}},
{"type":"Feature","geometry":{"type":"LineString","coordinates":[[139.52678,35.97734],[139.52856,35.97597],[139.53112,35.97334],[139.53235,35.97188]]},"properties":{"name":"荒川"}},
{"type":"Feature","geometry":{"type":"LineString","coordinates":[[139.66787,35.8954],[139.66967,35.89556],[139.67073,35.89529],[139.67335,35.89404],[139.67526,35.89394],[139.67638,35.89405],[139.68386,35.89333],[139.68649,35.89316],[139.68752,35.89324],[139.68887,35.89319],[139.69072,35.89292],[139.69516,35.89216],[139.69891,35.89141],[139.69974,35.89109],[139.70061,35.89039],[139.70117,35.88966]]},"properties":{"name":"芝川"}},
{"type":"Feature","geometry":{"type":"LineString","coordinates":[[139.85992,35.85193],[139.86027,35.84697],[139.86038,35.84663]]},"properties":{"name":"第二大場川"}},
{"type":"Feature","geometry":{"type":"LineString","coordinates":[[138.86422,36.00214],[138.86427,36.00161],[138.86485,36.00125],[138.86619,36.00121],[138.86708,36.00089],[138.86823,36.001],[138.87003,35.9999],[138.87118,35.99891],[138.87266,35.99843],[138.87337,35.99799],[138.87449,35.99791],[138.87552,35.99752],[138.87667,35.99685]]},"properties":{"name":"小森川"}},
{"type":"Feature","geometry":{"type":"LineString","coordinates":[[139.75045,35.90149],[139.75103,35.89915],[139.75021,35.8983]]},"properties":{"name":"末田落し"}},
{"type":"Feature","geometry":{"type":"LineString","coordinates":[[139.18928,36.17688],[139.18976,36.17726],[139.18983,36.17821]]},"properties":{"name":"天神川"}},
{"type":"Feature","geometry":{"type":"LineString","coordinates":[[138.96683,35.95704],[138.96815,35.9577],[138.9699,35.95816],[138.97066,35.95848],[138.97159,35.95935],[138.97317,35.95998],[138.97481,35.96109],[138.97567,35.96155],[138.97628,35.96156],[138.97809,35.96218],[138.97954,35.96222],[138.98213,35.96315],[138.98301,35.96317]]},"properties":{"name":"荒川"}},
{"type":"Feature","geometry":{"type":"LineString","coordinates":[[139.62666,35.97365],[139.62809,35.97333],[139.631,35.97334],[139.63188,35.97296],[139.63378,35.97136]]},"properties":{"name":"原市沼川"}},
{"type":"Feature","geometry":{"type":"LineString","coordinates":[[139.47372,36.10579],[139.4742,36.10505]]},"properties":{"name":"忍川"}},
{"type":"Feature","geometry":{"type":"LineString","coordinates":[[139.29325,35.97073],[139.29472,35.97021],[139.2953,35.96952],[139.29521,35.96863],[139.29541,35.96796],[139.296,35.9671],[139.2963,35.96526],[139.29659,35.96474],[139.29736,35.96438],[139.29844,35.96436],[139.30015,35.96484],[139.30216,35.96465],[139.30338,35.96424],[139.3037,35.96376],[139.30348,35.96341],[139.30348,35.9625],[139.30465,35.96158],[139.30569,35.96057],[139.30681,35.95989],[139.3092,35.95874],[139.31026,35.95797],[139.31056,35.95724],[139.31143,35.956]]},"properties":{"name":"越辺川"}},
{"type":"Feature","geometry":{"type":"LineString","coordinates":[[138.96723,36.10165],[138.96894,36.10315],[138.97038,36.10367],[138.97105,36.10411],[138.97149,36.10476],[138.97265,36.10551],[138.97395,36.10579],[138.97448,36.10605]]},"properties":{"name":"太田部川"}},
{"type":"Feature","geometry":{"type":"LineString","coordinates":[[138.9901,36.04472],[138.99045,36.04469],[138.99231,36.04502],[138.9927,36.04487],[138.99322,36.04377],[138.99448,36.04408],[138.995,36.04381],[138.99616,36.04277],[138.99727,36.0425],[138.99783,36.04267],[138.99865,36.04343],[138.99938,36.04365],[139.00085,36.0436],[139.00132,36.04371],[139.00295,36.04473],[139.00381,36.04601],[139.00377,36.04682],[139.00487,36.04839],[139.00586,36.04932]]},"properties":{"name":"吉田川"}},
{"type":"Feature","geometry":{"type":"LineString","coordinates":[[139.10299,35.9991],[139.10252,35.99944],[139.10242,36.00009],[139.10435,36.00067],[139.10494,36.00113],[139.10525,36.002]]},"properties":{"name":"横瀬川"}},
{"type":"Feature","geometry":{"type":"LineString","coordinates":[[139.52507,35.95121],[139.52801,35.9504],[139.52938,35.94959]]},"properties":{"name":"入間川"}},
{"type":"Feature","geometry":{"type":"LineString","coordinates":[[139.24977,36.06498],[139.25038,36.06462],[139.25162,36.06478]]},"properties":{"name":"兜川"}},
{"type":"Feature","geometry":{"type":"LineString","coordinates":[[139.67001,35.81208],[139.66981,35.81184],[139.66961,35.81028],[139.66975,35.80983],[139.6707,35.8085],[139.67091,35.80794],[139.67086,35.80631]]},"properties":{"name":"上戸田川"}},
{"type":"Feature","geometry":{"type":"LineString","coordinates":[[139.64067,36.14186],[139.64109,36.14156],[139.64311,36.13964],[139.64359,36.13907],[139.64452,36.13751]]},"properties":{"name":"中川"}},
{"type":"Feature","geometry":{"type":"LineString","coordinates":[[139.19106,36.10937],[139.19229,36.10876],[139.19363,36.10888],[139.19394,36.10932],[139.19568,36.11057],[139.19829,36.11204]]},"properties":{"name":"荒川"}},
{"type":"Feature","geometry":{"type":"LineString","coordinates":[[138.88531,35.99266],[138.8865,35.99235],[138.8869,35.99151],[138.88875,35.991],[138.88915,35.99076],[138.88932,35.99012],[138.89017,35.98986],[138.89073,35.99063],[138.89158,35.991],[138.89191,35.9909],[138.89181,35.98978],[138.89152,35.98876],[138.8925,35.98796],[138.89341,35.98759],[138.89509,35.98823],[138.89636,35.98796],[138.8973,35.98689],[138.89817,35.98649],[138.89982,35.98633],[138.9021,35.98559],[138.90334,35.98565],[138.90422,35.98538],[138.90564,35.98559],[138.90645,35.98548],[138.90707,35.98499],[138.90829,35.98447],[138.90828,35.98398],[138.90887,35.98345],[138.91029,35.98275],[138.91115,35.9827],[138.9115,35.98294],[138.91335,35.98217],[138.9152,35.98166],[138.91644,35.98216],[138.91763,35.98154],[138.91857,35.98165],[138.91869,35.98102],[138.91921,35.98095],[138.92008,35.98172],[138.9217,35.98201],[138.92205,35.9828],[138.923,35.98384],[138.92353,35.98358],[138.92371,35.98278],[138.92468,35.9828],[138.9245,35.98446],[138.92568,35.98612],[138.92643,35.98625],[138.92697,35.98574],[138.92844,35.9855],[138.929,35.98446],[138.93004,35.98482],[138.93137,35.98508],[138.93167,35.98414],[138.9328,35.98416],[138.93351,35.98353],[138.93378,35.98293],[138.93423,35.9829],[138.93485,35.98413],[138.93608,35.98396],[138.93698,35.98356],[138.93788,35.98336],[138.93966,35.98397],[138.94071,35.98361],[138.9424,35.98383],[138.94298,35.98366],[138.94429,35.98378],[138.94525,35.98429],[138.94673,35.98487],[138.94712,35.9854],[138.9484,35.98597],[138.94873,35.98646],[138.94927,35.98795],[138.95179,35.98858],[138.95307,35.98855],[138.95387,35.98806],[138.95523,35.98773],[138.95618,35.98856],[138.95593,35.98908],[138.95754,35.99069],[138.95839,35.99053],[138.95914,35.99017],[138.9596,35.99042],[138.95942,35.99126],[138.95972,35.99218],[138.96031,35.99276],[138.96048,35.99337],[138.96107,35.99407],[138.96282,35.99419],[138.96455,35.99456],[138.96533,35.99533],[138.96596,35.99553],[138.96687,35.99548],[138.96897,35.99564],[138.97059,35.99559],[138.97167,35.99569],[138.97263,35.99621],[138.97273,35.99681],[138.97254,35.99756],[138.97263,35.99826],[138.97402,36.00051],[138.97535,36.00104],[138.97544,36.00164],[138.97489,36.00306],[138.97603,36.00394],[138.97643,36.00443],[138.97696,36.00574],[138.97649,36.00808],[138.97552,36.00883],[138.97372,36.00882],[138.97349,36.00922],[138.97418,36.01016],[138.97465,36.01141],[138.97443,36.01223],[138.97319,36.01284],[138.97294,36.01337],[138.97383,36.01376],[138.97488,36.01336],[138.97545,36.01346],[138.97554,36.01412],[138.97513,36.01466],[138.9748,36.01568],[138.97346,36.01695]]},"properties":{"name":"小森川"}},
{"type":"Feature","geometry":{"type":"LineString","coordinates":[[139.27264,36.20718],[139.27364,36.20702],[139.2771,36.20692]]},"properties":{"name":"福川"}},
{"type":"Feature","geometry":{"type":"LineString","coordinates":[[138.84979,36.0208],[138.85062,36.02106],[138.85279,36.02093],[138.85446,36.02129],[138.85573,36.02125],[138.85677,36.02163],[138.85771,36.02258],[138.85896,36.02305],[138.85991,36.02307],[138.86048,36.02329],[138.86119,36.02407],[138.86218,36.02464],[138.86381,36.02526],[138.86455,36.02535],[138.86552,36.02512],[138.86663,36.02537],[138.86779,36.02532],[138.86796,36.02653],[138.86842,36.02663],[138.86868,36.02605],[138.86913,36.02576],[138.86975,36.02585],[138.87048,36.02566],[138.87118,36.02605],[138.87252,36.0259],[138.8735,36.02633],[138.8743,36.02598],[138.87609,36.02617],[138.87685,36.02663],[138.87824,36.027],[138.88015,36.02631],[138.88148,36.02632],[138.88308,36.02561],[138.88559,36.02487],[138.88707,36.02414],[138.88789,36.02341],[138.88982,36.02215],[138.89109,36.02147],[138.89151,36.0209],[138.89225,36.02054],[138.89397,36.0205],[138.89497,36.02007]]},"properties":{"name":"薄川"}},
{"type":"Feature","geometry":{"type":"LineString","coordinates":[[139.68284,36.20083],[139.68328,36.20031],[139.68497,36.19889]]},"properties":{"name":""}},
{"type":"Feature","geometry":{"type":"LineString","coordinates":[[139.15563,35.87507],[139.15706,35.87505],[139.15765,35.87461],[139.15885,35.87445],[139.16076,35.87503],[139.16177,35.87436],[139.16313,35.87463],[139.16415,35.875],[139.1667,35.87459],[139.16841,35.87469],[139.17004,35.87465],[139.17105,35.8739],[139.17246,35.87364],[139.17375,35.87365],[139.17367,35.87215],[139.17377,35.87164]]},"properties":{"name":"有間川"}},
{"type":"Feature","geometry":{"type":"LineString","coordinates":[[139.52035,35.98166],[139.52354,35.97968],[139.52678,35.97734]]},"properties":{"name":"荒川"}},
{"type":"Feature","geometry":{"type":"LineString","coordinates":[[139.73981,36.00887],[139.74098,36.00822],[139.74219,36.00735],[139.74282,36.00658]]},"properties":{"name":"姫宮落川"}},
{"type":"Feature","geometry":{"type":"LineString","coordinates":[[139.54057,35.9594],[139.54036,35.95792],[139.54068,35.95666],[139.54118,35.9559],[139.54298,35.95482],[139.54372,35.95396],[139.54502,35.95271]]},"properties":{"name":"荒川"}},
{"type":"Feature","geometry":{"type":"LineString","coordinates":[[139.16423,36.18052],[139.16648,36.1816],[139.16781,36.18167],[139.16948,36.18142],[139.17019,36.18165]]},"properties":{"name":"志戸川"}},
{"type":"Feature","geometry":{"type":"LineString","coordinates":[[139.84212,35.90149],[139.84213,35.90144]]},"properties":{"name":"二郷半用水"}},
{"type":"Feature","geometry":{"type":"LineString","coordinates":[[139.70345,35.91527],[139.70394,35.91417],[139.70473,35.9138],[139.70535,35.91293],[139.70613,35.91246],[139.70657,35.91162],[139.70734,35.91161],[139.70777,35.91194],[139.70868,35.91189],[139.71025,35.90992]]},"properties":{"name":"綾瀬川"}},
{"type":"Feature","geometry":{"type":"LineString","coordinates":[[138.94791,36.05397],[138.94893,36.0529],[138.95005,36.05266],[138.95045,36.05207],[138.95209,36.0515],[138.95396,36.05157],[138.9548,36.05199]]},"properties":{"name":"吉田川"}},
{"type":"Feature","geometry":{"type":"LineString","coordinates":[[139.43524,35.97723],[139.43671,35.97818],[139.43799,35.97827],[139.4393,35.97873]]},"properties":{"name":"飯盛川"}},
{"type":"Feature","geometry":{"type":"LineString","coordinates":[[139.27528,35.97423],[139.27606,35.97466],[139.27705,35.97449],[139.27799,35.97391],[139.27904,35.97356],[139.28016,35.97292],[139.28175,35.97297],[139.28359,35.97403],[139.28476,35.97412],[139.28525,35.97387],[139.28748,35.97149],[139.28883,35.97099],[139.2913,35.97099],[139.29325,35.97073]]},"properties":{"name":"越辺川"}},
{"type":"Feature","geometry":{"type":"LineString","coordinates":[[138.84006,35.90215],[138.83995,35.90267],[138.83904,35.90314],[138.83883,35.90347],[138.8396,35.90402],[138.83978,35.90502],[138.83935,35.90618]]},"properties":{"name":"滝川"}},
{"type":"Feature","geometry":{"type":"LineString","coordinates":[[139.45755,35.9456],[139.45757,35.94561]]},"properties":{"name":"小畔川"}},
{"type":"Feature","geometry":{"type":"LineString","coordinates":[[139.11251,36.167],[139.113,36.16763],[139.11327,36.16833],[139.11305,36.16926],[139.11239,36.16981],[139.11271,36.17087],[139.11272,36.17201],[139.11308,36.17269],[139.11383,36.17308],[139.1151,36.17307],[139.11624,36.17355],[139.11742,36.17521],[139.11839,36.17592],[139.11927,36.17625],[139.12037,36.17641],[139.12246,36.17649],[139.12411,36.17667],[139.12523,36.17695],[139.12717,36.17774],[139.12803,36.17827],[139.13017,36.1798],[139.13343,36.18128],[139.13452,36.18163],[139.13563,36.18182],[139.13728,36.1819],[139.14479,36.18179],[139.14857,36.18206],[139.15055,36.18238],[139.15185,36.1828],[139.15283,36.18345],[139.15342,36.18423],[139.15532,36.18789],[139.15544,36.18899],[139.15579,36.19047],[139.1564,36.19155],[139.1582,36.19343],[139.15898,36.19399],[139.16301,36.19599],[139.16416,36.19704],[139.16666,36.20008],[139.16765,36.20087],[139.17041,36.20216],[139.17117,36.20299],[139.17167,36.20433],[139.17201,36.20488],[139.17316,36.20569],[139.17433,36.20601],[139.1765,36.20619],[139.17761,36.20703],[139.17819,36.20779],[139.17907,36.20858],[139.18053,36.20934]]},"properties":{"name":"小山川"}},
{"type":"Feature","geometry":{"type":"LineString","coordinates":[[139.66733,36.0263],[139.66839,36.02506],[139.67092,36.02297],[139.67307,36.02234],[139.67568,36.02229],[139.67674,36.02177],[139.68028,36.01881],[139.6809,36.0184],[139.69039,36.01359],[139.69229,36.01216]]},"properties":{"name":"隼人堀川"}},
{"type":"Feature","geometry":{"type":"LineString","coordinates":[[139.70095,36.04516],[139.70135,36.04494],[139.70402,36.04245]]},"properties":{"name":"大落古利根川"}},
{"type":"Feature","geometry":{"type":"LineString","coordinates":[[139.10866,36.00864],[139.1095,36.00983],[139.10981,36.0118],[139.10982,36.01311]]},"properties":{"name":"横瀬川"}},
{"type":"Feature","geometry":{"type":"LineString","coordinates":[[139.60266,36.0603],[139.60302,36.06023]]},"properties":{"name":"星川"}},
{"type":"Feature","geometry":{"type":"LineString","coordinates":[[139.76544,36.07969],[139.76641,36.07915],[139.76684,36.07882],[139.7676,36.0779],[139.76775,36.07745]]},"properties":{"name":"中川"}},
{"type":"Feature","geometry":{"type":"LineString","coordinates":[[139.45939,35.94706],[139.4608,35.94911],[139.46157,35.9497],[139.46342,35.95072],[139.46465,35.95247],[139.46478,35.95314]]},"properties":{"name":"小畔川"}},
{"type":"Feature","geometry":{"type":"LineString","coordinates":[[139.68169,35.94173],[139.6822,35.94123],[139.68212,35.94056],[139.68101,35.93959],[139.68111,35.93904]]},"properties":{"name":"綾瀬川"}},
{"type":"Feature","geometry":{"type":"LineString","coordinates":[[138.87328,35.93929],[138.87577,35.93851],[138.87666,35.93885],[138.87693,35.93932],[138.87699,35.94022],[138.87736,35.94046],[138.87884,35.94029],[138.87924,35.93967],[138.88112,35.93898]]},"properties":{"name":"荒川"}},
{"type":"Feature","geometry":{"type":"LineString","coordinates":[[139.24289,36.06974],[139.24398,36.07023],[139.24479,36.07014],[139.24547,36.06951],[139.2452,36.06891],[139.24539,36.0685],[139.24658,36.06728]]},"properties":{"name":"兜川"}},
{"type":"Feature","geometry":{"type":"LineString","coordinates":[[139.18738,35.98655],[139.18826,35.98643],[139.1892,35.98588],[139.18994,35.98565],[139.1908,35.98488],[139.19199,35.9844],[139.19313,35.98447],[139.19354,35.98391],[139.19428,35.98395],[139.19494,35.98329],[139.19558,35.98318],[139.19685,35.9824],[139.19737,35.98243],[139.19903,35.98194],[139.19933,35.98201]]},"properties":{"name":""}},
{"type":"Feature","geometry":{"type":"LineString","coordinates":[[139.15268,36.26278],[139.15458,36.26317],[139.15692,36.26377],[139.1585,36.26408],[139.15932,36.26384],[139.16201,36.26168],[139.16277,36.2612],[139.16358,36.261]]},"properties":{"name":"忍保川"}},
{"type":"Feature","geometry":{"type":"LineString","coordinates":[[139.60731,36.03892],[139.60627,36.03824],[139.60618,36.03727],[139.60716,36.03662],[139.60744,36.03533]]},"properties":{"name":"野通川"}},
{"type":"Feature","geometry":{"type":"LineString","coordinates":[[139.40768,35.87027],[139.40807,35.87163],[139.40935,35.87287],[139.41214,35.87603],[139.41264,35.87614],[139.4133,35.87699]]},"properties":{"name":"入間川"}},
{"type":"Feature","geometry":{"type":"LineString","coordinates":[[139.44338,36.13161],[139.4452,36.13086],[139.44793,36.12961]]},"properties":{"name":"前谷落"}},
{"type":"Feature","geometry":{"type":"LineString","coordinates":[[139.44305,36.1635],[139.44702,36.16641],[139.45154,36.1688],[139.45223,36.16911],[139.45303,36.16904]]},"properties":{"name":"星川"}},
{"type":"Feature","geometry":{"type":"LineString","coordinates":[[139.28179,36.00436],[139.2834,36.00385],[139.28419,36.0038],[139.28532,36.00426],[139.28559,36.00504],[139.28656,36.00552],[139.28815,36.00516],[139.28967,36.00569],[139.29128,36.00535]]},"properties":{"name":"都幾川"}},
{"type":"Feature","geometry":{"type":"LineString","coordinates":[[139.43438,35.97691],[139.43524,35.97723]]},"properties":{"name":"飯盛川"}},
{"type":"Feature","geometry":{"type":"LineString","coordinates":[[139.24751,36.11133],[139.24837,36.11198],[139.24927,36.11225]]},"properties":{"name":"吉野川"}},
{"type":"Feature","geometry":{"type":"LineString","coordinates":[[139.65449,35.9943],[139.65544,35.99382],[139.65581,35.9933],[139.65601,35.99031],[139.65648,35.9887],[139.65739,35.98724],[139.65956,35.98452],[139.66068,35.98327],[139.66208,35.98203],[139.66373,35.98152],[139.66582,35.98156],[139.66724,35.98143],[139.66918,35.98089]]},"properties":{"name":"元荒川"}},
{"type":"Feature","geometry":{"type":"LineString","coordinates":[[138.85704,36.00766],[138.8575,36.00646],[138.85747,36.00562],[138.8577,36.00486],[138.85986,36.00347]]},"properties":{"name":"小森川"}},
{"type":"Feature","geometry":{"type":"LineString","coordinates":[[139.69887,36.05778],[139.69874,36.05696],[139.69923,36.05573]]},"properties":{"name":"大落古利根川"}},
{"type":"Feature","geometry":{"type":"LineString","coordinates":[[139.10771,35.97507],[139.10834,35.97611],[139.10904,35.97649],[139.11006,35.97662],[139.11005,35.97854],[139.11036,35.97894],[139.11124,35.97931],[139.1114,35.97962]]},"properties":{"name":"生川"}},
{"type":"Feature","geometry":{"type":"LineString","coordinates":[[138.96463,35.9504],[138.9637,35.95068],[138.96346,35.95152]]},"properties":{"name":"荒川"}},
{"type":"Feature","geometry":{"type":"LineString","coordinates":[[139.55505,36.07484],[139.55682,36.07392],[139.55766,36.07338],[139.56139,36.06984],[139.56223,36.06915],[139.56302,36.0687],[139.5683,36.06649],[139.57011,36.06545],[139.57063,36.06529],[139.57321,36.06491],[139.57395,36.06469],[139.5753,36.06384],[139.57609,36.06349],[139.57976,36.06259],[139.58075,36.06225],[139.58214,36.06151],[139.58385,36.06082],[139.58453,36.0603],[139.58475,36.05968],[139.58562,36.05883],[139.58651,36.05834],[139.58888,36.05747],[139.59322,36.05666],[139.5943,36.05595],[139.59509,36.0547]]},"properties":{"name":"野通川"}},
{"type":"Feature","geometry":{"type":"LineString","coordinates":[[139.02032,35.99482],[139.02268,35.9945],[139.02408,35.99395],[139.02438,35.99406],[139.02451,35.99503],[139.02564,35.99536],[139.02559,35.99585],[139.02668,35.99595],[139.02759,35.99625],[139.02779,35.99562],[139.02827,35.99547],[139.02895,35.99582],[139.0288,35.99666],[139.02904,35.99708],[139.0296,35.997],[139.03099,35.99641],[139.03151,35.99634],[139.03297,35.99567],[139.03352,35.99573]]},"properties":{"name":"般若川"}},
{"type":"Feature","geometry":{"type":"LineString","coordinates":[[139.71766,36.09855],[139.72249,36.0951],[139.72431,36.09345]]},"properties":{"name":"中川"}},
{"type":"Feature","geometry":{"type":"LineString","coordinates":[[139.01736,35.95696],[139.01824,35.95648],[139.01932,35.95667],[139.02147,35.95737],[139.02273,35.95795],[139.0247,35.95917],[139.02589,35.95956]]},"properties":{"name":"荒川"}},
{"type":"Feature","geometry":{"type":"LineString","coordinates":[[139.10982,36.2533],[139.11121,36.2553],[139.11116,36.25622],[139.11066,36.25745],[139.11011,36.25825]]},"properties":{"name":"神流川"}},
{"type":"Feature","geometry":{"type":"LineString","coordinates":[[139.74859,35.81997],[139.75116,35.81594],[139.75228,35.81472],[139.75302,35.81412],[139.75436,35.81338],[139.75599,35.81232],[139.75715,35.81184],[139.75983,35.81212],[139.76077,35.81246],[139.7617,35.81298],[139.76282,35.81386],[139.76374,35.81432],[139.76519,35.81524]]},"properties":{"name":"毛長川"}},
{"type":"Feature","geometry":{"type":"LineString","coordinates":[[139.50304,35.9596],[139.50289,35.95768],[139.50307,35.95686],[139.5042,35.95621]]},"properties":{"name":""}},
{"type":"Feature","geometry":{"type":"LineString","coordinates":[[139.77569,35.95225],[139.77507,35.94981]]},"properties":{"name":"備後川"}},
{"type":"Feature","geometry":{"type":"LineString","coordinates":[[139.15805,36.15297],[139.15931,36.15383],[139.15999,36.15462],[139.1605,36.15605],[139.16119,36.15697],[139.16111,36.15767],[139.16185,36.15887],[139.16247,36.15954],[139.16292,36.15972],[139.16777,36.1608],[139.17019,36.1606],[139.17136,36.16038],[139.17388,36.15886],[139.1756,36.15792],[139.1765,36.15761],[139.17804,36.15776]]},"properties":{"name":"天神川"}},
{"type":"Feature","geometry":{"type":"LineString","coordinates":[[139.66549,35.86216],[139.66559,35.86143]]},"properties":{"name":"藤右衛門放水路"}},
{"type":"Feature","geometry":{"type":"LineString","coordinates":[[139.60405,35.79206],[139.60408,35.79217]]},"properties":{"name":"越戸川"}},
{"type":"Feature","geometry":{"type":"LineString","coordinates":[[139.74678,35.81911],[139.74621,35.81874],[139.74505,35.81754],[139.74382,35.81645],[139.74255,35.81568]]},"properties":{"name":"毛長川放水路"}},
{"type":"Feature","geometry":{"type":"LineString","coordinates":[[139.11837,36.12609],[139.1187,36.12702],[139.12025,36.12897],[139.12177,36.12987],[139.12234,36.12984],[139.12298,36.13019],[139.12398,36.13107],[139.12565,36.13183],[139.12619,36.13228],[139.12727,36.13264],[139.12751,36.133],[139.12993,36.1336],[139.13184,36.13421],[139.13291,36.1344],[139.13361,36.13416],[139.13596,36.1326],[139.13656,36.13184],[139.13756,36.13129],[139.13816,36.13118],[139.13917,36.13033],[139.13999,36.13008],[139.14213,36.13003],[139.14269,36.12975],[139.14293,36.12915],[139.14352,36.12888],[139.14435,36.12883],[139.14575,36.12909],[139.14724,36.12976],[139.14791,36.13048],[139.14827,36.13151],[139.14805,36.133]]},"properties":{"name":"荒川"}},
{"type":"Feature","geometry":{"type":"LineString","coordinates":[[139.38267,36.04993],[139.38675,36.0491],[139.38771,36.04912],[139.38814,36.04941],[139.38996,36.05143],[139.39056,36.05181],[139.39196,36.05157],[139.39262,36.05164],[139.39305,36.05228],[139.39271,36.05368],[139.39325,36.05445],[139.39423,36.05456],[139.39467,36.05436],[139.39547,36.05348],[139.39613,36.05307],[139.39788,36.05246],[139.39943,36.05241],[139.40045,36.0517],[139.40085,36.05088],[139.40158,36.05026],[139.40514,36.04913],[139.40697,36.04783],[139.40747,36.04736],[139.40866,36.0457],[139.40947,36.04509],[139.41072,36.04493],[139.41492,36.04549],[139.41621,36.04516],[139.41708,36.04456],[139.41747,36.04356],[139.41803,36.04289],[139.41921,36.04103]]},"properties":{"name":"市野川"}},
{"type":"Feature","geometry":{"type":"LineString","coordinates":[[139.38535,36.13347],[139.38642,36.13342],[139.38778,36.1337],[139.38962,36.13292],[139.39093,36.13177],[139.39267,36.12997],[139.39313,36.12919],[139.3938,36.12704],[139.39424,36.12613],[139.39465,36.12578],[139.39765,36.12418],[139.40317,36.12183],[139.40483,36.12091],[139.40622,36.11986],[139.41032,36.11582],[139.41408,36.11399],[139.41611,36.1119],[139.41673,36.11137],[139.41739,36.11051],[139.41868,36.10964],[139.42405,36.10726],[139.4262,36.10621],[139.42891,36.10499],[139.43058,36.10396],[139.43185,36.10248],[139.43254,36.10135],[139.43277,36.10043],[139.43273,36.09611],[139.43289,36.0957],[139.43294,36.09445],[139.43283,36.09287],[139.43358,36.09133],[139.4345,36.08968],[139.43516,36.08756],[139.43594,36.08651],[139.43768,36.08473],[139.43889,36.08427],[139.44141,36.08313],[139.44312,36.08271],[139.444,36.08268],[139.44528,36.08286]]},"properties":{"name":"荒川"}},
{"type":"Feature","geometry":{"type":"LineString","coordinates":[[139.4317,35.95038],[139.43208,35.95113],[139.43281,35.95147],[139.43709,35.95227],[139.44079,35.95365],[139.4412,35.95375],[139.44264,35.95361],[139.44757,35.9544],[139.44983,35.95408],[139.45687,35.95391],[139.45902,35.95401],[139.45999,35.95453],[139.46074,35.95563],[139.46195,35.95665],[139.46218,35.95775],[139.46262,35.9582],[139.46479,35.95892],[139.46542,35.95896],[139.46564,35.9594]]},"properties":{"name":"大谷川"}},
{"type":"Feature","geometry":{"type":"LineString","coordinates":[[139.66873,35.85959],[139.66926,35.85938]]},"properties":{"name":"藤右衛門川"}},
{"type":"Feature","geometry":{"type":"LineString","coordinates":[[139.70011,35.91976],[139.70062,35.91744],[139.7016,35.91652],[139.70234,35.91614],[139.70345,35.91527]]},"properties":{"name":"綾瀬川"}},
{"type":"Feature","geometry":{"type":"LineString","coordinates":[[139.18066,36.26607],[139.18051,36.26538]]},"properties":{"name":"備前渠（備前渠川・備前渠用水路）"}},
{"type":"Feature","geometry":{"type":"LineString","coordinates":[[138.98249,36.02929],[138.98349,36.02935],[138.98405,36.02901],[138.98438,36.02796],[138.98478,36.02769],[138.98681,36.02756],[138.98837,36.02706],[138.9893,36.02651],[138.98903,36.02539],[138.98975,36.02482],[138.99031,36.02331],[138.99064,36.023],[138.99144,36.02314],[138.99256,36.02295],[138.993,36.02199],[138.99344,36.0217]]},"properties":{"name":"赤平川"}},
{"type":"Feature","geometry":{"type":"LineString","coordinates":[[139.77268,35.96787],[139.77237,35.96584],[139.77232,35.96482],[139.77248,35.96368],[139.77275,35.96298],[139.7734,35.96208],[139.77499,35.96095],[139.77683,35.95943]]},"properties":{"name":"大落古利根川"}},
{"type":"Feature","geometry":{"type":"LineString","coordinates":[[139.4105,36.05633],[139.41269,36.05467],[139.41339,36.05426]]},"properties":{"name":"滑川"}},
{"type":"Feature","geometry":{"type":"LineString","coordinates":[[139.1092,36.16268],[139.10919,36.16276]]},"properties":{"name":"間瀬川"}},
{"type":"Feature","geometry":{"type":"LineString","coordinates":[[139.76541,36.00643],[139.76572,36.00577],[139.76832,36.00208]]},"properties":{"name":"倉松川"}},
{"type":"Feature","geometry":{"type":"LineString","coordinates":[[139.79951,35.88844],[139.80042,35.88859],[139.80213,35.88932]]},"properties":{"name":"逆川"}},
{"type":"Feature","geometry":{"type":"LineString","coordinates":[[139.73109,35.78874],[139.73239,35.78887],[139.73353,35.78885],[139.73531,35.78839],[139.7372,35.78719],[139.73896,35.78547],[139.74083,35.78269]]},"properties":{"name":"荒川"}},
{"type":"Feature","geometry":{"type":"LineString","coordinates":[[139.05332,35.92571],[139.05299,35.92666]]},"properties":{"name":"大久保谷"}},
{"type":"Feature","geometry":{"type":"LineString","coordinates":[[139.517,35.92477],[139.51572,35.92434]]},"properties":{"name":"伊佐沼"}},
{"type":"Feature","geometry":{"type":"LineString","coordinates":[[139.64667,36.13338],[139.64809,36.13146],[139.64872,36.13091]]},"properties":{"name":"中川"}},
{"type":"Feature","geometry":{"type":"LineString","coordinates":[[139.43868,36.00384],[139.43905,36.00418],[139.43956,36.0054],[139.44029,36.00648],[139.4403,36.00715],[139.4397,36.00944],[139.43929,36.01135],[139.4394,36.01223],[139.44014,36.01353]]},"properties":{"name":"新江川"}},
{"type":"Feature","geometry":{"type":"LineString","coordinates":[[139.04251,36.04283],[139.04242,36.04327],[139.04307,36.04429],[139.04327,36.04609],[139.0437,36.04672],[139.04473,36.04735],[139.04585,36.04777],[139.04847,36.04801],[139.04927,36.04852],[139.04904,36.04972],[139.04907,36.05048]]},"properties":{"name":"赤平川"}},
{"type":"Feature","geometry":{"type":"LineString","coordinates":[[139.18158,36.27047],[139.18291,36.26925],[139.18393,36.26846],[139.18583,36.26736],[139.18757,36.26616],[139.19148,36.26361]]},"properties":{"name":"利根川"}},
{"type":"Feature","geometry":{"type":"LineString","coordinates":[[139.77208,36.03469],[139.7724,36.03474],[139.77339,36.03359],[139.77416,36.03217],[139.77531,36.0313]]},"properties":{"name":"神扇落"}},
{"type":"Feature","geometry":{"type":"LineString","coordinates":[[139.68333,36.13246],[139.68526,36.12661],[139.68531,36.12591],[139.68506,36.12402],[139.68543,36.12327],[139.68696,36.12233],[139.68723,36.12145],[139.68622,36.11976],[139.68472,36.11829],[139.68181,36.11495],[139.68177,36.11431],[139.68365,36.11304],[139.68923,36.10994],[139.69027,36.10905],[139.69263,36.10557],[139.69276,36.10503]]},"properties":{"name":"稲荷木落"}},
{"type":"Feature","geometry":{"type":"LineString","coordinates":[[139.57583,35.90245],[139.57766,35.90052],[139.57897,35.89934],[139.58044,35.89873],[139.58079,35.89888],[139.58372,35.89859],[139.58442,35.89865],[139.59121,35.89846],[139.59253,35.89835],[139.59323,35.89805],[139.59493,35.89669],[139.59527,35.89654]]},"properties":{"name":"新川"}},
{"type":"Feature","geometry":{"type":"LineString","coordinates":[[139.2492,36.22301],[139.25222,36.22331],[139.25507,36.22334],[139.25691,36.22348],[139.25924,36.22385]]},"properties":{"name":"小山川（備前渠）"}},
{"type":"Feature","geometry":{"type":"LineString","coordinates":[[139.11383,36.12156],[139.11363,36.12333],[139.11402,36.12361],[139.1157,36.12388],[139.11621,36.12408],[139.11692,36.12514],[139.11837,36.12609]]},"properties":{"name":"荒川"}},
{"type":"Feature","geometry":{"type":"LineString","coordinates":[[139.44396,36.02623],[139.44369,36.02564],[139.44287,36.02459],[139.44248,36.02372]]},"properties":{"name":"横見川"}},
{"type":"Feature","geometry":{"type":"LineString","coordinates":[[138.8573,35.94131],[138.85782,35.94151],[138.86038,35.94148],[138.86097,35.942],[138.86159,35.94213],[138.86342,35.9422],[138.86569,35.94157],[138.86648,35.94099],[138.86897,35.94008],[138.86984,35.93996],[138.87156,35.9394],[138.87241,35.93974],[138.87328,35.93929]]},"properties":{"name":"荒川"}},
{"type":"Feature","geometry":{"type":"LineString","coordinates":[[139.39844,35.85616],[139.39944,35.85622],[139.40039,35.85648],[139.40167,35.85728],[139.40386,35.85974],[139.40478,35.8621]]},"properties":{"name":"入間川"}},
{"type":"Feature","geometry":{"type":"LineString","coordinates":[[138.94342,36.05243],[138.94378,36.05174],[138.94507,36.05156],[138.94544,36.05081],[138.94652,36.05084],[138.94692,36.05124],[138.94697,36.05244],[138.94684,36.05349],[138.94704,36.05382],[138.94791,36.05397]]},"properties":{"name":"吉田川"}},
{"type":"Feature","geometry":{"type":"LineString","coordinates":[[139.37887,35.95931],[139.38016,35.95997],[139.38221,35.96041],[139.38364,35.96114],[139.38455,35.96181],[139.386,35.96308],[139.38613,35.96379],[139.38584,35.96462],[139.3851,35.9656],[139.38523,35.9659]]},"properties":{"name":"高麗川"}},
{"type":"Feature","geometry":{"type":"LineString","coordinates":[[138.85986,36.00347],[138.86031,36.0033],[138.86053,36.00268],[138.86125,36.00251],[138.86183,36.00303],[138.86394,36.00238]]},"properties":{"name":"小森川"}},
{"type":"Feature","geometry":{"type":"LineString","coordinates":[[139.34286,36.12302],[139.34481,36.12268]]},"properties":{"name":"和田吉野川"}},
{"type":"Feature","geometry":{"type":"LineString","coordinates":[[139.68922,35.80394],[139.69287,35.80375],[139.69695,35.80299]]},"properties":{"name":"菖蒲川"}},
{"type":"Feature","geometry":{"type":"LineString","coordinates":[[139.65878,36.03974],[139.66006,36.03905],[139.66095,36.03841],[139.66153,36.03749],[139.66197,36.03643],[139.66255,36.03562],[139.66523,36.03341],[139.66662,36.03057],[139.66683,36.02977],[139.66733,36.0263]]},"properties":{"name":"庄兵衛堀川"}},
{"type":"Feature","geometry":{"type":"LineString","coordinates":[[139.51707,35.95885],[139.51837,35.95866],[139.52046,35.95804],[139.52421,35.95736],[139.52629,35.95655],[139.52684,35.95609],[139.52773,35.95488],[139.52816,35.95394],[139.52882,35.95346],[139.52884,35.95314]]},"properties":{"name":"横塚川"}},
{"type":"Feature","geometry":{"type":"LineString","coordinates":[[139.32462,36.08561],[139.32681,36.08508],[139.32823,36.08418]]},"properties":{"name":"滑川"}},
{"type":"Feature","geometry":{"type":"LineString","coordinates":[[139.2157,35.99384],[139.21691,35.99354],[139.2181,35.99446]]},"properties":{"name":"都幾川"}},
{"type":"Feature","geometry":{"type":"LineString","coordinates":[[139.60419,35.84072],[139.60503,35.83938],[139.60767,35.83428]]},"properties":{"name":"荒川"}},
{"type":"Feature","geometry":{"type":"LineString","coordinates":[[139.02332,35.94821],[139.02415,35.94875],[139.02418,35.9493],[139.02508,35.94986]]},"properties":{"name":"安谷川"}},
{"type":"Feature","geometry":{"type":"LineString","coordinates":[[139.51657,35.92534],[139.51549,35.92499]]},"properties":{"name":"伊佐沼"}},
{"type":"Feature","geometry":{"type":"LineString","coordinates":[[139.01489,36.03967],[139.01526,36.03925]]},"properties":{"name":"吉田川"}},
{"type":"Feature","geometry":{"type":"LineString","coordinates":[[139.42874,35.97584],[139.43166,35.97611],[139.43259,35.97627],[139.43438,35.97691]]},"properties":{"name":"飯盛川"}},
{"type":"Feature","geometry":{"type":"LineString","coordinates":[[139.38067,36.21732],[139.38252,36.21739],[139.38306,36.2173],[139.38479,36.21656]]},"properties":{"name":"備前渠（備前渠川・備前渠用水路）"}},
{"type":"Feature","geometry":{"type":"LineString","coordinates":[[139.70402,36.04245],[139.70469,36.04199],[139.70812,36.04021],[139.70871,36.0396],[139.70902,36.03804]]},"properties":{"name":"大落古利根川"}},
{"type":"Feature","geometry":{"type":"LineString","coordinates":[[139.59509,36.0547],[139.5956,36.05413],[139.5958,36.0535]]},"properties":{"name":"野通川"}},
{"type":"Feature","geometry":{"type":"LineString","coordinates":[[139.39688,36.13188],[139.39778,36.13194],[139.39939,36.13117],[139.40016,36.13108]]},"properties":{"name":"元荒川"}},
{"type":"Feature","geometry":{"type":"LineString","coordinates":[[139.76872,35.85501],[139.77468,35.85188],[139.77662,35.85074],[139.77918,35.84859]]},"properties":{"name":"伝右川"}},
{"type":"Feature","geometry":{"type":"LineString","coordinates":[[139.7885,35.81946],[139.789,35.81774]]},"properties":{"name":"辰井川"}},
{"type":"Feature","geometry":{"type":"LineString","coordinates":[[139.24089,36.11837],[139.24542,36.11852],[139.24738,36.11841],[139.25074,36.11853],[139.25268,36.11922],[139.25314,36.11962]]},"properties":{"name":"荒川"}},
{"type":"Feature","geometry":{"type":"LineString","coordinates":[[139.84683,35.79638],[139.84641,35.79681]]},"properties":{"name":"垳川"}},
{"type":"Feature","geometry":{"type":"LineString","coordinates":[[139.14122,35.97746],[139.14044,35.97716],[139.13795,35.97698],[139.13716,35.97738]]},"properties":{"name":"横瀬川"}},
{"type":"Feature","geometry":{"type":"LineString","coordinates":[[138.7552,35.98879],[138.75548,35.98903],[138.75652,35.9907],[138.7574,35.99168],[138.75839,35.99195],[138.7597,35.99271],[138.75983,35.99336],[138.76048,35.99334],[138.76089,35.99364],[138.76053,35.99443]]},"properties":{"name":"中津川"}},
{"type":"Feature","geometry":{"type":"LineString","coordinates":[[139.40404,36.20434],[139.40453,36.20347],[139.40479,36.2025]]},"properties":{"name":"備前渠（備前渠川・備前渠用水路）"}},
{"type":"Feature","geometry":{"type":"LineString","coordinates":[[139.29398,36.22061],[139.29839,36.22274],[139.29987,36.22313],[139.30306,36.22312],[139.30414,36.22344],[139.30511,36.22419],[139.30558,36.22478],[139.30863,36.23011],[139.30897,36.23092],[139.31028,36.23164],[139.31126,36.23176],[139.31277,36.23171],[139.31415,36.23142],[139.31606,36.23118],[139.3211,36.22958],[139.32233,36.22943],[139.32365,36.22951],[139.32641,36.2301],[139.32772,36.23059],[139.32861,36.23109],[139.33125,36.23293],[139.33288,36.23377],[139.3341,36.23423],[139.33562,36.23507],[139.33736,36.23633],[139.3377,36.23669],[139.33898,36.23878],[139.34129,36.24075]]},"properties":{"name":"小山川"}},
{"type":"Feature","geometry":{"type":"LineString","coordinates":[[139.11296,36.10462],[139.11303,36.105]]},"properties":{"name":"荒川"}},
{"type":"Feature","geometry":{"type":"LineString","coordinates":[[139.55984,35.89918],[139.56086,35.89717],[139.56262,35.89174],[139.56328,35.88929],[139.564,35.88739],[139.56486,35.8856],[139.5661,35.88346],[139.56728,35.88205],[139.57195,35.87773],[139.5739,35.87548],[139.57468,35.87442]]},"properties":{"name":"荒川"}},
{"type":"Feature","geometry":{"type":"LineString","coordinates":[[139.78524,35.86034],[139.78654,35.86081],[139.78789,35.86079],[139.78937,35.86023]]},"properties":{"name":"綾瀬川"}},
{"type":"Feature","geometry":{"type":"LineString","coordinates":[[139.42961,35.9979],[139.43189,35.99813],[139.43246,35.99778],[139.43294,35.99695],[139.43373,35.9961],[139.43442,35.99458],[139.43455,35.99242],[139.43579,35.98997],[139.43649,35.98928],[139.43708,35.98751],[139.43758,35.98666],[139.43834,35.98573],[139.43989,35.98429],[139.44119,35.98322],[139.4424,35.9829],[139.44328,35.98234],[139.44376,35.98183],[139.44488,35.98099],[139.44538,35.98003],[139.44928,35.97893],[139.4526,35.97847],[139.45385,35.9779],[139.45461,35.97675],[139.45468,35.97621],[139.45527,35.97553],[139.45637,35.97372],[139.4572,35.97292],[139.45905,35.97154],[139.46021,35.96984],[139.46015,35.96893],[139.46039,35.96815],[139.46098,35.96759],[139.46244,35.96712],[139.46322,35.96661],[139.46335,35.965],[139.46442,35.96269],[139.46503,35.962],[139.46751,35.96073],[139.46854,35.96048],[139.4714,35.96029],[139.47374,35.96054],[139.47571,35.96048],[139.47664,35.96015],[139.47856,35.95836]]},"properties":{"name":"越辺川"}},
{"type":"Feature","geometry":{"type":"LineString","coordinates":[[139.28396,36.0145],[139.28441,36.01383],[139.28668,36.0129],[139.28773,36.01345],[139.28921,36.01291],[139.28967,36.01222],[139.29106,36.0121],[139.29148,36.01231],[139.29313,36.01359],[139.29404,36.01367],[139.29619,36.0128],[139.29768,36.01338],[139.29906,36.01338],[139.3011,36.01249],[139.30215,36.01238]]},"properties":{"name":"雀川"}},
{"type":"Feature","geometry":{"type":"LineString","coordinates":[[139.82196,35.89395],[139.82329,35.89323],[139.82496,35.89188],[139.82609,35.89144],[139.82999,35.89065],[139.83061,35.89033],[139.83708,35.88636],[139.83779,35.88597]]},"properties":{"name":"元荒川"}},
{"type":"Feature","geometry":{"type":"LineString","coordinates":[[139.43391,36.02324],[139.43492,36.02223],[139.43693,36.02042],[139.43774,36.01939],[139.43831,36.01824],[139.43885,36.01614],[139.43955,36.01527]]},"properties":{"name":"市野川"}},
{"type":"Feature","geometry":{"type":"LineString","coordinates":[[139.84181,35.90666],[139.84201,35.9043],[139.84212,35.90149]]},"properties":{"name":"二郷半領用水路"}},
{"type":"Feature","geometry":{"type":"LineString","coordinates":[[139.63098,36.00789],[139.63362,36.00724],[139.63483,36.00653],[139.63553,36.00553],[139.63625,36.00255],[139.63676,36.00019],[139.63681,35.99878],[139.63705,35.99818],[139.63798,35.99718],[139.64304,35.99457]]},"properties":{"name":"綾瀬川"}},
{"type":"Feature","geometry":{"type":"LineString","coordinates":[[139.60121,36.03676],[139.60308,36.03715],[139.60594,36.03636],[139.60744,36.03533]]},"properties":{"name":"元荒川"}},
{"type":"Feature","geometry":{"type":"LineString","coordinates":[[139.55837,35.85818],[139.56023,35.85603],[139.56072,35.85528]]},"properties":{"name":"新河岸川"}},
{"type":"Feature","geometry":{"type":"LineString","coordinates":[[139.46592,36.01557],[139.4689,36.0173],[139.47043,36.01809],[139.47409,36.0195],[139.47686,36.01976],[139.47865,36.0196]]},"properties":{"name":"市野川"}},
{"type":"Feature","geometry":{"type":"LineString","coordinates":[[139.10215,36.20969],[139.10312,36.20951],[139.10681,36.2083],[139.10943,36.20728],[139.11248,36.20734],[139.11355,36.20727],[139.11471,36.20659]]},"properties":{"name":"九郷用水"}},
{"type":"Feature","geometry":{"type":"LineString","coordinates":[[139.2186,36.18457],[139.21815,36.18556],[139.21822,36.18657],[139.21796,36.18824],[139.21823,36.18933],[139.21887,36.19017],[139.22017,36.19079],[139.22343,36.19187],[139.22419,36.19349],[139.22383,36.19512],[139.2231,36.19639],[139.22298,36.19742],[139.22184,36.19811],[139.2216,36.19855],[139.22037,36.19919],[139.21902,36.20021],[139.21787,36.20092],[139.21626,36.20132],[139.21535,36.20197],[139.21388,36.20248],[139.21229,36.2033],[139.21172,36.204],[139.21155,36.2051],[139.21245,36.20676]]},"properties":{"name":"藤治川"}},
{"type":"Feature","geometry":{"type":"LineString","coordinates":[[139.65692,35.83074],[139.65792,35.82951]]},"properties":{"name":"笹目川"}},
{"type":"Feature","geometry":{"type":"LineString","coordinates":[[139.19973,36.0545],[139.20088,36.05434],[139.20386,36.05438],[139.20537,36.05401],[139.20598,36.05346],[139.20592,36.05191],[139.20676,36.04975],[139.20754,36.04923]]},"properties":{"name":"槻川"}},
{"type":"Feature","geometry":{"type":"LineString","coordinates":[[139.79183,35.92974],[139.79656,35.92509]]},"properties":{"name":"新方川"}},
{"type":"Feature","geometry":{"type":"LineString","coordinates":[[139.09542,36.05782],[139.09446,36.05962],[139.09316,36.06129]]},"properties":{"name":"荒川"}},
{"type":"Feature","geometry":{"type":"LineString","coordinates":[[139.63531,35.85305],[139.63483,35.85301]]},"properties":{"name":"鴻沼川"}},
{"type":"Feature","geometry":{"type":"LineString","coordinates":[[139.69088,36.17525],[139.69107,36.17278],[139.69143,36.17143]]},"properties":{"name":"渡良瀬川"}},
{"type":"Feature","geometry":{"type":"LineString","coordinates":[[139.30185,35.99113],[139.30313,35.99115],[139.30429,35.9907],[139.30479,35.99029],[139.30599,35.9889],[139.30759,35.98728],[139.30825,35.98766],[139.30908,35.98746],[139.30994,35.98669],[139.31036,35.98658]]},"properties":{"name":"鳩川"}},
{"type":"Feature","geometry":{"type":"LineString","coordinates":[[139.11674,35.94466],[139.11657,35.94518],[139.11657,35.94634],[139.11777,35.94746],[139.11797,35.94795],[139.11784,35.94902],[139.11813,35.94974],[139.11817,35.95052],[139.11941,35.95195],[139.11943,35.95264],[139.11851,35.95425],[139.11811,35.95555],[139.11783,35.95587],[139.11692,35.95625],[139.11668,35.95658],[139.11693,35.95806],[139.11607,35.95854],[139.11547,35.95957],[139.11499,35.96004],[139.11344,35.96075],[139.11096,35.96213],[139.1105,35.96299],[139.1091,35.96328],[139.10817,35.96407]]},"properties":{"name":"生川"}},
{"type":"Feature","geometry":{"type":"LineString","coordinates":[[139.71114,35.84392],[139.71343,35.84278],[139.71605,35.84048],[139.71802,35.83856],[139.71979,35.83776],[139.72158,35.83664],[139.72307,35.83551]]},"properties":{"name":"芝川"}},
{"type":"Feature","geometry":{"type":"LineString","coordinates":[[139.29485,35.95281],[139.29567,35.95265],[139.29608,35.95211],[139.29766,35.95238],[139.29813,35.95348]]},"properties":{"name":"柳田川"}},
{"type":"Feature","geometry":{"type":"LineString","coordinates":[[139.51121,36.13635],[139.51333,36.13252],[139.51357,36.13184],[139.51388,36.12884],[139.51407,36.12805],[139.51499,36.12633],[139.51593,36.12568],[139.51748,36.12537],[139.51787,36.12493],[139.51954,36.12197],[139.52014,36.12101]]},"properties":{"name":"星川;見沼代用水"}},
{"type":"Feature","geometry":{"type":"LineString","coordinates":[[139.1735,36.03186],[139.17473,36.03279],[139.17547,36.03313],[139.17613,36.03368],[139.17679,36.0361],[139.17753,36.03692],[139.17736,36.0383],[139.1771,36.03883],[139.17711,36.0406],[139.17777,36.04164],[139.17795,36.04233],[139.17788,36.0431],[139.17819,36.04355],[139.17785,36.04418],[139.17843,36.04531],[139.17839,36.04627],[139.1781,36.04786]]},"properties":{"name":"槻川"}},
{"type":"Feature","geometry":{"type":"LineString","coordinates":[[139.36806,36.20001],[139.36937,36.19956],[139.37111,36.19954],[139.37162,36.19976],[139.37186,36.20029],[139.37274,36.201],[139.37346,36.20108],[139.37517,36.20057],[139.37553,36.20034],[139.37605,36.19932],[139.37742,36.19836],[139.38088,36.19736]]},"properties":{"name":"新奈良川"}},
{"type":"Feature","geometry":{"type":"LineString","coordinates":[[139.26252,36.21068],[139.26622,36.21106]]},"properties":{"name":"福川"}},
{"type":"Feature","geometry":{"type":"LineString","coordinates":[[139.36608,35.84189],[139.36665,35.84158],[139.37017,35.84113]]},"properties":{"name":"入間川"}},
{"type":"Feature","geometry":{"type":"LineString","coordinates":[[139.30758,36.13809],[139.31066,36.13828],[139.3128,36.13804],[139.31495,36.13771],[139.31748,36.13708]]},"properties":{"name":"荒川"}},
{"type":"Feature","geometry":{"type":"LineString","coordinates":[[138.82674,35.88364],[138.82743,35.88417],[138.82752,35.88493],[138.82826,35.88459],[138.82884,35.88482],[138.82959,35.8847],[138.83018,35.88543],[138.82976,35.88581],[138.83028,35.8865],[138.83144,35.8859],[138.83168,35.88633],[138.8314,35.8872],[138.8316,35.88827],[138.8322,35.8887],[138.83286,35.88872],[138.83398,35.88947],[138.83429,35.89035]]},"properties":{"name":"滝川"}},
{"type":"Feature","geometry":{"type":"LineString","coordinates":[[139.57559,36.09987],[139.57888,36.09895],[139.58206,36.09817],[139.58256,36.09824],[139.58396,36.09884],[139.58538,36.09841],[139.58668,36.09781],[139.58755,36.09722],[139.5909,36.09561],[139.59466,36.09345],[139.59795,36.09128]]},"properties":{"name":"備前堀川（備前堀大英寺落）"}},
{"type":"Feature","geometry":{"type":"LineString","coordinates":[[139.06494,35.97686],[139.06571,35.97828],[139.06537,35.97904],[139.06446,35.97976]]},"properties":{"name":"荒川"}},
{"type":"Feature","geometry":{"type":"LineString","coordinates":[[139.72966,36.06657],[139.73098,36.06522],[139.73125,36.0646],[139.73104,36.06402],[139.72859,36.06078],[139.72721,36.05745],[139.72721,36.05621],[139.72783,36.05461],[139.72832,36.05392],[139.72962,36.05255],[139.72959,36.05189],[139.72888,36.05104]]},"properties":{"name":"倉松川"}},
{"type":"Feature","geometry":{"type":"LineString","coordinates":[[139.23788,35.99985],[139.23844,36.0007],[139.23907,36.00127],[139.23917,36.00226]]},"properties":{"name":"氷川"}},
{"type":"Feature","geometry":{"type":"LineString","coordinates":[[139.60897,36.03388],[139.60887,36.03304]]},"properties":{"name":"見沼代用水"}},
{"type":"Feature","geometry":{"type":"LineString","coordinates":[[139.10451,35.98855],[139.10537,35.98972],[139.10524,35.99067],[139.10458,35.99095],[139.10327,35.99104],[139.10125,35.99095],[139.10098,35.99109]]},"properties":{"name":"横瀬川"}},
{"type":"Feature","geometry":{"type":"LineString","coordinates":[[139.78114,36.00166],[139.78123,36.00057],[139.78157,36.00003]]},"properties":{"name":"中川"}},
{"type":"Feature","geometry":{"type":"LineString","coordinates":[[139.30367,36.016],[139.30461,36.01619],[139.30639,36.01689],[139.3095,36.01754],[139.30946,36.01933],[139.3089,36.02076]]},"properties":{"name":"都幾川"}},
{"type":"Feature","geometry":{"type":"LineString","coordinates":[[139.59765,35.93636],[139.59748,35.93465],[139.59863,35.93258],[139.59907,35.93153],[139.59914,35.93033],[139.59875,35.92782],[139.59839,35.92666],[139.59795,35.92603],[139.59581,35.92347],[139.59499,35.92199]]},"properties":{"name":"鴨川"}},
{"type":"Feature","geometry":{"type":"LineString","coordinates":[[139.20813,36.16661],[139.20873,36.16709],[139.2104,36.16976],[139.21112,36.1712],[139.21232,36.17249],[139.2139,36.17595],[139.21548,36.17778],[139.21641,36.1792],[139.21708,36.18182],[139.21754,36.18283],[139.21833,36.18366],[139.2186,36.18457]]},"properties":{"name":"藤治川"}},
{"type":"Feature","geometry":{"type":"LineString","coordinates":[[139.20722,35.88707],[139.20793,35.8869],[139.20871,35.88631],[139.20873,35.8857],[139.21032,35.8847],[139.21064,35.88386],[139.21163,35.88261],[139.21277,35.88194],[139.21278,35.88078],[139.21338,35.88003],[139.21442,35.87973],[139.21539,35.87923],[139.21758,35.87899],[139.21844,35.87936],[139.21899,35.87904],[139.22004,35.87923],[139.22139,35.88068],[139.22249,35.88085],[139.22399,35.88084],[139.22432,35.88109]]},"properties":{"name":"中藤川"}},
{"type":"Feature","geometry":{"type":"LineString","coordinates":[[139.47959,36.09679],[139.47968,36.09036],[139.47974,36.08725],[139.47978,36.08476],[139.47934,36.08336]]},"properties":{"name":"武蔵水路"}},
{"type":"Feature","geometry":{"type":"LineString","coordinates":[[139.63941,36.14305],[139.64067,36.14186]]},"properties":{"name":""}},
{"type":"Feature","geometry":{"type":"LineString","coordinates":[[139.7081,36.0233],[139.70985,36.02364],[139.71285,36.02343],[139.71517,36.0229],[139.71649,36.02226],[139.7177,36.02105],[139.71891,36.02053],[139.72131,36.02003],[139.72306,36.01946],[139.72512,36.01925],[139.72671,36.01871],[139.72822,36.01661]]},"properties":{"name":"姫宮落川"}},
{"type":"Feature","geometry":{"type":"LineString","coordinates":[[139.20188,35.98314],[139.20199,35.98383],[139.20281,35.98522],[139.20279,35.98604],[139.20312,35.98659]]},"properties":{"name":"都幾川"}},
{"type":"Feature","geometry":{"type":"LineString","coordinates":[[139.23774,35.98506],[139.23805,35.98587],[139.23742,35.98684],[139.23735,35.98743],[139.23676,35.98794],[139.23633,35.98868],[139.23637,35.98974],[139.23673,35.99037],[139.23653,35.99087],[139.23597,35.99125],[139.23576,35.99204],[139.23532,35.99254],[139.23531,35.99297],[139.23582,35.9939],[139.23557,35.99476],[139.23585,35.99524],[139.23556,35.99592],[139.23627,35.99737],[139.23645,35.99839],[139.23696,35.99937],[139.23788,35.99985]]},"properties":{"name":"氷川"}},
{"type":"Feature","geometry":{"type":"LineString","coordinates":[[139.26069,36.01938],[139.26135,36.02065],[139.26205,36.02117],[139.26279,36.02127],[139.26342,36.02215],[139.26405,36.02263]]},"properties":{"name":"雀川"}},
{"type":"Feature","geometry":{"type":"LineString","coordinates":[[139.72532,35.83377],[139.72651,35.8322],[139.72695,35.8312],[139.7271,35.83044],[139.72717,35.82803],[139.72607,35.82414],[139.72602,35.82358],[139.72652,35.82249]]},"properties":{"name":"芝川"}},
{"type":"Feature","geometry":{"type":"LineString","coordinates":[[139.55109,35.88369],[139.55164,35.88362],[139.55305,35.88292],[139.55525,35.88206],[139.55771,35.88129],[139.55934,35.88085],[139.56009,35.88011],[139.56034,35.87951],[139.56028,35.87857],[139.55796,35.87589],[139.55785,35.87492],[139.55855,35.87408],[139.56081,35.87346],[139.56384,35.87199],[139.56608,35.87188],[139.56855,35.87207],[139.56879,35.87179],[139.5714,35.87084],[139.57184,35.87097]]},"properties":{"name":"びん沼川"}},
{"type":"Feature","geometry":{"type":"LineString","coordinates":[[139.13258,36.20347],[139.13333,36.20388],[139.13455,36.20528],[139.13506,36.20674]]},"properties":{"name":"女堀川"}},
{"type":"Feature","geometry":{"type":"LineString","coordinates":[[139.46075,35.94894],[139.46078,35.94898]]},"properties":{"name":"小畔川"}},
{"type":"Feature","geometry":{"type":"LineString","coordinates":[[139.72951,35.79366],[139.73349,35.79208],[139.73494,35.79162],[139.73626,35.79158],[139.73905,35.79192],[139.74051,35.79177],[139.74312,35.79064],[139.74513,35.78934],[139.74601,35.7883],[139.74633,35.78755],[139.74647,35.78662],[139.74643,35.78564]]},"properties":{"name":"芝川"}},
{"type":"Feature","geometry":{"type":"LineString","coordinates":[[139.66436,35.86859],[139.66458,35.86728],[139.66509,35.86554],[139.66494,35.86513],[139.66506,35.86397],[139.66549,35.86216]]},"properties":{"name":"藤右衛門放水路"}},
{"type":"Feature","geometry":{"type":"LineString","coordinates":[[138.83431,35.98619],[138.8357,35.98619],[138.83633,35.98602],[138.83638,35.98545],[138.83581,35.98488],[138.83624,35.98435]]},"properties":{"name":"中津川"}},
{"type":"Feature","geometry":{"type":"LineString","coordinates":[[139.27596,36.177],[139.27641,36.17822],[139.28156,36.18108],[139.28244,36.18131],[139.283,36.18217],[139.28481,36.18282],[139.28593,36.18357],[139.28803,36.18438],[139.28867,36.18494],[139.28881,36.18557],[139.28825,36.1866],[139.28852,36.1879]]},"properties":{"name":"押切川"}},
{"type":"Feature","geometry":{"type":"LineString","coordinates":[[139.67086,35.80631],[139.67727,35.80578],[139.67845,35.80571],[139.67936,35.80534],[139.68084,35.80498],[139.68317,35.80308]]},"properties":{"name":"菖蒲川"}},
{"type":"Feature","geometry":{"type":"LineString","coordinates":[[139.09584,36.07853],[139.09597,36.0792]]},"properties":{"name":"荒川"}},
{"type":"Feature","geometry":{"type":"LineString","coordinates":[[139.86664,35.88021],[139.86775,35.87801],[139.86876,35.87692],[139.86948,35.87572]]},"properties":{"name":"大場川"}},
{"type":"Feature","geometry":{"type":"LineString","coordinates":[[139.0356,36.00166],[139.03588,36.00227],[139.03566,36.00319],[139.0358,36.0037],[139.03632,36.00423],[139.03666,36.00521],[139.03736,36.00578],[139.03734,36.00649],[139.03812,36.0071],[139.0381,36.00745],[139.03749,36.0081],[139.03749,36.00901]]},"properties":{"name":"長留川"}},
{"type":"Feature","geometry":{"type":"LineString","coordinates":[[139.45056,36.14306],[139.45223,36.14395],[139.45329,36.14416],[139.45502,36.14411]]},"properties":{"name":"忍川"}},
{"type":"Feature","geometry":{"type":"LineString","coordinates":[[138.93258,35.90476],[138.93215,35.90526],[138.93046,35.90538],[138.92993,35.90625],[138.93037,35.9071],[138.93054,35.90785],[138.93094,35.90846],[138.93088,35.9089],[138.93011,35.90975]]},"properties":{"name":"大洞川"}},
{"type":"Feature","geometry":{"type":"LineString","coordinates":[[139.38152,35.98196],[139.38285,35.98228],[139.38443,35.98314],[139.38757,35.98414],[139.38854,35.98424],[139.38922,35.98405],[139.39216,35.98418],[139.39264,35.98441],[139.39469,35.98423],[139.39549,35.98465],[139.39668,35.98471]]},"properties":{"name":"越辺川"}},
{"type":"Feature","geometry":{"type":"LineString","coordinates":[[139.6939,36.04483],[139.69645,36.04382],[139.69771,36.04398],[139.69899,36.04471],[139.70095,36.04516]]},"properties":{"name":"備前前堀川"}},
{"type":"Feature","geometry":{"type":"LineString","coordinates":[[139.25924,36.22385],[139.26236,36.22447],[139.26366,36.22446],[139.26428,36.22424],[139.26681,36.22407],[139.26773,36.22424],[139.26916,36.22392],[139.27056,36.22386],[139.27252,36.22361]]},"properties":{"name":"小山川"}},
{"type":"Feature","geometry":{"type":"LineString","coordinates":[[139.1478,35.97442],[139.14703,35.97472],[139.14631,35.97551]]},"properties":{"name":"横瀬川"}},
{"type":"Feature","geometry":{"type":"LineString","coordinates":[[138.82685,35.98994],[138.82726,35.9901],[138.82796,35.98988],[138.82911,35.98875],[138.83012,35.98862],[138.83042,35.98796],[138.83026,35.98735],[138.83053,35.98702],[138.83252,35.98673],[138.83431,35.98619]]},"properties":{"name":"中津川"}},
{"type":"Feature","geometry":{"type":"LineString","coordinates":[[139.71479,36.07583],[139.71475,36.07528]]},"properties":{"name":"倉松川"}},
{"type":"Feature","geometry":{"type":"LineString","coordinates":[[138.92692,35.88068],[138.92804,35.88182],[138.92917,35.882],[138.92993,35.88248],[138.93041,35.88305],[138.93145,35.88327],[138.93117,35.8839]]},"properties":{"name":"大洞川"}},
{"type":"Feature","geometry":{"type":"LineString","coordinates":[[139.72357,35.90409],[139.72443,35.90327],[139.7274,35.90182],[139.72943,35.90054],[139.7315,35.89901],[139.73194,35.89837],[139.73209,35.89757],[139.73265,35.89604],[139.73355,35.89532],[139.73502,35.89482],[139.73602,35.89415],[139.73653,35.89281],[139.73712,35.89213],[139.73726,35.89058],[139.73962,35.88817],[139.74089,35.88751]]},"properties":{"name":"綾瀬川"}},
{"type":"Feature","geometry":{"type":"LineString","coordinates":[[139.83883,35.89799],[139.83974,35.89367],[139.83978,35.89304]]},"properties":{"name":"中川"}},
{"type":"Feature","geometry":{"type":"LineString","coordinates":[[138.88575,36.07758],[138.88749,36.07805],[138.88866,36.07806],[138.88963,36.07881],[138.89044,36.07908],[138.89105,36.07896],[138.89182,36.07968],[138.89271,36.08024],[138.89319,36.08031],[138.89434,36.07975],[138.89505,36.07991]]},"properties":{"name":"藤倉川"}},
{"type":"Feature","geometry":{"type":"LineString","coordinates":[[139.65397,36.09921],[139.65534,36.09938],[139.65645,36.09933],[139.66111,36.09778],[139.6619,36.09732],[139.66434,36.09512],[139.66472,36.09455]]},"properties":{"name":"青毛堀川"}},
{"type":"Feature","geometry":{"type":"LineString","coordinates":[[139.57438,36.13705],[139.5757,36.13635],[139.57621,36.13641],[139.57734,36.13569],[139.57848,36.1354],[139.5806,36.13451],[139.58351,36.13459],[139.58592,36.13411],[139.58805,36.13333],[139.58858,36.13296],[139.59021,36.13116],[139.59135,36.13051],[139.59226,36.12927],[139.59414,36.12839],[139.59517,36.12808],[139.59695,36.12739],[139.5998,36.12686],[139.60061,36.1269],[139.60148,36.12721],[139.60217,36.12712],[139.60313,36.12656],[139.60456,36.12612],[139.60646,36.12612],[139.60934,36.1253],[139.61277,36.12531],[139.61549,36.12439],[139.61643,36.12434],[139.61752,36.12379],[139.61929,36.12381],[139.62068,36.12406],[139.62139,36.12398]]},"properties":{"name":"会の川"}},
{"type":"Feature","geometry":{"type":"LineString","coordinates":[[139.13157,36.05684],[139.13124,36.05797],[139.13127,36.05905],[139.13103,36.06014],[139.12973,36.06079],[139.12886,36.06165],[139.12854,36.06325],[139.12876,36.06393],[139.12971,36.0649],[139.12994,36.06567],[139.12973,36.06612]]},"properties":{"name":"三沢川"}},
{"type":"Feature","geometry":{"type":"LineString","coordinates":[[139.21709,35.91443],[139.21787,35.91353],[139.21911,35.91283],[139.21994,35.91337],[139.22132,35.91395],[139.2224,35.91369],[139.22246,35.91307],[139.22216,35.91264],[139.22185,35.91141],[139.222,35.91095],[139.22291,35.90989],[139.22341,35.90975]]},"properties":{"name":"高麗川"}},
{"type":"Feature","geometry":{"type":"LineString","coordinates":[[139.70202,35.80027],[139.70149,35.79843]]},"properties":{"name":"菖蒲川"}},
{"type":"Feature","geometry":{"type":"LineString","coordinates":[[139.86532,35.85735],[139.86578,35.85734]]},"properties":{"name":"彦成川"}},
{"type":"Feature","geometry":{"type":"LineString","coordinates":[[139.64872,36.13091],[139.65182,36.12975],[139.65341,36.12848],[139.65584,36.12624],[139.65643,36.12538],[139.65742,36.12354],[139.65791,36.12312],[139.65951,36.12227],[139.66322,36.11997],[139.6648,36.11881],[139.6649,36.11826],[139.66472,36.117]]},"properties":{"name":"中川"}},
{"type":"Feature","geometry":{"type":"LineString","coordinates":[[139.26139,35.86907],[139.26298,35.86945],[139.26366,35.86999],[139.2649,35.8704],[139.26533,35.87015],[139.26614,35.86905],[139.26612,35.86803],[139.26671,35.86607],[139.2676,35.86544],[139.26932,35.86561],[139.27116,35.86503],[139.27235,35.8651],[139.27355,35.86465],[139.27445,35.86486],[139.27511,35.8656],[139.27639,35.86625],[139.27743,35.86723],[139.27819,35.86761],[139.28017,35.8691],[139.28105,35.86926],[139.28212,35.86767],[139.28412,35.86613],[139.28495,35.86522],[139.28546,35.86395],[139.28635,35.86268],[139.2877,35.86158],[139.28889,35.86104],[139.29009,35.8607],[139.29123,35.86023],[139.29177,35.85977]]},"properties":{"name":"入間川"}},
{"type":"Feature","geometry":{"type":"LineString","coordinates":[[139.11463,35.94147],[139.11545,35.94188],[139.11668,35.94389]]},"properties":{"name":"生川"}},
{"type":"Feature","geometry":{"type":"LineString","coordinates":[[139.31954,35.95571],[139.32059,35.95539],[139.32329,35.95404],[139.32444,35.95415],[139.32613,35.95467],[139.32735,35.95537],[139.32862,35.95551],[139.33042,35.9553],[139.33073,35.95503]]},"properties":{"name":"越辺川"}},
{"type":"Feature","geometry":{"type":"LineString","coordinates":[[139.6298,35.94896],[139.63061,35.94878]]},"properties":{"name":"芝川"}},
{"type":"Feature","geometry":{"type":"LineString","coordinates":[[139.20754,36.04923],[139.20848,36.04893],[139.20941,36.04829],[139.21184,36.04744],[139.21363,36.04717],[139.21645,36.04649],[139.21765,36.04609],[139.21927,36.04677],[139.22008,36.04773],[139.22164,36.0488]]},"properties":{"name":"槻川"}},
{"type":"Feature","geometry":{"type":"LineString","coordinates":[[139.19985,35.9343],[139.20061,35.93382],[139.20184,35.93371],[139.20271,35.93234],[139.20336,35.93156],[139.20388,35.93014],[139.20351,35.93],[139.20266,35.93026],[139.20225,35.92999],[139.20202,35.9288],[139.20204,35.92779],[139.20157,35.92625],[139.20145,35.92539],[139.20104,35.92509],[139.20041,35.92541],[139.19945,35.92551]]},"properties":{"name":"北川"}},
{"type":"Feature","geometry":{"type":"LineString","coordinates":[[139.6717,35.83619],[139.67047,35.83621],[139.66863,35.83599]]},"properties":{"name":"文蔵川"}},
{"type":"Feature","geometry":{"type":"LineString","coordinates":[[139.32832,36.0533],[139.32916,36.05319],[139.32965,36.0528]]},"properties":{"name":"市野川"}},
{"type":"Feature","geometry":{"type":"LineString","coordinates":[[139.65792,35.82951],[139.65831,35.82848],[139.65853,35.82576],[139.65928,35.82042],[139.65915,35.81955],[139.65615,35.81456],[139.65554,35.81254],[139.65474,35.81069],[139.65447,35.80914],[139.65396,35.80543]]},"properties":{"name":"笹目川"}},
{"type":"Feature","geometry":{"type":"LineString","coordinates":[[139.12275,36.24228],[139.12446,36.24232],[139.12464,36.24249],[139.12467,36.24536],[139.12492,36.2456],[139.12657,36.24559],[139.12728,36.24577],[139.12753,36.24613],[139.12756,36.24751],[139.1282,36.24807],[139.12973,36.24805]]},"properties":{"name":"御陣場川"}},
{"type":"Feature","geometry":{"type":"LineString","coordinates":[[139.60744,36.03533],[139.60793,36.03496],[139.60809,36.03487],[139.60916,36.03436],[139.61051,36.03374],[139.6116,36.03316],[139.61286,36.03272],[139.61451,36.03244],[139.61602,36.03171],[139.61756,36.03181],[139.61933,36.03126],[139.62144,36.03074],[139.62196,36.0304],[139.62314,36.02927],[139.62484,36.02814],[139.62573,36.02772],[139.62649,36.02772],[139.63149,36.03111],[139.63237,36.03119],[139.63361,36.03107],[139.63491,36.03125],[139.6366,36.03201],[139.63735,36.03218],[139.64042,36.03247],[139.64118,36.03233],[139.64266,36.03132],[139.64373,36.03094],[139.64616,36.03065],[139.6475,36.0301],[139.64829,36.02928],[139.64872,36.02827],[139.64903,36.02672]]},"properties":{"name":"元荒川"}},
{"type":"Feature","geometry":{"type":"LineString","coordinates":[[139.44804,36.08178],[139.4492,36.08199],[139.45038,36.08196],[139.45182,36.08177],[139.45366,36.08105]]},"properties":{"name":"和田吉野川"}},
{"type":"Feature","geometry":{"type":"LineString","coordinates":[[139.60469,36.08764],[139.60749,36.08637]]},"properties":{"name":"備前堀川"}},
{"type":"Feature","geometry":{"type":"LineString","coordinates":[[139.70618,35.82978],[139.71089,35.82841],[139.71211,35.82795],[139.71361,35.82695],[139.71445,35.82653],[139.7187,35.82537],[139.72073,35.82468]]},"properties":{"name":"竪川"}},
{"type":"Feature","geometry":{"type":"LineString","coordinates":[[139.72723,35.82199],[139.72772,35.82164],[139.72917,35.82118],[139.73409,35.82051],[139.73702,35.81998],[139.73877,35.81922],[139.7403,35.81801],[139.74255,35.81568]]},"properties":{"name":"新芝川"}},
{"type":"Feature","geometry":{"type":"LineString","coordinates":[[139.44246,35.93562],[139.4429,35.93686],[139.4438,35.93821],[139.44536,35.93887],[139.44628,35.93967],[139.44756,35.94042],[139.45002,35.94093],[139.45129,35.94128],[139.45189,35.94163],[139.45326,35.94341],[139.4544,35.94436],[139.45659,35.94523]]},"properties":{"name":"小畔川"}},
{"type":"Feature","geometry":{"type":"LineString","coordinates":[[138.96445,35.93857],[138.96492,35.93897],[138.96679,35.93972],[138.96714,35.94009],[138.96771,35.94115],[138.96779,35.94168],[138.96722,35.94346]]},"properties":{"name":"荒川"}},
{"type":"Feature","geometry":{"type":"LineString","coordinates":[[139.41134,36.09406],[139.41279,36.09499],[139.41373,36.09523],[139.41466,36.09507],[139.41618,36.0943],[139.41722,36.09315],[139.41819,36.09262],[139.41925,36.09258],[139.42108,36.09304],[139.42234,36.09319],[139.42672,36.09323]]},"properties":{"name":"和田吉野川"}},
{"type":"Feature","geometry":{"type":"LineString","coordinates":[[139.12916,36.27942],[139.13171,36.28032],[139.13308,36.28047]]},"properties":{"name":"烏川"}},
{"type":"Feature","geometry":{"type":"LineString","coordinates":[[139.75903,36.04874],[139.75939,36.04856]]},"properties":{"name":"神扇落"}},
{"type":"Feature","geometry":{"type":"LineString","coordinates":[[139.46909,36.11546],[139.47083,36.11263],[139.4713,36.11099],[139.47219,36.1093],[139.4725,36.10828],[139.47372,36.10579]]},"properties":{"name":"忍川"}},
{"type":"Feature","geometry":{"type":"LineString","coordinates":[[139.24053,36.21863],[139.25502,36.21032],[139.25567,36.21006],[139.25662,36.21002],[139.26252,36.21068]]},"properties":{"name":"福川"}},
{"type":"Feature","geometry":{"type":"LineString","coordinates":[[139.7121,36.00518],[139.71378,36.00488]]},"properties":{"name":"隼人堀川"}},
{"type":"Feature","geometry":{"type":"LineString","coordinates":[[139.83779,35.88597],[139.83783,35.88413],[139.83834,35.8824]]},"properties":{"name":"中川"}},
{"type":"Feature","geometry":{"type":"LineString","coordinates":[[139.72486,35.97287],[139.72417,35.97491],[139.72411,35.97587],[139.72461,35.97665]]},"properties":{"name":"古隅田川"}},
{"type":"Feature","geometry":{"type":"LineString","coordinates":[[139.61246,35.92463],[139.61244,35.92427],[139.61157,35.92139],[139.61151,35.91901]]},"properties":{"name":"鴻沼川"}},
{"type":"Feature","geometry":{"type":"LineString","coordinates":[[139.80431,35.91834],[139.8043,35.91789],[139.80327,35.9165],[139.80294,35.91499]]},"properties":{"name":"逆川"}},
{"type":"Feature","geometry":{"type":"LineString","coordinates":[[139.47615,36.07799],[139.47793,36.07616],[139.4785,36.07516],[139.4816,36.0718]]},"properties":{"name":""}},
{"type":"Feature","geometry":{"type":"LineString","coordinates":[[139.05758,35.96788],[139.05797,35.96909],[139.05815,35.97053],[139.05821,35.97225]]},"properties":{"name":"荒川"}},
{"type":"Feature","geometry":{"type":"LineString","coordinates":[[139.14204,36.25302],[139.14299,36.25422],[139.14365,36.25472],[139.1449,36.25504],[139.146,36.25561],[139.14769,36.25539],[139.14919,36.25536],[139.15102,36.25561],[139.15175,36.25582],[139.15237,36.25548]]},"properties":{"name":"御陣場川"}},
{"type":"Feature","geometry":{"type":"LineString","coordinates":[[139.14119,36.26822],[139.14176,36.26777],[139.14664,36.26565],[139.14781,36.26506]]},"properties":{"name":"忍保川"}},
{"type":"Feature","geometry":{"type":"LineString","coordinates":[[139.26408,36.00626],[139.26596,36.00782],[139.2664,36.00855],[139.26715,36.00835],[139.26826,36.0067],[139.2688,36.00633],[139.26962,36.00648],[139.26965,36.00721],[139.27013,36.00772],[139.27166,36.00781],[139.27261,36.00718],[139.27443,36.00536],[139.27511,36.0051],[139.27621,36.00536],[139.27643,36.00604],[139.27728,36.00707],[139.27799,36.00721],[139.27879,36.00599],[139.27896,36.00519]]},"properties":{"name":"都幾川"}},
{"type":"Feature","geometry":{"type":"LineString","coordinates":[[139.22566,36.06847],[139.22657,36.06838],[139.22767,36.06867],[139.22859,36.0684],[139.23028,36.06901],[139.2317,36.06925],[139.23252,36.07015],[139.23254,36.07096],[139.23279,36.07128],[139.23373,36.07125],[139.23458,36.07146],[139.23536,36.07126],[139.23623,36.07201],[139.23692,36.0721]]},"properties":{"name":"木部川"}},
{"type":"Feature","geometry":{"type":"LineString","coordinates":[[139.39231,35.90627],[139.39375,35.90674],[139.39579,35.90821]]},"properties":{"name":"小畔川"}},
{"type":"Feature","geometry":{"type":"LineString","coordinates":[[138.92539,35.95177],[138.92663,35.95172],[138.92666,35.95246],[138.92725,35.95401]]},"properties":{"name":"中津川"}},
{"type":"Feature","geometry":{"type":"LineString","coordinates":[[139.65293,35.83572],[139.65604,35.83174],[139.65692,35.83074]]},"properties":{"name":"笹目川"}},
{"type":"Feature","geometry":{"type":"LineString","coordinates":[[139.01365,36.04213],[139.01418,36.04086],[139.01489,36.03967]]},"properties":{"name":"吉田川"}},
{"type":"Feature","geometry":{"type":"LineString","coordinates":[[138.9385,35.95141],[138.93727,35.95043],[138.93713,35.94975],[138.93776,35.94865],[138.9375,35.94734],[138.93782,35.94688],[138.93917,35.94699],[138.94135,35.94653],[138.94221,35.94522],[138.9418,35.94419],[138.94188,35.94343],[138.94306,35.94206],[138.94414,35.94126],[138.94548,35.94089],[138.94602,35.94036],[138.94617,35.93981],[138.94569,35.93859],[138.94526,35.93816]]},"properties":{"name":"荒川"}},
{"type":"Feature","geometry":{"type":"LineString","coordinates":[[139.69163,36.06948],[139.69426,36.06644],[139.69813,36.06169],[139.69879,36.0607],[139.69906,36.05986],[139.69909,36.05894],[139.69887,36.05778]]},"properties":{"name":"青毛堀川"}},
{"type":"Feature","geometry":{"type":"LineString","coordinates":[[139.74368,36.00115],[139.74365,36.00052]]},"properties":{"name":"大落古利根川"}},
{"type":"Feature","geometry":{"type":"LineString","coordinates":[[139.40364,36.16056],[139.40476,36.16076],[139.40575,36.16047]]},"properties":{"name":"星川"}},
{"type":"Feature","geometry":{"type":"LineString","coordinates":[[139.74218,35.91011],[139.74498,35.90821]]},"properties":{"name":"末田落し"}},
{"type":"Feature","geometry":{"type":"LineString","coordinates":[[139.4511,36.01364],[139.45225,36.01335],[139.45469,36.01252],[139.45708,36.0119]]},"properties":{"name":"市野川"}},
{"type":"Feature","geometry":{"type":"LineString","coordinates":[[139.39621,35.98423],[139.39668,35.98471]]},"properties":{"name":"高麗川"}},
{"type":"Feature","geometry":{"type":"LineString","coordinates":[[139.15237,36.25548],[139.15317,36.25563],[139.15421,36.25556],[139.15484,36.25573],[139.1551,36.25636],[139.15625,36.25763],[139.15686,36.25799],[139.15883,36.25816],[139.16017,36.25894]]},"properties":{"name":"御陣場川"}},
{"type":"Feature","geometry":{"type":"LineString","coordinates":[[139.77734,35.9378],[139.77741,35.93778]]},"properties":{"name":"新方川"}},
{"type":"Feature","geometry":{"type":"LineString","coordinates":[[139.17313,36.11742],[139.175,36.11798],[139.17716,36.11837],[139.17887,36.11849],[139.1804,36.11876],[139.18082,36.11859],[139.18065,36.11796],[139.18122,36.11725],[139.18147,36.11657],[139.18159,36.11523],[139.18147,36.11418]]},"properties":{"name":"荒川"}},
{"type":"Feature","geometry":{"type":"LineString","coordinates":[[139.8842,35.80449],[139.8843,35.80245]]},"properties":{"name":"大場川"}},
{"type":"Feature","geometry":{"type":"LineString","coordinates":[[139.04661,36.00337],[139.04772,36.00426],[139.0484,36.00496],[139.04992,36.0057],[139.04995,36.00626],[139.05069,36.00674],[139.05122,36.00665],[139.05173,36.00724],[139.0519,36.0079],[139.05276,36.00803],[139.05331,36.00895],[139.05383,36.00937],[139.05453,36.01095],[139.05376,36.01171],[139.05389,36.01219],[139.05478,36.01304],[139.05513,36.01273],[139.0562,36.01305],[139.05668,36.01405],[139.05761,36.01427]]},"properties":{"name":"蒔田川"}},
{"type":"Feature","geometry":{"type":"LineString","coordinates":[[139.78259,35.99406],[139.78137,35.99087]]},"properties":{"name":"中川"}},
{"type":"Feature","geometry":{"type":"LineString","coordinates":[[139.51529,36.0729],[139.51624,36.07153],[139.51802,36.07151],[139.52,36.07112],[139.52131,36.07163],[139.5238,36.07118],[139.52501,36.07076],[139.52619,36.07064],[139.52772,36.07129],[139.52846,36.0711],[139.52981,36.07017],[139.53006,36.0698],[139.53011,36.06842],[139.53027,36.06809],[139.53152,36.06739],[139.53235,36.06734],[139.53454,36.06749],[139.53546,36.06696]]},"properties":{"name":"元荒川"}},
{"type":"Feature","geometry":{"type":"LineString","coordinates":[[139.80261,35.84917],[139.80574,35.84036],[139.80698,35.83697],[139.8076,35.83652],[139.80899,35.83597],[139.80965,35.83509],[139.81,35.83419]]},"properties":{"name":"綾瀬川"}},
{"type":"Feature","geometry":{"type":"LineString","coordinates":[[139.45576,36.12556],[139.45601,36.12491],[139.45595,36.1236],[139.4568,36.12273],[139.45742,36.12142],[139.45788,36.12099],[139.45886,36.1206],[139.4594,36.11993],[139.45963,36.11599],[139.45914,36.1136],[139.45865,36.11244],[139.45865,36.11149]]},"properties":{"name":"前谷落"}},
{"type":"Feature","geometry":{"type":"LineString","coordinates":[[139.85948,35.79567],[139.8591,35.79487]]},"properties":{"name":"下第二大場川"}},
{"type":"Feature","geometry":{"type":"LineString","coordinates":[[139.18517,36.1704],[139.1856,36.17238],[139.18556,36.17313],[139.18512,36.17443],[139.18532,36.17566],[139.1862,36.17632],[139.18736,36.17671],[139.18873,36.17669],[139.18928,36.17688]]},"properties":{"name":"天神川"}},
{"type":"Feature","geometry":{"type":"LineString","coordinates":[[139.34495,36.02501],[139.34668,36.02554],[139.34882,36.02659],[139.35108,36.02698],[139.35281,36.02749],[139.35358,36.02784],[139.35425,36.02783],[139.35574,36.02733],[139.35579,36.02698],[139.35662,36.02651],[139.35807,36.02606],[139.35892,36.02553],[139.35936,36.02484],[139.35951,36.02411],[139.36019,36.02326],[139.36044,36.02234],[139.36123,36.02081],[139.36193,36.01987],[139.3628,36.0191],[139.36339,36.01885],[139.36435,36.01802]]},"properties":{"name":"都幾川"}},
{"type":"Feature","geometry":{"type":"LineString","coordinates":[[138.96388,35.95535],[138.96433,35.95591],[138.96683,35.95704]]},"properties":{"name":"荒川"}},
{"type":"Feature","geometry":{"type":"LineString","coordinates":[[138.91829,36.0647],[138.91937,36.06427],[138.92051,36.06418],[138.92139,36.06388],[138.92223,36.06318],[138.92366,36.06282],[138.9245,36.06246],[138.92559,36.06172]]},"properties":{"name":"吉田川"}},
{"type":"Feature","geometry":{"type":"LineString","coordinates":[[139.10537,36.14375],[139.10616,36.14413],[139.10622,36.14484],[139.10666,36.14534],[139.10719,36.14667],[139.10713,36.14715],[139.10751,36.14791],[139.1076,36.14949],[139.10687,36.15103],[139.10679,36.15188],[139.10608,36.1532],[139.10616,36.15514],[139.10683,36.1566],[139.10688,36.1572]]},"properties":{"name":"間瀬川"}},
{"type":"Feature","geometry":{"type":"LineString","coordinates":[[139.59322,35.95278],[139.59411,35.95138],[139.59569,35.94967],[139.59693,35.94811],[139.59777,35.94602],[139.59921,35.94432],[139.59952,35.94371],[139.59956,35.94262]]},"properties":{"name":"鴨川"}},
{"type":"Feature","geometry":{"type":"LineString","coordinates":[[139.15706,35.97344],[139.15614,35.9736],[139.15582,35.97334],[139.15488,35.97335],[139.15419,35.97399],[139.15182,35.97475],[139.15108,35.97536],[139.15013,35.97546],[139.14961,35.97529],[139.14874,35.97456],[139.1478,35.97442]]},"properties":{"name":"横瀬川"}},
{"type":"Feature","geometry":{"type":"LineString","coordinates":[[139.75939,36.04856],[139.76014,36.04796],[139.76162,36.04602],[139.76322,36.04449],[139.76658,36.04143],[139.76764,36.03969]]},"properties":{"name":"神扇落"}},
{"type":"Feature","geometry":{"type":"LineString","coordinates":[[139.87849,35.79502],[139.87716,35.79518],[139.87633,35.79558],[139.87522,35.79649],[139.87424,35.79704],[139.87304,35.79741],[139.87185,35.79746],[139.86878,35.79698],[139.86746,35.79656],[139.86514,35.7955],[139.86388,35.7948],[139.86303,35.79477],[139.86168,35.79502],[139.86083,35.79495],[139.85959,35.79507],[139.8591,35.79487],[139.85865,35.794]]},"properties":{"name":"大場川"}},
{"type":"Feature","geometry":{"type":"LineString","coordinates":[[139.44218,36.02332],[139.44039,36.02135],[139.44023,36.02072],[139.44054,36.01737],[139.44056,36.01639],[139.4403,36.01585],[139.43955,36.01527]]},"properties":{"name":"横見川"}},
{"type":"Feature","geometry":{"type":"LineString","coordinates":[[139.63619,35.93914],[139.63745,35.93751],[139.63733,35.93584],[139.638,35.93465],[139.63739,35.93374],[139.63718,35.93308],[139.63796,35.93103],[139.63863,35.93064]]},"properties":{"name":"見沼代用水西縁"}},
{"type":"Feature","geometry":{"type":"LineString","coordinates":[[139.22833,35.85987],[139.22861,35.85954],[139.23131,35.85942],[139.23177,35.85949],[139.23355,35.86024],[139.23401,35.86078],[139.23414,35.86163],[139.23396,35.8622],[139.23421,35.86272],[139.2356,35.86401],[139.23663,35.86436],[139.23793,35.86559],[139.23689,35.86719],[139.23334,35.8696]]},"properties":{"name":"入間川"}},
{"type":"Feature","geometry":{"type":"LineString","coordinates":[[139.14146,36.03555],[139.14067,36.03608],[139.13911,36.03588],[139.13838,36.03606],[139.13785,36.0358],[139.13539,36.03569],[139.13446,36.03595],[139.13333,36.03662],[139.13306,36.03758],[139.13239,36.03884],[139.13244,36.0396],[139.13133,36.04066],[139.13079,36.04095],[139.13142,36.04157],[139.13136,36.04285],[139.13081,36.04428],[139.1308,36.04467],[139.13126,36.04565],[139.13117,36.04641],[139.13151,36.0472],[139.13236,36.04749],[139.13229,36.04843],[139.1325,36.05045],[139.13197,36.05166],[139.13042,36.05288],[139.13094,36.05391]]},"properties":{"name":"三沢川"}},
{"type":"Feature","geometry":{"type":"LineString","coordinates":[[138.93038,35.94465],[138.93256,35.94605],[138.93336,35.94679],[138.93281,35.94846],[138.93242,35.94897],[138.93258,35.95004],[138.93329,35.95105],[138.93457,35.95183],[138.93532,35.95244]]},"properties":{"name":"荒川"}},
{"type":"Feature","geometry":{"type":"LineString","coordinates":[[139.04476,36.08313],[139.04577,36.08324],[139.04636,36.08279],[139.04786,36.08303],[139.04823,36.08357],[139.05,36.08375],[139.05061,36.08355],[139.05124,36.08303],[139.05245,36.08284],[139.05357,36.08343],[139.05418,36.08397],[139.05486,36.08408],[139.0561,36.08383],[139.05699,36.08411],[139.05862,36.08403]]},"properties":{"name":"日野沢川"}},
{"type":"Feature","geometry":{"type":"LineString","coordinates":[[138.83768,35.98271],[138.83825,35.9825],[138.83967,35.98259],[138.84056,35.98178],[138.84081,35.98108]]},"properties":{"name":"中津川"}},
{"type":"Feature","geometry":{"type":"LineString","coordinates":[[139.31143,35.956],[139.31161,35.95562]]},"properties":{"name":"越辺川"}},
{"type":"Feature","geometry":{"type":"LineString","coordinates":[[139.45865,36.11149],[139.45858,36.11036],[139.45822,36.108],[139.45905,36.10783],[139.45984,36.107],[139.45929,36.10593]]},"properties":{"name":"前谷落"}},
{"type":"Feature","geometry":{"type":"LineString","coordinates":[[138.93011,35.90975],[138.92952,35.91029],[138.9296,35.91143],[138.9303,35.9127],[138.92986,35.91338],[138.92813,35.91348],[138.92789,35.91368],[138.92778,35.91485],[138.9274,35.91571],[138.92611,35.91573],[138.92579,35.91595],[138.92537,35.91691],[138.92481,35.91753],[138.92396,35.91776],[138.92333,35.91866],[138.92252,35.91909],[138.92146,35.9187],[138.92085,35.91878],[138.92065,35.91932],[138.92069,35.92009],[138.92001,35.92065],[138.91933,35.92025],[138.91845,35.92023],[138.91753,35.92073],[138.9162,35.9209]]},"properties":{"name":"大洞川"}},
{"type":"Feature","geometry":{"type":"LineString","coordinates":[[139.25346,35.97817],[139.25396,35.978],[139.2545,35.97683],[139.2546,35.97582],[139.2551,35.97547],[139.25466,35.97397],[139.2553,35.97338],[139.25582,35.97332],[139.25642,35.9728],[139.25702,35.97283],[139.25732,35.97247],[139.25839,35.97206],[139.25851,35.97148],[139.25977,35.97065],[139.26139,35.97057],[139.26216,35.97071],[139.26295,35.97045],[139.2638,35.97038],[139.26516,35.97072],[139.26626,35.97057],[139.26657,35.97028],[139.26746,35.97041],[139.26948,35.97018]]},"properties":{"name":"山入川"}},
{"type":"Feature","geometry":{"type":"LineString","coordinates":[[139.37351,36.02268],[139.37562,36.0217],[139.37726,36.02114],[139.3786,36.02033],[139.37941,36.01971],[139.3801,36.01949],[139.38142,36.01939],[139.38381,36.01959],[139.38438,36.02003],[139.38466,36.02057],[139.38616,36.02078],[139.3876,36.02062],[139.38923,36.01987],[139.38992,36.0194],[139.39066,36.01851],[139.39189,36.01805],[139.39318,36.01722],[139.3937,36.01644],[139.39379,36.0156],[139.39469,36.01516],[139.39519,36.01466]]},"properties":{"name":"都幾川"}},
{"type":"Feature","geometry":{"type":"LineString","coordinates":[[139.30329,36.13654],[139.30609,36.13776],[139.30758,36.13809]]},"properties":{"name":"荒川"}},
{"type":"Feature","geometry":{"type":"LineString","coordinates":[[138.98963,36.02003],[138.99208,36.02076],[138.99313,36.02099],[138.99344,36.0217]]},"properties":{"name":"薄川"}},
{"type":"Feature","geometry":{"type":"LineString","coordinates":[[139.28457,36.22118],[139.2859,36.22083],[139.28772,36.22008],[139.28973,36.21989],[139.29136,36.22005],[139.29398,36.22061]]},"properties":{"name":"小山川"}},
{"type":"Feature","geometry":{"type":"LineString","coordinates":[[139.45755,35.9456],[139.45757,35.94561]]},"properties":{"name":"小畔川"}},
{"type":"Feature","geometry":{"type":"LineString","coordinates":[[139.7438,35.91351],[139.74445,35.91229]]},"properties":{"name":"末田落し"}},
{"type":"Feature","geometry":{"type":"LineString","coordinates":[[139.71108,35.87586],[139.71167,35.87345],[139.71254,35.87122]]},"properties":{"name":"芝川"}},
{"type":"Feature","geometry":{"type":"LineString","coordinates":[[139.19945,35.92551],[139.19926,35.92458],[139.20012,35.92251],[139.2008,35.9221],[139.20159,35.92198]]},"properties":{"name":"高麗川"}},
{"type":"Feature","geometry":{"type":"LineString","coordinates":[[138.97346,36.01695],[138.97303,36.01736],[138.97279,36.01835],[138.97328,36.01859],[138.97498,36.01851],[138.97557,36.01859],[138.97696,36.01923],[138.97874,36.0189],[138.97943,36.01893],[138.98167,36.01941],[138.98257,36.01972],[138.98447,36.02122],[138.98564,36.02135],[138.98702,36.02112],[138.98869,36.02014],[138.98963,36.02003]]},"properties":{"name":"薄川"}},
{"type":"Feature","geometry":{"type":"LineString","coordinates":[[139.74705,35.906],[139.74776,35.90322],[139.74994,35.90354]]},"properties":{"name":"末田落し"}},
{"type":"Feature","geometry":{"type":"LineString","coordinates":[[139.82056,35.84967],[139.8209,35.84768]]},"properties":{"name":"古綾瀬川"}},
{"type":"Feature","geometry":{"type":"LineString","coordinates":[[139.16615,36.14227],[139.1671,36.14095]]},"properties":{"name":"円良田川"}},
{"type":"Feature","geometry":{"type":"LineString","coordinates":[[138.84817,35.93753],[138.84941,35.93714],[138.85162,35.93711],[138.85235,35.9373]]},"properties":{"name":"荒川"}},
{"type":"Feature","geometry":{"type":"LineString","coordinates":[[139.12141,35.97417],[139.12054,35.9731],[139.11965,35.97278],[139.11754,35.97332],[139.11685,35.97386]]},"properties":{"name":"横瀬川"}},
{"type":"Feature","geometry":{"type":"LineString","coordinates":[[139.45783,36.16802],[139.45812,36.16766],[139.45859,36.16564],[139.4592,36.165],[139.4607,36.16434],[139.46276,36.16291],[139.46373,36.16273],[139.46581,36.1632],[139.46682,36.16333]]},"properties":{"name":"星川"}},
{"type":"Feature","geometry":{"type":"LineString","coordinates":[[139.19877,36.11153],[139.19829,36.11204]]},"properties":{"name":"長久院川"}},
{"type":"Feature","geometry":{"type":"LineString","coordinates":[[139.74282,36.00658],[139.74312,36.00615],[139.74429,36.00348],[139.74452,36.00313]]},"properties":{"name":"姫宮落川"}},
{"type":"Feature","geometry":{"type":"LineString","coordinates":[[139.28918,35.95331],[139.28926,35.95316]]},"properties":{"name":"柳田川"}},
{"type":"Feature","geometry":{"type":"LineString","coordinates":[[139.40977,36.01732],[139.4101,36.01716],[139.41381,36.01632]]},"properties":{"name":"新江川"}},
{"type":"Feature","geometry":{"type":"LineString","coordinates":[[139.40482,35.86217],[139.40502,35.86242],[139.4062,35.86523],[139.40712,35.86665],[139.40745,35.86758],[139.40764,35.86922],[139.40703,35.86963],[139.40768,35.87027]]},"properties":{"name":"入間川"}},
{"type":"Feature","geometry":{"type":"LineString","coordinates":[[139.57872,36.0277],[139.58061,36.0272],[139.5815,36.02729],[139.58622,36.02623],[139.58697,36.02612],[139.5879,36.02629],[139.58786,36.02833],[139.58844,36.02895]]},"properties":{"name":"赤堀川"}},
{"type":"Feature","geometry":{"type":"LineString","coordinates":[[139.75447,35.88182],[139.75546,35.87812]]},"properties":{"name":"末田落し"}},
{"type":"Feature","geometry":{"type":"LineString","coordinates":[[139.72408,35.82244],[139.72582,35.82215],[139.72633,35.82181],[139.72686,35.82072]]},"properties":{"name":""}},
{"type":"Feature","geometry":{"type":"LineString","coordinates":[[139.64142,35.92853],[139.64163,35.92731],[139.64155,35.92453],[139.64204,35.92351],[139.64342,35.92198],[139.64384,35.92126],[139.64405,35.9203],[139.64405,35.91942],[139.64375,35.91793],[139.64374,35.91681],[139.64423,35.91564],[139.6465,35.91222],[139.64718,35.91129],[139.64824,35.90887],[139.64848,35.90811],[139.64895,35.90388],[139.6497,35.9018],[139.64982,35.90099],[139.64987,35.89835],[139.65054,35.89723],[139.65414,35.89523]]},"properties":{"name":"芝川"}},
{"type":"Feature","geometry":{"type":"LineString","coordinates":[[139.17755,36.05282],[139.1778,36.05399],[139.17781,36.05497],[139.17821,36.05572],[139.17827,36.05672]]},"properties":{"name":"槻川"}},
{"type":"Feature","geometry":{"type":"LineString","coordinates":[[139.57755,35.86888],[139.57828,35.8655],[139.57879,35.86398],[139.57943,35.86319],[139.58099,35.86236],[139.58499,35.86078],[139.58653,35.85974]]},"properties":{"name":"荒川"}},
{"type":"Feature","geometry":{"type":"LineString","coordinates":[[139.74452,36.00313],[139.74385,36.00186],[139.74368,36.00115]]},"properties":{"name":"大落古利根川"}},
{"type":"Feature","geometry":{"type":"LineString","coordinates":[[139.09043,36.16139],[139.09172,36.16122],[139.09308,36.16058],[139.09454,36.16058],[139.09529,36.1618],[139.09591,36.16226],[139.09647,36.16197],[139.09679,36.16133],[139.09738,36.161],[139.09887,36.16058]]},"properties":{"name":"稲聚川"}},
{"type":"Feature","geometry":{"type":"LineString","coordinates":[[139.08424,35.91043],[139.08349,35.91123],[139.08364,35.9121],[139.08321,35.91258],[139.08161,35.91181],[139.08101,35.91184],[139.08028,35.91263],[139.08024,35.91437],[139.0791,35.91524],[139.0785,35.91601],[139.07789,35.91627],[139.07775,35.91667],[139.07855,35.91743],[139.07865,35.91806],[139.07835,35.91831]]},"properties":{"name":"浦山川"}},
{"type":"Feature","geometry":{"type":"LineString","coordinates":[[139.57828,36.08238],[139.57903,36.08223],[139.58288,36.07958],[139.58585,36.07724],[139.59116,36.07318],[139.59267,36.07179],[139.59426,36.07087]]},"properties":{"name":"星川;見沼代用水"}},
{"type":"Feature","geometry":{"type":"LineString","coordinates":[[138.9162,35.9209],[138.91565,35.92136],[138.91551,35.92228],[138.91454,35.92322],[138.91484,35.92406],[138.91503,35.92522],[138.91453,35.92635],[138.91453,35.9267]]},"properties":{"name":"大洞川"}},
{"type":"Feature","geometry":{"type":"LineString","coordinates":[[139.15786,36.21587],[139.15825,36.21692],[139.16051,36.21875],[139.16132,36.21931]]},"properties":{"name":"女堀川"}},
{"type":"Feature","geometry":{"type":"LineString","coordinates":[[139.21826,36.22252],[139.21834,36.22347],[139.21792,36.22493],[139.2184,36.22607],[139.21928,36.22699],[139.22077,36.2278],[139.22137,36.22791],[139.22367,36.22779],[139.22449,36.22766],[139.22627,36.22774],[139.22806,36.228],[139.22969,36.228]]},"properties":{"name":"小山川"}},
{"type":"Feature","geometry":{"type":"LineString","coordinates":[[139.8209,35.84768],[139.82018,35.84597],[139.82038,35.84491],[139.82113,35.84257],[139.82113,35.8417],[139.82033,35.84062],[139.81754,35.83839],[139.81553,35.83689],[139.81452,35.83659],[139.81161,35.83623],[139.80965,35.83509]]},"properties":{"name":"古綾瀬川"}},
{"type":"Feature","geometry":{"type":"LineString","coordinates":[[139.5004,35.99742],[139.50146,35.99613],[139.50201,35.99586],[139.50285,35.99586],[139.5038,35.99609],[139.50552,35.99618]]},"properties":{"name":"市野川"}},
{"type":"Feature","geometry":{"type":"LineString","coordinates":[[139.09988,35.91222],[139.0985,35.91084],[139.09821,35.91037],[139.09738,35.90989],[139.09674,35.90975],[139.09684,35.90906],[139.09666,35.90848],[139.09548,35.90756]]},"properties":{"name":"浦山川"}},
{"type":"Feature","geometry":{"type":"LineString","coordinates":[[139.04514,35.9663],[139.04737,35.96795],[139.04817,35.96813],[139.0498,35.96887],[139.05145,35.96917],[139.05271,35.96882],[139.05335,35.96802],[139.05394,35.96654],[139.0545,35.96591],[139.05584,35.96574],[139.05636,35.96663],[139.05701,35.96715],[139.05758,35.96788]]},"properties":{"name":"荒川"}},
{"type":"Feature","geometry":{"type":"LineString","coordinates":[[138.806,36.00956],[138.8061,36.0089],[138.8074,36.00837],[138.80823,36.00847],[138.80864,36.00814],[138.80893,36.00731],[138.80976,36.00763],[138.80985,36.00674],[138.81061,36.00604],[138.81041,36.0057],[138.81123,36.00457],[138.81196,36.00491],[138.81243,36.00446],[138.81263,36.00371],[138.8139,36.0041],[138.81374,36.00344],[138.81415,36.003],[138.81498,36.00356],[138.81583,36.00323],[138.81658,36.00352],[138.81722,36.00321]]},"properties":{"name":"神流川"}},
{"type":"Feature","geometry":{"type":"LineString","coordinates":[[139.10011,36.20352],[139.10086,36.20328],[139.10196,36.20363],[139.10378,36.20351],[139.10501,36.20377],[139.10748,36.20374],[139.10889,36.20391],[139.11064,36.20376],[139.11126,36.20415],[139.11123,36.20644],[139.11471,36.20659]]},"properties":{"name":""}},
{"type":"Feature","geometry":{"type":"LineString","coordinates":[[139.29114,36.13295],[139.29345,36.13331],[139.29637,36.1341],[139.29706,36.13434]]},"properties":{"name":"荒川"}},
{"type":"Feature","geometry":{"type":"LineString","coordinates":[[139.17326,35.89476],[139.1742,35.89464],[139.17531,35.89551],[139.17598,35.89537],[139.17612,35.89459],[139.17656,35.89434],[139.17638,35.89321],[139.17757,35.89249],[139.17749,35.89177],[139.17647,35.89108],[139.17655,35.8904],[139.1783,35.88948],[139.17991,35.88723],[139.18061,35.88701],[139.18171,35.88642],[139.18225,35.88518]]},"properties":{"name":"入間川"}},
{"type":"Feature","geometry":{"type":"LineString","coordinates":[[139.77745,35.81061],[139.78017,35.80768]]},"properties":{"name":"毛長川"}},
{"type":"Feature","geometry":{"type":"LineString","coordinates":[[139.03059,35.98709],[139.03061,35.98754],[139.03006,35.98781],[139.03057,35.98893]]},"properties":{"name":"長留川"}},
{"type":"Feature","geometry":{"type":"LineString","coordinates":[[138.93131,35.8998],[138.93112,35.90128],[138.93121,35.902],[138.93017,35.90279],[138.93024,35.9034],[138.93162,35.90418],[138.93239,35.90439],[138.93258,35.90476]]},"properties":{"name":"大洞川"}},
{"type":"Feature","geometry":{"type":"LineString","coordinates":[[139.60752,36.04159],[139.60787,36.04021],[139.60943,36.03655],[139.60962,36.03594],[139.60936,36.03493]]},"properties":{"name":"見沼代用水"}},
{"type":"Feature","geometry":{"type":"LineString","coordinates":[[139.7502,35.94238],[139.75921,35.93566],[139.75996,35.93555]]},"properties":{"name":"新方川"}},
{"type":"Feature","geometry":{"type":"LineString","coordinates":[[139.15812,36.11943],[139.15901,36.11843],[139.16031,36.11733],[139.16188,36.11583],[139.16405,36.11523],[139.16499,36.11522],[139.16829,36.11587],[139.16902,36.11635],[139.17031,36.11657],[139.17092,36.11682],[139.17217,36.11695],[139.17313,36.11742]]},"properties":{"name":"荒川"}},
{"type":"Feature","geometry":{"type":"LineString","coordinates":[[139.07202,36.00312],[139.07399,36.00346],[139.07531,36.00356],[139.0763,36.00393],[139.07668,36.00492],[139.07648,36.00646],[139.07652,36.00704],[139.07694,36.00841]]},"properties":{"name":"荒川"}},
{"type":"Feature","geometry":{"type":"LineString","coordinates":[[139.42079,35.91879],[139.42088,35.91915],[139.42265,35.92219],[139.42316,35.92413],[139.4236,35.92466],[139.4269,35.92545],[139.428,35.92591],[139.43117,35.928],[139.43172,35.9282],[139.43326,35.92841],[139.43399,35.92864],[139.43505,35.9301]]},"properties":{"name":"小畔川"}},
{"type":"Feature","geometry":{"type":"LineString","coordinates":[[139.05234,35.95347],[139.05292,35.95521],[139.05304,35.95657],[139.05302,35.9583],[139.05176,35.95976],[139.05154,35.96026],[139.05181,35.96081],[139.05288,35.96099],[139.05352,35.96133],[139.05302,35.96271],[139.05326,35.96307],[139.05398,35.96285],[139.0543,35.96231],[139.05492,35.96224],[139.056,35.96267],[139.05678,35.96321]]},"properties":{"name":"浦山川"}},
{"type":"Feature","geometry":{"type":"LineString","coordinates":[[139.5101,36.19263],[139.51255,36.19195],[139.51595,36.1917],[139.51908,36.19184],[139.52112,36.19199],[139.52568,36.19133],[139.52646,36.19117],[139.52878,36.19117],[139.52993,36.19127],[139.53218,36.19167],[139.53584,36.19301],[139.53776,36.19366],[139.54024,36.19513],[139.54268,36.19647],[139.5461,36.19808],[139.55046,36.19981],[139.55444,36.20079],[139.55729,36.20117],[139.55938,36.2013],[139.56831,36.20212],[139.57163,36.20301],[139.57625,36.20533],[139.58103,36.20873],[139.58277,36.20975],[139.58504,36.21051],[139.58795,36.21063],[139.59,36.21049],[139.59347,36.20958],[139.59547,36.20883],[139.59869,36.20722],[139.60086,36.20559],[139.61605,36.19171],[139.6209,36.18863],[139.62267,36.18745]]},"properties":{"name":"利根川"}},
{"type":"Feature","geometry":{"type":"LineString","coordinates":[[139.162,35.96193],[139.16155,35.96278],[139.16185,35.96403],[139.16213,35.96461],[139.16195,35.96525],[139.162,35.96613],[139.16137,35.96793],[139.16177,35.9696],[139.16096,35.96992],[139.16025,35.97117],[139.1593,35.97172],[139.15926,35.97248],[139.15892,35.97312],[139.15773,35.97284],[139.15706,35.97344]]},"properties":{"name":"横瀬川"}},
{"type":"Feature","geometry":{"type":"LineString","coordinates":[[139.77693,36.0313],[139.77775,36.03085],[139.77942,36.03028],[139.77985,36.02989]]},"properties":{"name":"中川"}},
{"type":"Feature","geometry":{"type":"LineString","coordinates":[[139.36554,36.20193],[139.36694,36.2015],[139.36733,36.20118],[139.36806,36.20001]]},"properties":{"name":"新奈良川"}},
{"type":"Feature","geometry":{"type":"LineString","coordinates":[[139.46126,36.04909],[139.46141,36.04697],[139.46119,36.04251],[139.46121,36.03668],[139.46129,36.03594],[139.46178,36.03402],[139.46214,36.03329]]},"properties":{"name":"台山排水路"}},
{"type":"Feature","geometry":{"type":"LineString","coordinates":[[139.6189,35.80954],[139.61994,35.80896],[139.62167,35.80782],[139.62363,35.80708],[139.62525,35.80619],[139.62697,35.80507],[139.63166,35.80256],[139.63603,35.80043],[139.64071,35.79833],[139.64156,35.7979]]},"properties":{"name":"新河岸川"}},
{"type":"Feature","geometry":{"type":"LineString","coordinates":[[138.81904,36.00045],[138.82004,36.00027],[138.81981,35.99949],[138.81987,35.99892],[138.82043,35.99883],[138.82141,35.99919],[138.82275,36.00015],[138.82283,36.00113],[138.82306,36.00145],[138.82497,36.00104],[138.82521,36.00125]]},"properties":{"name":"中津川"}},
{"type":"Feature","geometry":{"type":"LineString","coordinates":[[139.4668,36.06949],[139.46689,36.06764],[139.46772,36.06663],[139.46932,36.06535],[139.46985,36.06461],[139.47067,36.06282],[139.47131,36.06173],[139.47229,36.06074],[139.47373,36.06],[139.47478,36.0598],[139.4762,36.06007],[139.47962,36.05967],[139.48237,36.0592],[139.48338,36.05896],[139.48837,36.05743],[139.48992,36.05687],[139.49161,36.05597]]},"properties":{"name":"荒川"}},
{"type":"Feature","geometry":{"type":"LineString","coordinates":[[139.55904,36.0182],[139.55908,36.01817]]},"properties":{"name":"高野戸川"}},
{"type":"Feature","geometry":{"type":"LineString","coordinates":[[139.76718,35.87126],[139.76655,35.87047],[139.76713,35.87],[139.77068,35.86619],[139.77133,35.86569],[139.77222,35.86382],[139.77173,35.86352]]},"properties":{"name":"七左ェ門川"}},
{"type":"Feature","geometry":{"type":"LineString","coordinates":[[139.61725,35.77025],[139.61816,35.77008],[139.61865,35.76973],[139.62046,35.77025],[139.62086,35.77123],[139.62136,35.772],[139.62216,35.77227],[139.62272,35.77291],[139.62379,35.77329],[139.62429,35.77505],[139.62442,35.77673],[139.62438,35.77832],[139.62461,35.77905],[139.62444,35.78086],[139.62584,35.7822]]},"properties":{"name":"白子川"}},
{"type":"Feature","geometry":{"type":"LineString","coordinates":[[139.3363,35.98372],[139.33633,35.98356],[139.33835,35.98062],[139.33888,35.98037],[139.34093,35.98077],[139.34183,35.98029],[139.34298,35.97883],[139.34351,35.97729],[139.343,35.97559],[139.34315,35.97514],[139.34504,35.97307],[139.34579,35.97294],[139.34689,35.97313],[139.34762,35.97352],[139.34816,35.97449],[139.34889,35.97453],[139.34972,35.97423]]},"properties":{"name":"鳩川"}},
{"type":"Feature","geometry":{"type":"LineString","coordinates":[[139.60752,36.04159],[139.61235,36.04198]]},"properties":{"name":"隼人堀川"}},
{"type":"Feature","geometry":{"type":"LineString","coordinates":[[139.18463,36.06449],[139.18523,36.0641],[139.18614,36.06305],[139.18659,36.06273],[139.18715,36.06141],[139.18767,36.06072],[139.18863,36.06007],[139.18948,36.06023],[139.19028,36.06102],[139.19074,36.06124],[139.19307,36.06069],[139.19389,36.06035],[139.19477,36.05874],[139.19602,36.05674],[139.19698,36.05563],[139.19973,36.0545]]},"properties":{"name":"槻川"}},
{"type":"Feature","geometry":{"type":"LineString","coordinates":[[139.54144,35.93581],[139.53986,35.93431],[139.5395,35.93186],[139.53956,35.93026],[139.54001,35.9289],[139.54043,35.92598],[139.54045,35.92508],[139.5418,35.92105],[139.54484,35.91372],[139.5464,35.90984],[139.54673,35.90879]]},"properties":{"name":"荒川"}},
{"type":"Feature","geometry":{"type":"LineString","coordinates":[[138.87667,35.99685],[138.87755,35.99683],[138.87837,35.99658]]},"properties":{"name":"小森川"}},
{"type":"Feature","geometry":{"type":"LineString","coordinates":[[139.09597,36.0792],[139.09635,36.07974],[139.09693,36.08005]]},"properties":{"name":"荒川"}},
{"type":"Feature","geometry":{"type":"LineString","coordinates":[[139.76252,35.98357],[139.76301,35.98349],[139.76523,35.98261],[139.76605,35.98247],[139.76798,35.98245],[139.7692,35.98229],[139.77035,35.98186]]},"properties":{"name":"大落古利根川"}},
{"type":"Feature","geometry":{"type":"LineString","coordinates":[[139.15765,36.21529],[139.15786,36.21587]]},"properties":{"name":"女堀川"}},
{"type":"Feature","geometry":{"type":"LineString","coordinates":[[139.56728,35.95058],[139.56762,35.95006],[139.5685,35.94938],[139.57006,35.94841],[139.57161,35.94649],[139.57247,35.94555],[139.57313,35.94521],[139.57401,35.94402],[139.5749,35.94323],[139.57573,35.94304],[139.57983,35.94323],[139.58105,35.94377]]},"properties":{"name":"浅間川"}},
{"type":"Feature","geometry":{"type":"LineString","coordinates":[[139.27252,36.22361],[139.2733,36.22354],[139.27692,36.22367],[139.27965,36.22313]]},"properties":{"name":"小山川"}},
{"type":"Feature","geometry":{"type":"LineString","coordinates":[[139.48421,35.98576],[139.48462,35.98565],[139.48616,35.98406]]},"properties":{"name":"安藤川"}},
{"type":"Feature","geometry":{"type":"LineString","coordinates":[[139.09883,36.05033],[139.09878,36.0514],[139.09905,36.05248],[139.09897,36.05385],[139.09828,36.05494],[139.09796,36.05578],[139.09739,36.05637],[139.09542,36.05782]]},"properties":{"name":"荒川"}},
{"type":"Feature","geometry":{"type":"LineString","coordinates":[[139.57468,35.87442],[139.57528,35.87363],[139.5761,35.8721]]},"properties":{"name":"荒川"}},
{"type":"Feature","geometry":{"type":"LineString","coordinates":[[139.18022,36.07069],[139.18043,36.07043],[139.17995,36.06967],[139.17985,36.06908],[139.18046,36.06844],[139.18122,36.06826],[139.18209,36.06763],[139.18266,36.06674],[139.18357,36.06582],[139.18358,36.06551],[139.18463,36.06449]]},"properties":{"name":"大内沢川"}},
{"type":"Feature","geometry":{"type":"LineString","coordinates":[[139.51872,36.12053],[139.51913,36.11837]]},"properties":{"name":"長野落"}},
{"type":"Feature","geometry":{"type":"LineString","coordinates":[[139.64325,36.13459],[139.64555,36.13413],[139.64667,36.13338]]},"properties":{"name":"午の堀川"}},
{"type":"Feature","geometry":{"type":"LineString","coordinates":[[139.154,36.27753],[139.15869,36.27698],[139.15927,36.27674],[139.16261,36.27404],[139.16349,36.27374],[139.1644,36.2737],[139.16766,36.27392]]},"properties":{"name":"滝川"}},
{"type":"Feature","geometry":{"type":"LineString","coordinates":[[139.50642,35.94233],[139.50686,35.9399],[139.50756,35.93846],[139.50767,35.93772],[139.50816,35.93708],[139.50837,35.93576],[139.50906,35.93454],[139.51062,35.93349]]},"properties":{"name":"九十川"}},
{"type":"Feature","geometry":{"type":"LineString","coordinates":[[139.40575,36.16047],[139.40794,36.15958],[139.4083,36.15893],[139.40845,36.15796],[139.41052,36.15694],[139.41076,36.15695],[139.41278,36.15849],[139.41317,36.15935],[139.41324,36.15998],[139.41399,36.16039],[139.41476,36.16006],[139.4155,36.16001],[139.41756,36.15892],[139.41785,36.15825],[139.41723,36.15774],[139.41674,36.15642],[139.41761,36.15602]]},"properties":{"name":"星川"}},
{"type":"Feature","geometry":{"type":"LineString","coordinates":[[139.45843,35.94615],[139.45891,35.94657]]},"properties":{"name":"小畔川"}},
{"type":"Feature","geometry":{"type":"LineString","coordinates":[[139.20406,36.11629],[139.20473,36.11777],[139.20533,36.11838],[139.20642,36.1203],[139.20684,36.12077]]},"properties":{"name":"荒川"}},
{"type":"Feature","geometry":{"type":"LineString","coordinates":[[139.6122,35.81292],[139.61434,35.81268],[139.61639,35.81177]]},"properties":{"name":"新河岸川"}},
{"type":"Feature","geometry":{"type":"LineString","coordinates":[[139.29128,36.00535],[139.292,36.00536],[139.29238,36.00565],[139.29212,36.00641],[139.29225,36.00681],[139.29307,36.00768],[139.2944,36.00801],[139.29503,36.00863],[139.29405,36.00899],[139.29425,36.00942],[139.29515,36.00983],[139.29766,36.01046],[139.29912,36.01064],[139.30044,36.01064],[139.30153,36.01116]]},"properties":{"name":"都幾川"}},
{"type":"Feature","geometry":{"type":"LineString","coordinates":[[139.7791,35.95799],[139.78172,35.95697],[139.78438,35.95606]]},"properties":{"name":"大落古利根川"}},
{"type":"Feature","geometry":{"type":"LineString","coordinates":[[139.17458,36.01571],[139.17362,36.01629],[139.17351,36.01692],[139.17259,36.01731]]},"properties":{"name":"槻川"}},
{"type":"Feature","geometry":{"type":"LineString","coordinates":[[139.35792,35.83364],[139.3584,35.83466],[139.35939,35.8353],[139.36066,35.83565],[139.36204,35.83701],[139.362,35.83794],[139.36306,35.83867],[139.36311,35.83912],[139.36373,35.83932]]},"properties":{"name":"前堀川"}},
{"type":"Feature","geometry":{"type":"LineString","coordinates":[[139.61877,36.07119],[139.61896,36.07098]]},"properties":{"name":""}},
{"type":"Feature","geometry":{"type":"LineString","coordinates":[[139.58995,36.16169],[139.59727,36.15872]]},"properties":{"name":"中川"}},
{"type":"Feature","geometry":{"type":"LineString","coordinates":[[138.98301,35.96317],[138.98371,35.96313],[138.98521,35.96207],[138.98587,35.96181],[138.98777,35.96164],[138.98815,35.96173],[138.98976,35.96152],[138.99088,35.96119],[138.99246,35.9605],[138.99309,35.9606],[138.994,35.9603],[138.99516,35.96058],[138.99612,35.96134],[138.99846,35.96157],[138.99977,35.96149],[139.00038,35.96131],[139.00094,35.96054],[139.00147,35.96043],[139.00211,35.95996],[139.00275,35.959],[139.00414,35.95858],[139.00469,35.95756],[139.00535,35.95729],[139.0081,35.95682],[139.01013,35.95692],[139.01085,35.95747],[139.01085,35.95832],[139.01119,35.95869],[139.01302,35.95849],[139.01419,35.95785],[139.01536,35.95754],[139.0162,35.95753],[139.01736,35.95696]]},"properties":{"name":"荒川"}},
{"type":"Feature","geometry":{"type":"LineString","coordinates":[[139.18454,35.87077],[139.1852,35.86889],[139.18667,35.86624],[139.18776,35.86473],[139.18761,35.86425],[139.18706,35.86382],[139.18804,35.8617],[139.18856,35.86033]]},"properties":{"name":"入間川"}},
{"type":"Feature","geometry":{"type":"LineString","coordinates":[[139.16889,36.25331],[139.17033,36.25346],[139.17135,36.25336],[139.17335,36.25226],[139.17547,36.25139],[139.17542,36.25051],[139.17572,36.24999],[139.17648,36.24951],[139.17826,36.24806]]},"properties":{"name":"元小山川"}},
{"type":"Feature","geometry":{"type":"LineString","coordinates":[[139.45433,36.12668],[139.45535,36.12616],[139.45576,36.12556]]},"properties":{"name":"前谷落"}},
{"type":"Feature","geometry":{"type":"LineString","coordinates":[[139.36002,35.84181],[139.36083,35.84226],[139.36246,35.84284],[139.36298,35.84282],[139.36423,35.84255],[139.36608,35.84189]]},"properties":{"name":"入間川"}},
{"type":"Feature","geometry":{"type":"LineString","coordinates":[[139.17807,36.01239],[139.178,36.01355]]},"properties":{"name":"槻川"}},
{"type":"Feature","geometry":{"type":"LineString","coordinates":[[139.18979,36.18594],[139.18976,36.18699],[139.1901,36.18744],[139.19078,36.18762],[139.19179,36.18745],[139.19278,36.18764],[139.1934,36.18806],[139.19537,36.1901],[139.19582,36.19134],[139.19571,36.19258]]},"properties":{"name":"志戸川"}},
{"type":"Feature","geometry":{"type":"LineString","coordinates":[[139.49373,35.96295],[139.49567,35.96241],[139.49668,35.96157],[139.49711,35.96143],[139.50169,35.96055],[139.50322,35.96054]]},"properties":{"name":"安藤川"}},
{"type":"Feature","geometry":{"type":"LineString","coordinates":[[139.65324,36.03107],[139.65511,36.03158],[139.66105,36.03262],[139.66209,36.03275],[139.66343,36.03042],[139.66451,36.02804],[139.66733,36.0263]]},"properties":{"name":"隼人堀川"}},
{"type":"Feature","geometry":{"type":"LineString","coordinates":[[138.94553,35.93579],[138.94766,35.93636],[138.94963,35.93652],[138.95079,35.93671],[138.95248,35.9378],[138.95344,35.93797],[138.95513,35.93865],[138.9557,35.93962],[138.95573,35.94042],[138.9563,35.94076],[138.95717,35.94082],[138.9573,35.93959],[138.95873,35.93787],[138.96027,35.93656],[138.96104,35.93643],[138.96226,35.93722],[138.96293,35.93788],[138.96445,35.93857]]},"properties":{"name":"荒川"}},
{"type":"Feature","geometry":{"type":"LineString","coordinates":[[139.66832,35.83311],[139.66542,35.83105],[139.66475,35.83115],[139.66437,35.83083]]},"properties":{"name":"文蔵川"}},
{"type":"Feature","geometry":{"type":"LineString","coordinates":[[139.66472,36.117],[139.66437,36.11443],[139.66437,36.11371],[139.66487,36.1121],[139.66633,36.10998],[139.66729,36.10896],[139.66906,36.1082],[139.67031,36.10798],[139.67139,36.10802],[139.67303,36.10846],[139.67471,36.10869],[139.67705,36.10933],[139.679,36.10942],[139.68039,36.10924],[139.68177,36.1088],[139.68322,36.10815],[139.68461,36.10771],[139.69029,36.10625],[139.69132,36.10588],[139.69276,36.10503]]},"properties":{"name":"中川"}},
{"type":"Feature","geometry":{"type":"LineString","coordinates":[[139.76453,35.86028],[139.76509,35.85806]]},"properties":{"name":"伝右川"}},
{"type":"Feature","geometry":{"type":"LineString","coordinates":[[138.90232,36.07605],[138.90246,36.07564],[138.90199,36.07484],[138.90146,36.07354],[138.9016,36.07289],[138.90293,36.07217],[138.90407,36.07179],[138.90489,36.07079],[138.90594,36.07023],[138.90703,36.06995],[138.90904,36.06888],[138.91132,36.06859],[138.91262,36.06784],[138.91326,36.0676],[138.91435,36.0677],[138.9157,36.06748],[138.91641,36.0672],[138.91652,36.06621],[138.91676,36.06588],[138.91829,36.0647]]},"properties":{"name":"吉田川"}},
{"type":"Feature","geometry":{"type":"LineString","coordinates":[[139.5006,36.01298],[139.50194,36.0072],[139.50278,36.00489],[139.50227,36.00418]]},"properties":{"name":"荒川"}},
{"type":"Feature","geometry":{"type":"LineString","coordinates":[[139.79698,35.93515],[139.79719,35.93456],[139.79705,35.93364],[139.79603,35.93079],[139.79588,35.9291],[139.79658,35.92565],[139.79656,35.92509]]},"properties":{"name":"平新川"}},
{"type":"Feature","geometry":{"type":"LineString","coordinates":[[139.23858,36.07403],[139.23922,36.07347],[139.23977,36.07344],[139.2404,36.07281]]},"properties":{"name":"兜川"}},
{"type":"Feature","geometry":{"type":"LineString","coordinates":[[139.58653,35.85974],[139.58744,35.85896],[139.5883,35.85791],[139.58941,35.856],[139.58993,35.85473],[139.59068,35.85325],[139.59218,35.85197],[139.59349,35.85111],[139.59546,35.85006],[139.59646,35.84935],[139.59766,35.84828],[139.59865,35.84699],[139.59985,35.84525],[139.60275,35.84272],[139.60396,35.84109]]},"properties":{"name":"荒川"}},
{"type":"Feature","geometry":{"type":"LineString","coordinates":[[139.32256,36.08691],[139.32294,36.08639],[139.32364,36.08595],[139.32462,36.08561]]},"properties":{"name":"滑川"}},
{"type":"Feature","geometry":{"type":"LineString","coordinates":[[139.72337,35.82293],[139.72512,35.82275],[139.72652,35.82249]]},"properties":{"name":""}},
{"type":"Feature","geometry":{"type":"LineString","coordinates":[[139.5761,35.8721],[139.57726,35.86968],[139.57755,35.86888]]},"properties":{"name":"荒川"}},
{"type":"Feature","geometry":{"type":"LineString","coordinates":[[139.4742,36.10505],[139.47481,36.10429],[139.47589,36.1023],[139.477,36.10076],[139.47805,36.1]]},"properties":{"name":"忍川"}},
{"type":"Feature","geometry":{"type":"LineString","coordinates":[[139.84621,35.88621],[139.84661,35.88236],[139.8469,35.87887],[139.84681,35.87682]]},"properties":{"name":"二郷半領用水路"}},
{"type":"Feature","geometry":{"type":"LineString","coordinates":[[139.21454,35.99397],[139.2157,35.99384]]},"properties":{"name":"都幾川"}},
{"type":"Feature","geometry":{"type":"LineString","coordinates":[[139.10817,35.96407],[139.10751,35.96484],[139.10656,35.9654],[139.10588,35.96601],[139.10565,35.9668],[139.10653,35.96785],[139.10661,35.96835],[139.1071,35.96899],[139.10789,35.96945],[139.10749,35.97083],[139.10695,35.97137],[139.10608,35.97149],[139.10611,35.97212]]},"properties":{"name":"生川"}},
{"type":"Feature","geometry":{"type":"LineString","coordinates":[[139.44364,36.11985],[139.44463,36.11948]]},"properties":{"name":"がんがら落"}},
{"type":"Feature","geometry":{"type":"LineString","coordinates":[[138.73912,35.97348],[138.74008,35.97411],[138.74015,35.97467],[138.74079,35.97569],[138.74157,35.97583],[138.74201,35.97739],[138.74343,35.97726],[138.74404,35.97806],[138.74448,35.9795],[138.74548,35.97986],[138.74584,35.98143],[138.74726,35.98173],[138.74773,35.98237],[138.74732,35.9838],[138.748,35.98516],[138.74856,35.98564],[138.74911,35.98561],[138.75041,35.98602],[138.75073,35.98634],[138.74982,35.98714],[138.74934,35.98726],[138.74921,35.98803]]},"properties":{"name":"中津川"}},
{"type":"Feature","geometry":{"type":"LineString","coordinates":[[138.82212,35.88388],[138.82312,35.88408],[138.82494,35.8832],[138.82595,35.88406],[138.82674,35.88364]]},"properties":{"name":"滝川"}},
{"type":"Feature","geometry":{"type":"LineString","coordinates":[[138.91995,36.02202],[138.92084,36.02221],[138.92143,36.02179],[138.9226,36.02195],[138.92355,36.0209],[138.9243,36.02084],[138.92504,36.02143],[138.92567,36.02226],[138.92709,36.02277],[138.92815,36.02376],[138.92891,36.02472],[138.93026,36.02366],[138.93136,36.02304],[138.93295,36.02328],[138.93358,36.02182],[138.93676,36.02092]]},"properties":{"name":"薄川"}},
{"type":"Feature","geometry":{"type":"LineString","coordinates":[[138.96582,35.93442],[138.96486,35.9352],[138.96554,35.93587],[138.96546,35.93726],[138.96445,35.93857]]},"properties":{"name":"大血川"}},
{"type":"Feature","geometry":{"type":"LineString","coordinates":[[139.37934,36.2413],[139.37965,36.23973]]},"properties":{"name":"石田川"}},
{"type":"Feature","geometry":{"type":"LineString","coordinates":[[138.93354,36.03324],[138.93457,36.03343]]},"properties":{"name":"赤平川"}},
{"type":"Feature","geometry":{"type":"LineString","coordinates":[[139.18147,36.11418],[139.18174,36.11361]]},"properties":{"name":"荒川"}},
{"type":"Feature","geometry":{"type":"LineString","coordinates":[[139.78498,35.83915],[139.78571,35.8391],[139.78663,35.83945],[139.79023,35.84003],[139.79794,35.84144],[139.79826,35.84128],[139.7985,35.84013],[139.7991,35.83998],[139.80054,35.84018],[139.80121,35.83952],[139.80211,35.83696],[139.80272,35.83648],[139.8038,35.83629],[139.80458,35.83591],[139.8057,35.83566],[139.80703,35.83628],[139.80792,35.83594],[139.80877,35.83519],[139.80948,35.83331],[139.80995,35.83243],[139.813,35.82841],[139.81278,35.82273],[139.81266,35.81846],[139.81172,35.8164]]},"properties":{"name":"伝右川"}},
{"type":"Feature","geometry":{"type":"LineString","coordinates":[[139.1009,36.18692],[139.10125,36.18772],[139.10179,36.18794],[139.10279,36.18765],[139.10391,36.18781],[139.10482,36.18842],[139.10535,36.18847],[139.10657,36.18922],[139.10738,36.18903],[139.10824,36.18912],[139.10806,36.18963],[139.109,36.19022],[139.11082,36.19011],[139.11415,36.19055],[139.1146,36.19099],[139.1145,36.19188],[139.11493,36.19231],[139.11696,36.19303],[139.11933,36.1937],[139.12097,36.1937]]},"properties":{"name":"女堀川"}},
{"type":"Feature","geometry":{"type":"LineString","coordinates":[[139.77741,35.93778],[139.785,35.93515],[139.78725,35.93374],[139.7897,35.93196]]},"properties":{"name":"新方川"}},
{"type":"Feature","geometry":{"type":"LineString","coordinates":[[139.26909,36.13433],[139.2719,36.13498]]},"properties":{"name":"荒川"}},
{"type":"Feature","geometry":{"type":"LineString","coordinates":[[139.59994,35.86807],[139.6009,35.86573]]},"properties":{"name":"鴨川"}},
{"type":"Feature","geometry":{"type":"LineString","coordinates":[[139.69577,36.02207],[139.69783,36.02226],[139.7005,36.02275],[139.70341,36.02311],[139.70594,36.02298],[139.7081,36.0233]]},"properties":{"name":"姫宮落川"}},
{"type":"Feature","geometry":{"type":"LineString","coordinates":[[139.43086,36.20611],[139.4339,36.20404],[139.44319,36.19755],[139.44905,36.1937]]},"properties":{"name":"利根川"}},
{"type":"Feature","geometry":{"type":"LineString","coordinates":[[139.20971,35.98992],[139.21009,35.99056],[139.21077,35.99091],[139.21146,35.99093],[139.2124,35.99198],[139.2127,35.99263],[139.21368,35.99324],[139.21338,35.99359],[139.21384,35.99394],[139.21454,35.99397]]},"properties":{"name":"都幾川"}},
{"type":"Feature","geometry":{"type":"LineString","coordinates":[[139.71486,36.04378],[139.7176,36.03998],[139.7178,36.03956],[139.71897,36.03829],[139.72079,36.03711],[139.72158,36.03678],[139.72628,36.03505],[139.72782,36.03492],[139.73159,36.03483],[139.73252,36.03473]]},"properties":{"name":""}},
{"type":"Feature","geometry":{"type":"LineString","coordinates":[[139.45894,35.94654],[139.45939,35.94706]]},"properties":{"name":"小畔川"}},
{"type":"Feature","geometry":{"type":"LineString","coordinates":[[139.18174,36.11361],[139.18267,36.11315],[139.18375,36.11289],[139.18511,36.11288],[139.18593,36.11274],[139.18799,36.11154],[139.18879,36.11067],[139.19106,36.10937]]},"properties":{"name":"荒川"}},
{"type":"Feature","geometry":{"type":"LineString","coordinates":[[139.752,36.00871],[139.74815,36.00657],[139.74677,36.00573],[139.74596,36.00492],[139.74452,36.00313]]},"properties":{"name":"大落古利根川"}},
{"type":"Feature","geometry":{"type":"LineString","coordinates":[[139.46478,35.95314],[139.46508,35.95371]]},"properties":{"name":"小畔川"}},
{"type":"Feature","geometry":{"type":"LineString","coordinates":[[139.30177,35.84133],[139.30245,35.84157],[139.30462,35.84104],[139.30567,35.83933],[139.30623,35.8391],[139.30701,35.83965],[139.30914,35.83844],[139.31011,35.83866],[139.31211,35.83734]]},"properties":{"name":"成木川"}},
{"type":"Feature","geometry":{"type":"LineString","coordinates":[[139.43955,36.01527],[139.44065,36.01446]]},"properties":{"name":"市野川"}},
{"type":"Feature","geometry":{"type":"LineString","coordinates":[[139.02589,35.95956],[139.02668,35.95967],[139.0281,35.9601],[139.02928,35.96093],[139.03098,35.96169],[139.0329,35.96227],[139.03366,35.96356],[139.03432,35.96376],[139.03658,35.96409],[139.03882,35.9643],[139.04098,35.96421],[139.04448,35.96578],[139.04514,35.9663]]},"properties":{"name":"荒川"}},
{"type":"Feature","geometry":{"type":"LineString","coordinates":[[139.30928,36.20086],[139.31014,36.20077]]},"properties":{"name":"福川"}},
{"type":"Feature","geometry":{"type":"LineString","coordinates":[[139.294,35.94153],[139.29483,35.94194],[139.29558,35.94257],[139.29737,35.94251],[139.29874,35.94328],[139.29934,35.94331],[139.30138,35.94226],[139.30196,35.94219]]},"properties":{"name":"毛呂川"}},
{"type":"Feature","geometry":{"type":"LineString","coordinates":[[139.70104,35.80133],[139.70181,35.8009],[139.70202,35.80027]]},"properties":{"name":"菖蒲川"}},
{"type":"Feature","geometry":{"type":"LineString","coordinates":[[139.31211,35.83734],[139.3133,35.8371],[139.314,35.83724],[139.31413,35.83829],[139.31469,35.83811],[139.31615,35.83681],[139.31715,35.83659],[139.31778,35.83684],[139.32022,35.8371],[139.32293,35.83778],[139.32444,35.83803]]},"properties":{"name":"成木川"}},
{"type":"Feature","geometry":{"type":"LineString","coordinates":[[139.62754,35.88019],[139.63037,35.87789],[139.63246,35.87499],[139.63279,35.87431],[139.63281,35.87317],[139.63241,35.87035],[139.63209,35.86924],[139.63207,35.86833],[139.63251,35.86662],[139.63308,35.86527],[139.63383,35.86388],[139.63516,35.86193]]},"properties":{"name":"鴻沼川"}},
{"type":"Feature","geometry":{"type":"LineString","coordinates":[[139.42418,35.99785],[139.4249,35.99758],[139.42692,35.99757],[139.42721,35.99788],[139.42902,35.99798],[139.42961,35.9979]]},"properties":{"name":"都幾川"}},
{"type":"Feature","geometry":{"type":"LineString","coordinates":[[139.02779,36.07409],[139.02833,36.0734],[139.02783,36.07309],[139.02718,36.07193],[139.02721,36.07102],[139.02797,36.07087],[139.02848,36.07044],[139.02847,36.06972],[139.02897,36.06923],[139.02941,36.06925],[139.03003,36.06808],[139.02983,36.06718]]},"properties":{"name":"阿熊川"}},
{"type":"Feature","geometry":{"type":"LineString","coordinates":[[139.44691,36.14058],[139.44804,36.14164],[139.45056,36.14306]]},"properties":{"name":"忍川"}},
{"type":"Feature","geometry":{"type":"LineString","coordinates":[[139.71106,35.87593],[139.71108,35.87586]]},"properties":{"name":"芝川"}},
{"type":"Feature","geometry":{"type":"LineString","coordinates":[[139.11759,36.02547],[139.11613,36.02701],[139.11571,36.02696],[139.1145,36.02626],[139.11305,36.02653],[139.11222,36.02689]]},"properties":{"name":"定峰川"}},
{"type":"Feature","geometry":{"type":"LineString","coordinates":[[139.3798,36.21735],[139.38067,36.21732]]},"properties":{"name":"備前渠（備前渠川・備前渠用水路）"}},
{"type":"Feature","geometry":{"type":"LineString","coordinates":[[138.96946,35.94797],[138.96903,35.94856],[138.96839,35.94879],[138.9675,35.94881],[138.96669,35.94947],[138.96564,35.95009],[138.96463,35.9504]]},"properties":{"name":"荒川"}},
{"type":"Feature","geometry":{"type":"LineString","coordinates":[[139.63295,36.17353],[139.63551,36.17319]]},"properties":{"name":"大越分水"}},
{"type":"Feature","geometry":{"type":"LineString","coordinates":[[139.63877,36.05277],[139.63997,36.05287],[139.64066,36.05259],[139.64223,36.05152],[139.64343,36.05131],[139.64412,36.05087],[139.64549,36.05105],[139.64644,36.05076],[139.64764,36.05074],[139.64866,36.05029],[139.64947,36.05025],[139.65102,36.04989],[139.65123,36.04968]]},"properties":{"name":"庄兵衛堀川"}},
{"type":"Feature","geometry":{"type":"LineString","coordinates":[[138.91536,35.95448],[138.91546,35.95384],[138.91619,35.95313]]},"properties":{"name":"中津川"}},
{"type":"Feature","geometry":{"type":"LineString","coordinates":[[139.0298,35.99268],[139.03168,35.99272],[139.03218,35.99308]]},"properties":{"name":"長留川"}},
{"type":"Feature","geometry":{"type":"LineString","coordinates":[[139.19933,35.98201],[139.1999,35.98243],[139.20188,35.98314]]},"properties":{"name":"都幾川"}},
{"type":"Feature","geometry":{"type":"LineString","coordinates":[[139.60887,36.03304],[139.60928,36.03237],[139.61132,36.03017],[139.61235,36.02884],[139.61324,36.02822],[139.61531,36.0276],[139.61603,36.02717],[139.61627,36.02651],[139.61593,36.02509],[139.61676,36.02416],[139.61843,36.02284],[139.61873,36.02231],[139.61929,36.01972],[139.62014,36.01892],[139.62677,36.0164],[139.62764,36.01572],[139.6283,36.01438],[139.62924,36.01299],[139.63015,36.01204],[139.6331,36.0099],[139.63474,36.00782],[139.63573,36.00708]]},"properties":{"name":"見沼代用水"}},
{"type":"Feature","geometry":{"type":"LineString","coordinates":[[139.23594,35.88298],[139.23664,35.88215],[139.23779,35.88163],[139.23834,35.88094],[139.23807,35.88],[139.23856,35.87963],[139.24013,35.87946],[139.24108,35.8799],[139.24139,35.88035],[139.24104,35.88096],[139.24134,35.88145],[139.2422,35.88079],[139.24315,35.8814],[139.24358,35.88145],[139.24472,35.88091],[139.24578,35.8802],[139.24652,35.87886],[139.24793,35.87739],[139.24927,35.87661],[139.25099,35.87631],[139.25219,35.87654],[139.25285,35.87623],[139.25303,35.87567],[139.25353,35.87512],[139.25533,35.8738],[139.25735,35.87256],[139.25799,35.872],[139.25913,35.87131],[139.26085,35.87045],[139.26118,35.86997],[139.26139,35.86907]]},"properties":{"name":"中藤川"}},
{"type":"Feature","geometry":{"type":"LineString","coordinates":[[139.51305,35.92682],[139.5133,35.9261],[139.51396,35.92498],[139.51471,35.92315],[139.51474,35.92272],[139.51412,35.92134]]},"properties":{"name":"九十川"}},
{"type":"Feature","geometry":{"type":"LineString","coordinates":[[139.6852,35.91746],[139.68642,35.91613],[139.68768,35.9152],[139.6905,35.91298],[139.69181,35.91008],[139.69305,35.90708]]},"properties":{"name":"加田屋川"}},
{"type":"Feature","geometry":{"type":"LineString","coordinates":[[139.27796,36.03659],[139.27914,36.03522],[139.28025,36.03451],[139.28211,36.03433],[139.28378,36.03396],[139.28474,36.03395],[139.28594,36.03441],[139.28641,36.03488],[139.28751,36.03558]]},"properties":{"name":"槻川"}},
{"type":"Feature","geometry":{"type":"LineString","coordinates":[[139.11668,35.94389],[139.11673,35.94412]]},"properties":{"name":"生川"}},
{"type":"Feature","geometry":{"type":"LineString","coordinates":[[139.51913,36.11837],[139.51984,36.11755],[139.52112,36.1156],[139.52172,36.11413]]},"properties":{"name":"野通川"}},
{"type":"Feature","geometry":{"type":"LineString","coordinates":[[139.10525,36.002],[139.10519,36.00225],[139.10531,36.00468],[139.10557,36.00515],[139.10665,36.00519],[139.1072,36.00553],[139.10699,36.00589],[139.10866,36.00864]]},"properties":{"name":"横瀬川"}},
{"type":"Feature","geometry":{"type":"LineString","coordinates":[[139.27499,36.05338],[139.27607,36.05324],[139.27961,36.05084],[139.28086,36.04928],[139.28122,36.04901],[139.2832,36.048],[139.28524,36.04586]]},"properties":{"name":"槻川"}},
{"type":"Feature","geometry":{"type":"LineString","coordinates":[[139.47598,36.07872],[139.47596,36.07818],[139.47598,36.0781],[139.476,36.078],[139.47602,36.07794],[139.47614,36.07777]]},"properties":{"name":"武蔵水路"}},
{"type":"Feature","geometry":{"type":"LineString","coordinates":[[138.93532,35.95244],[138.93546,35.95256]]},"properties":{"name":"荒川"}},
{"type":"Feature","geometry":{"type":"LineString","coordinates":[[139.69105,35.84677],[139.69164,35.84674],[139.69191,35.84673],[139.69215,35.8467]]},"properties":{"name":""}},
{"type":"Feature","geometry":{"type":"LineString","coordinates":[[138.93676,36.02092],[138.93759,36.02067],[138.93803,36.01992],[138.9387,36.01979],[138.93952,36.01919],[138.94031,36.01895],[138.94063,36.01843],[138.94172,36.01804],[138.94215,36.01769],[138.94221,36.01701],[138.94277,36.01684],[138.94327,36.01728],[138.94439,36.01669],[138.9452,36.01668],[138.94602,36.01618],[138.94691,36.01533],[138.94741,36.01531],[138.94816,36.01581]]},"properties":{"name":"薄川"}},
{"type":"Feature","geometry":{"type":"LineString","coordinates":[[139.80213,35.88932],[139.80454,35.89009],[139.80685,35.89097]]},"properties":{"name":"元荒川"}},
{"type":"Feature","geometry":{"type":"LineString","coordinates":[[139.22498,36.25501],[139.22558,36.25537],[139.22833,36.25661],[139.23164,36.25708],[139.23361,36.25691],[139.24189,36.25259]]},"properties":{"name":"利根川"}},
{"type":"Feature","geometry":{"type":"LineString","coordinates":[[139.40866,36.09388],[139.41,36.09376],[139.41134,36.09406]]},"properties":{"name":"和田吉野川"}},
{"type":"Feature","geometry":{"type":"LineString","coordinates":[[139.07754,36.03018],[139.07812,36.03018],[139.07908,36.03078],[139.07893,36.03149],[139.07911,36.03238],[139.0798,36.034],[139.08089,36.03484],[139.08062,36.03583],[139.08091,36.03619],[139.08229,36.03623],[139.08325,36.03697],[139.08415,36.03732],[139.08458,36.0385],[139.08595,36.03895],[139.08624,36.0395],[139.08621,36.04036],[139.08649,36.04081],[139.08767,36.04108],[139.08799,36.04247],[139.08757,36.04274],[139.08661,36.04234],[139.08542,36.04239],[139.08518,36.04344],[139.086,36.04475],[139.08579,36.045],[139.0861,36.0457],[139.08809,36.04691],[139.08815,36.04732],[139.08719,36.04799],[139.08727,36.04848],[139.08823,36.04899],[139.08795,36.05002],[139.08835,36.0508],[139.08911,36.05152],[139.08996,36.0516],[139.08986,36.05202],[139.08921,36.05255],[139.09012,36.05322],[139.08966,36.05359],[139.08982,36.05407]]},"properties":{"name":"蒔田川"}},
{"type":"Feature","geometry":{"type":"LineString","coordinates":[[138.91008,35.94192],[138.91086,35.94253],[138.91209,35.94325],[138.91311,35.94344],[138.91361,35.94396],[138.91408,35.94525],[138.91311,35.94655],[138.91325,35.94709],[138.91373,35.94767],[138.91523,35.94796],[138.91714,35.94772],[138.9175,35.94684],[138.91742,35.94561],[138.91793,35.9454],[138.92023,35.94545],[138.92135,35.94598],[138.92282,35.94628],[138.92333,35.94618],[138.92412,35.94565],[138.92539,35.94447],[138.92611,35.94435]]},"properties":{"name":"荒川"}},
{"type":"Feature","geometry":{"type":"LineString","coordinates":[[139.77868,36.00309],[139.78114,36.00166]]},"properties":{"name":"安戸落悪水路"}},
{"type":"Feature","geometry":{"type":"LineString","coordinates":[[139.00586,36.04932],[139.00609,36.04946],[139.00792,36.04913],[139.00832,36.04881],[139.01014,36.04938],[139.01155,36.04926],[139.01214,36.04852],[139.01296,36.04809],[139.01304,36.04746],[139.01287,36.04664],[139.01302,36.04583],[139.01311,36.04356],[139.01321,36.04293],[139.01365,36.04213]]},"properties":{"name":"吉田川"}},
{"type":"Feature","geometry":{"type":"LineString","coordinates":[[139.46508,35.95371],[139.4663,35.95506],[139.46786,35.95651],[139.46997,35.95767],[139.47133,35.95822],[139.47349,35.95859],[139.47522,35.9587],[139.47809,35.95832],[139.47856,35.95836]]},"properties":{"name":"小畔川"}},
{"type":"Feature","geometry":{"type":"LineString","coordinates":[[139.28751,36.03558],[139.28837,36.0359],[139.28924,36.03588],[139.28961,36.03562],[139.28965,36.03463],[139.291,36.03401],[139.29305,36.03352],[139.29382,36.03349],[139.29583,36.03386],[139.29629,36.0342],[139.29724,36.03557],[139.29809,36.0359],[139.29895,36.03603],[139.2995,36.03673],[139.30048,36.03766],[139.30222,36.03824],[139.30254,36.03813],[139.30286,36.03679],[139.30226,36.03569],[139.30152,36.03526],[139.30072,36.03415],[139.3008,36.03339],[139.30133,36.03276],[139.30137,36.03236],[139.30095,36.03091],[139.30077,36.02969],[139.30135,36.02925],[139.30187,36.02943],[139.30238,36.02982],[139.30229,36.03051]]},"properties":{"name":"槻川"}},
{"type":"Feature","geometry":{"type":"LineString","coordinates":[[139.54365,36.07832],[139.54772,36.07743]]},"properties":{"name":"野通川"}},
{"type":"Feature","geometry":{"type":"LineString","coordinates":[[139.83978,35.89304],[139.84001,35.89119],[139.8399,35.89057],[139.83894,35.8884],[139.83784,35.88661],[139.83779,35.88597]]},"properties":{"name":"中川"}},
{"type":"Feature","geometry":{"type":"LineString","coordinates":[[139.25941,36.22332],[139.25996,36.22266],[139.26184,36.22277],[139.2634,36.22241],[139.26952,36.22075],[139.27079,36.2206],[139.27232,36.2201],[139.27406,36.22013],[139.2763,36.2208],[139.27711,36.2208],[139.28188,36.21953],[139.28327,36.21871],[139.2839,36.21862],[139.28488,36.21808],[139.28635,36.21761],[139.29033,36.21711],[139.2913,36.21715]]},"properties":{"name":"備前渠（備前渠川・備前渠用水路）"}},
{"type":"Feature","geometry":{"type":"LineString","coordinates":[[138.93195,35.89473],[138.93165,35.89524],[138.93209,35.89558],[138.9318,35.89619],[138.93203,35.89676]]},"properties":{"name":"大洞川"}},
{"type":"Feature","geometry":{"type":"LineString","coordinates":[[139.32451,36.0564],[139.32544,36.05507],[139.32588,36.05471],[139.32832,36.0533]]},"properties":{"name":"粕川"}},
{"type":"Feature","geometry":{"type":"LineString","coordinates":[[139.85735,35.86952],[139.85738,35.86929]]},"properties":{"name":"第二大場川"}},
{"type":"Feature","geometry":{"type":"LineString","coordinates":[[139.28852,36.1879],[139.28787,36.18853],[139.2858,36.19007]]},"properties":{"name":"唐沢川"}},
{"type":"Feature","geometry":{"type":"LineString","coordinates":[[139.65324,36.03143],[139.65236,36.03047],[139.6503,36.02824],[139.64903,36.02672]]},"properties":{"name":"星川"}},
{"type":"Feature","geometry":{"type":"LineString","coordinates":[[139.75899,35.79936],[139.75927,35.79816],[139.75901,35.79722],[139.75865,35.7967],[139.75729,35.79534],[139.74691,35.7851],[139.7463,35.78464]]},"properties":{"name":"新芝川"}},
{"type":"Feature","geometry":{"type":"LineString","coordinates":[[139.01679,35.97189],[139.01744,35.97256],[139.01635,35.97284],[139.01639,35.97321],[139.01839,35.97299],[139.01867,35.97359],[139.01969,35.97339],[139.02023,35.97396],[139.02017,35.97511],[139.02127,35.97625],[139.02095,35.97687],[139.02135,35.97738]]},"properties":{"name":"長留川"}},
{"type":"Feature","geometry":{"type":"LineString","coordinates":[[139.7493,35.96262],[139.7493,35.96013]]},"properties":{"name":"安之堀川"}},
{"type":"Feature","geometry":{"type":"LineString","coordinates":[[139.05862,36.08403],[139.0591,36.08386],[139.06093,36.08405],[139.06126,36.08386],[139.06134,36.08309],[139.06215,36.08272],[139.06334,36.08315],[139.06479,36.08303],[139.06563,36.0826],[139.06742,36.08265],[139.06812,36.0829],[139.06969,36.08314],[139.07055,36.08314],[139.07179,36.08273],[139.07286,36.08275],[139.0735,36.08296],[139.07466,36.08419],[139.07485,36.08468],[139.07583,36.08442],[139.07593,36.08373],[139.07546,36.08281],[139.07574,36.08244],[139.07562,36.08183],[139.07642,36.08141],[139.07774,36.08193],[139.07815,36.08161],[139.0787,36.08221],[139.07938,36.08228]]},"properties":{"name":"日野沢川"}},
{"type":"Feature","geometry":{"type":"LineString","coordinates":[[139.8039,35.87567],[139.80725,35.86825],[139.8084,35.86523],[139.80832,35.86294],[139.80938,35.86272],[139.81047,35.86267],[139.81091,35.86161],[139.81242,35.86081],[139.81358,35.8599],[139.81415,35.85911],[139.81483,35.85875],[139.81527,35.85725],[139.81611,35.85582],[139.81631,35.85501],[139.81674,35.85443],[139.81822,35.85381],[139.81929,35.85382],[139.82056,35.85243],[139.82245,35.85066],[139.82312,35.85068]]},"properties":{"name":"南部葛西用水"}},
{"type":"Feature","geometry":{"type":"LineString","coordinates":[[139.20708,36.15991],[139.20729,36.16191],[139.20717,36.16274],[139.20679,36.16304],[139.20708,36.1649],[139.20813,36.16661]]},"properties":{"name":"西藤治川"}},
{"type":"Feature","geometry":{"type":"LineString","coordinates":[[139.83834,35.8824],[139.83912,35.88089],[139.83993,35.87872],[139.84018,35.87703],[139.84015,35.87436],[139.84001,35.87141],[139.83967,35.86988]]},"properties":{"name":"中川"}},
{"type":"Feature","geometry":{"type":"LineString","coordinates":[[139.48122,36.01856],[139.48184,36.01807],[139.48367,36.01627],[139.4863,36.01389],[139.48822,36.01223]]},"properties":{"name":"市野川"}},
{"type":"Feature","geometry":{"type":"LineString","coordinates":[[139.16989,36.02284],[139.17026,36.0241],[139.17089,36.02445],[139.17165,36.02454],[139.17206,36.02498],[139.17207,36.02561],[139.17291,36.02632],[139.17305,36.02681],[139.17255,36.02767],[139.17266,36.028]]},"properties":{"name":"槻川"}},
{"type":"Feature","geometry":{"type":"LineString","coordinates":[[139.45659,35.94523],[139.45755,35.9456]]},"properties":{"name":"小畔川"}},
{"type":"Feature","geometry":{"type":"LineString","coordinates":[[139.88386,35.81733],[139.88399,35.80902],[139.8842,35.80449]]},"properties":{"name":"大場川"}},
{"type":"Feature","geometry":{"type":"LineString","coordinates":[[139.24861,36.00414],[139.24993,36.00365]]},"properties":{"name":"都幾川"}},
{"type":"Feature","geometry":{"type":"LineString","coordinates":[[139.09941,36.04468],[139.09868,36.04601],[139.09866,36.04761],[139.09887,36.04867],[139.09883,36.05033]]},"properties":{"name":"荒川"}},
{"type":"Feature","geometry":{"type":"LineString","coordinates":[[139.79763,35.96058],[139.79979,35.95911],[139.80438,35.95579],[139.80488,35.95538]]},"properties":{"name":"中川"}},
{"type":"Feature","geometry":{"type":"LineString","coordinates":[[139.69215,35.8467],[139.69452,35.84572],[139.69773,35.8464],[139.7003,35.84678],[139.70416,35.84749]]},"properties":{"name":"藤右衛門放水路"}},
{"type":"Feature","geometry":{"type":"LineString","coordinates":[[139.1206,36.20414],[139.12152,36.20504],[139.12293,36.20493],[139.12379,36.20517],[139.12432,36.20556],[139.12493,36.20517],[139.12596,36.20549],[139.12721,36.20666],[139.12906,36.20746],[139.13013,36.20825],[139.13127,36.20813],[139.13192,36.20851]]},"properties":{"name":"九郷用水"}},
{"type":"Feature","geometry":{"type":"LineString","coordinates":[[139.42846,36.09283],[139.42961,36.09161],[139.4301,36.09002],[139.43077,36.08697],[139.43158,36.08565],[139.43337,36.08401],[139.43545,36.08273],[139.43739,36.08181],[139.4419,36.0799],[139.44266,36.07969],[139.44391,36.07993],[139.44663,36.08136],[139.44804,36.08178]]},"properties":{"name":"和田吉野川"}},
{"type":"Feature","geometry":{"type":"LineString","coordinates":[[139.53049,36.01828],[139.53013,36.01767],[139.53032,36.01728],[139.5314,36.01605],[139.53157,36.01484],[139.53279,36.01308],[139.534,36.01303],[139.53444,36.01282],[139.53499,36.01146],[139.53476,36.00761],[139.53561,36.00634],[139.53639,36.00467],[139.53692,36.00191],[139.53743,35.99888],[139.53758,35.99861],[139.53923,35.99726],[139.53939,35.99699],[139.53942,35.99287],[139.53775,35.98665],[139.53793,35.98557],[139.53837,35.98411],[139.53919,35.98393],[139.54124,35.98311],[139.54166,35.98249],[139.54302,35.97988],[139.54304,35.97862]]},"properties":{"name":"江川"}},
{"type":"Feature","geometry":{"type":"LineString","coordinates":[[139.78684,35.89788],[139.78757,35.89785],[139.78838,35.8976],[139.79011,35.89664],[139.79103,35.89576],[139.79163,35.89487],[139.7921,35.89368],[139.79253,35.89065],[139.79281,35.89005],[139.79354,35.88943],[139.79443,35.889],[139.7965,35.88848],[139.79777,35.88857],[139.7998,35.8891],[139.80213,35.88932]]},"properties":{"name":"元荒川"}},
{"type":"Feature","geometry":{"type":"LineString","coordinates":[[139.43194,35.90405],[139.43213,35.90474]]},"properties":{"name":"入間川"}},
{"type":"Feature","geometry":{"type":"LineString","coordinates":[[139.1784,35.94822],[139.17863,35.94729],[139.17938,35.94669],[139.18028,35.94556],[139.1803,35.94499],[139.1811,35.9444],[139.18116,35.94356],[139.18188,35.94262],[139.18186,35.94208],[139.18106,35.94168]]},"properties":{"name":"高麗川"}},
{"type":"Feature","geometry":{"type":"LineString","coordinates":[[139.60426,36.11284],[139.6093,36.11297],[139.61051,36.11292],[139.61258,36.11216]]},"properties":{"name":"青毛堀川"}},
{"type":"Feature","geometry":{"type":"LineString","coordinates":[[139.80493,35.91891],[139.80624,35.91727],[139.80752,35.91658],[139.8093,35.91621],[139.81253,35.91584],[139.81387,35.91562],[139.81588,35.91553]]},"properties":{"name":"大落古利根川"}},
{"type":"Feature","geometry":{"type":"LineString","coordinates":[[139.16827,36.13622],[139.16783,36.13385],[139.16807,36.1313],[139.16793,36.13067],[139.16711,36.12986],[139.16639,36.12976],[139.16596,36.13015]]},"properties":{"name":"円良田湖"}},
{"type":"Feature","geometry":{"type":"LineString","coordinates":[[139.30372,36.06715],[139.30502,36.0664],[139.30803,36.06342],[139.30897,36.06294],[139.31043,36.06146]]},"properties":{"name":"市野川"}},
{"type":"Feature","geometry":{"type":"LineString","coordinates":[[139.23334,35.8696],[139.23285,35.87031],[139.23326,35.87172],[139.23393,35.87256],[139.23444,35.8728],[139.23646,35.87276],[139.23783,35.87294],[139.23986,35.87281],[139.24008,35.87209],[139.24076,35.87155],[139.24243,35.87089],[139.24393,35.86981],[139.24511,35.8697],[139.24733,35.86995],[139.25023,35.8696],[139.25094,35.86935],[139.25159,35.86857],[139.25159,35.86755],[139.2523,35.86709],[139.25383,35.86676],[139.25589,35.86609],[139.25705,35.86592],[139.25739,35.86643],[139.25661,35.86709],[139.25647,35.86748],[139.25762,35.86788],[139.25896,35.86742],[139.25996,35.8676],[139.26045,35.86797],[139.26093,35.86888],[139.26139,35.86907]]},"properties":{"name":"入間川"}},
{"type":"Feature","geometry":{"type":"LineString","coordinates":[[139.77531,36.0313],[139.77693,36.0313]]},"properties":{"name":"神扇落"}},
{"type":"Feature","geometry":{"type":"LineString","coordinates":[[139.20698,36.19944],[139.20788,36.19925],[139.20825,36.19954],[139.20863,36.20042],[139.20824,36.202],[139.2084,36.20264],[139.20899,36.20358],[139.20892,36.20465],[139.20925,36.2056],[139.21013,36.20621],[139.21245,36.20676]]},"properties":{"name":"志戸川"}},
{"type":"Feature","geometry":{"type":"LineString","coordinates":[[139.49947,36.08761],[139.50023,36.08727],[139.5003,36.0862],[139.50059,36.08567],[139.50203,36.08385],[139.50295,36.08243],[139.50352,36.08192],[139.50458,36.08149],[139.50591,36.08031],[139.50735,36.07967],[139.50854,36.07895],[139.50978,36.07848],[139.51202,36.07679],[139.51277,36.0752],[139.513,36.07496]]},"properties":{"name":"元荒川"}},
{"type":"Feature","geometry":{"type":"LineString","coordinates":[[139.65123,36.04968],[139.65191,36.04871],[139.6536,36.04588],[139.65667,36.04152],[139.65755,36.04046],[139.65878,36.03974]]},"properties":{"name":"庄兵衛堀川"}},
{"type":"Feature","geometry":{"type":"LineString","coordinates":[[139.68317,35.80308],[139.68656,35.80373],[139.68922,35.80394]]},"properties":{"name":"菖蒲川"}},
{"type":"Feature","geometry":{"type":"LineString","coordinates":[[139.59795,36.09128],[139.59962,36.09012],[139.60089,36.08937],[139.60368,36.08805]]},"properties":{"name":"備前堀川（備前堀大英寺落）"}},
{"type":"Feature","geometry":{"type":"LineString","coordinates":[[139.56072,35.85528],[139.56103,35.85457]]},"properties":{"name":"新河岸川"}},
{"type":"Feature","geometry":{"type":"LineString","coordinates":[[138.99804,36.01793],[139.00106,36.01792],[139.00183,36.0163],[139.00254,36.0156],[139.0033,36.01516],[139.00449,36.01504],[139.0054,36.01523],[139.00728,36.0161],[139.00875,36.01644],[139.00952,36.01647],[139.01032,36.01592],[139.0112,36.01435],[139.01243,36.01353],[139.01342,36.0134]]},"properties":{"name":"赤平川"}},
{"type":"Feature","geometry":{"type":"LineString","coordinates":[[139.73576,35.93001],[139.73618,35.92885]]},"properties":{"name":"元荒川"}},
{"type":"Feature","geometry":{"type":"LineString","coordinates":[[139.31156,36.07559],[139.31253,36.07428],[139.31468,36.07162],[139.31558,36.0698],[139.31741,36.06762],[139.31798,36.06655],[139.31908,36.06383],[139.32131,36.06077],[139.32233,36.06015],[139.32307,36.05935],[139.32343,36.05821],[139.32397,36.05713],[139.32451,36.0564]]},"properties":{"name":"粕川"}},
{"type":"Feature","geometry":{"type":"LineString","coordinates":[[139.57789,36.02864],[139.57872,36.0277]]},"properties":{"name":"赤堀川"}},
{"type":"Feature","geometry":{"type":"LineString","coordinates":[[139.28586,35.98006],[139.28704,35.97863],[139.28794,35.97808],[139.28889,35.97806],[139.28975,35.97768],[139.29023,35.97597],[139.29065,35.97524]]},"properties":{"name":"渋沢川"}},
{"type":"Feature","geometry":{"type":"LineString","coordinates":[[139.10713,36.03543],[139.10776,36.03722],[139.10844,36.03824],[139.10861,36.03886],[139.10768,36.03958],[139.10661,36.03947],[139.10586,36.03959],[139.10435,36.04009],[139.10295,36.04016],[139.10223,36.04192],[139.10149,36.04271],[139.10101,36.04347],[139.09941,36.04468]]},"properties":{"name":"横瀬川"}},
{"type":"Feature","geometry":{"type":"LineString","coordinates":[[139.21434,36.21464],[139.21426,36.21523],[139.21521,36.21671],[139.21539,36.2172],[139.21539,36.21853],[139.21588,36.21968],[139.21793,36.22178],[139.21826,36.22252]]},"properties":{"name":"志戸川"}},
{"type":"Feature","geometry":{"type":"LineString","coordinates":[[139.74083,35.78269],[139.74133,35.78186]]},"properties":{"name":"荒川"}},
{"type":"Feature","geometry":{"type":"LineString","coordinates":[[139.44926,35.89413],[139.44983,35.89472],[139.44978,35.89583],[139.44941,35.89638],[139.44993,35.89651]]},"properties":{"name":"赤間川"}},
{"type":"Feature","geometry":{"type":"LineString","coordinates":[[139.56154,36.05134],[139.56156,36.05005]]},"properties":{"name":"元荒川"}},
{"type":"Feature","geometry":{"type":"LineString","coordinates":[[139.80062,35.85455],[139.80063,35.85454]]},"properties":{"name":"綾瀬川"}},
{"type":"Feature","geometry":{"type":"LineString","coordinates":[[139.31654,35.95581],[139.31827,35.95594],[139.31954,35.95571]]},"properties":{"name":""}},
{"type":"Feature","geometry":{"type":"LineString","coordinates":[[139.11303,36.105],[139.11315,36.10617],[139.11314,36.10762],[139.11334,36.10825],[139.11539,36.10826],[139.1162,36.11022],[139.1192,36.11312],[139.11906,36.11402],[139.11858,36.11459]]},"properties":{"name":"荒川"}},
{"type":"Feature","geometry":{"type":"LineString","coordinates":[[139.27704,36.07075],[139.27848,36.07196],[139.27885,36.07262],[139.27995,36.07342],[139.28117,36.07378],[139.28221,36.07424]]},"properties":{"name":"新川"}},
{"type":"Feature","geometry":{"type":"LineString","coordinates":[[139.31748,36.13708],[139.31903,36.13681],[139.32111,36.1362],[139.32386,36.13516],[139.32521,36.13503],[139.32726,36.13534],[139.33111,36.13631],[139.33259,36.13662],[139.33604,36.1381],[139.33847,36.13839],[139.34018,36.13829],[139.34263,36.13741],[139.34423,36.13724],[139.346,36.13754],[139.34724,36.13808],[139.34962,36.1382],[139.35021,36.13873]]},"properties":{"name":"荒川"}},
{"type":"Feature","geometry":{"type":"LineString","coordinates":[[139.16745,36.14041],[139.16811,36.13868],[139.16787,36.13797],[139.16808,36.13747],[139.16827,36.13622]]},"properties":{"name":"円良田川"}},
{"type":"Feature","geometry":{"type":"LineString","coordinates":[[139.20462,36.22099],[139.20653,36.2211],[139.20744,36.22133],[139.20908,36.22215],[139.21127,36.2227],[139.21295,36.22292],[139.21452,36.22176],[139.21518,36.22156],[139.21646,36.22165],[139.21771,36.22235],[139.21826,36.22252]]},"properties":{"name":"小山川"}},
{"type":"Feature","geometry":{"type":"LineString","coordinates":[[139.74883,36.0384],[139.75047,36.03742],[139.75107,36.03691],[139.75209,36.03547]]},"properties":{"name":"倉松川"}},
{"type":"Feature","geometry":{"type":"LineString","coordinates":[[139.11673,35.94412],[139.11674,35.94466]]},"properties":{"name":"生川"}},
{"type":"Feature","geometry":{"type":"LineString","coordinates":[[139.39226,36.10478],[139.39438,36.10219]]},"properties":{"name":"和田吉野川"}},
{"type":"Feature","geometry":{"type":"LineString","coordinates":[[138.82521,36.00125],[138.82573,36.00067]]},"properties":{"name":"中津川"}},
{"type":"Feature","geometry":{"type":"LineString","coordinates":[[139.76506,36.08053],[139.76544,36.07969]]},"properties":{"name":"五霞落川"}},
{"type":"Feature","geometry":{"type":"LineString","coordinates":[[139.34466,35.96777],[139.34562,35.96763],[139.34747,35.96702],[139.34821,35.96707],[139.34877,35.96823],[139.34854,35.96908],[139.34957,35.97028],[139.3507,35.97093],[139.35238,35.97111],[139.35347,35.97263],[139.35339,35.97291],[139.35379,35.97393],[139.35421,35.97583]]},"properties":{"name":"越辺川"}},
{"type":"Feature","geometry":{"type":"LineString","coordinates":[[139.80685,35.89097],[139.80879,35.89174],[139.80982,35.89202],[139.81055,35.89196],[139.81203,35.89215],[139.81315,35.89269],[139.81744,35.89444],[139.81902,35.89462],[139.82196,35.89395]]},"properties":{"name":"元荒川"}},
{"type":"Feature","geometry":{"type":"LineString","coordinates":[[139.10674,35.98713],[139.1064,35.98718]]},"properties":{"name":"横瀬川"}},
{"type":"Feature","geometry":{"type":"LineString","coordinates":[[139.61505,35.7972],[139.6147,35.79873],[139.61425,35.80227],[139.61438,35.80354],[139.61477,35.8043],[139.61447,35.80549],[139.61516,35.80619],[139.61678,35.80714],[139.61736,35.80765],[139.61785,35.80913],[139.6189,35.80954]]},"properties":{"name":"越戸川"}},
{"type":"Feature","geometry":{"type":"LineString","coordinates":[[139.5042,35.95621],[139.50662,35.95607],[139.50895,35.9554]]},"properties":{"name":"入間川"}},
{"type":"Feature","geometry":{"type":"LineString","coordinates":[[139.47856,35.95836],[139.4799,35.95786],[139.48224,35.95774],[139.48555,35.95795],[139.48691,35.95814],[139.48925,35.95877],[139.49034,35.95873],[139.49117,35.95831],[139.49289,35.957],[139.4944,35.95623]]},"properties":{"name":"越辺川"}},
{"type":"Feature","geometry":{"type":"LineString","coordinates":[[139.06909,36.06368],[139.07022,36.06337],[139.07033,36.06287],[139.07097,36.0621]]},"properties":{"name":"赤平川"}},
{"type":"Feature","geometry":{"type":"LineString","coordinates":[[139.05678,35.96321],[139.05722,35.96393],[139.05722,35.96547],[139.05768,35.96548],[139.05831,35.96595],[139.05856,35.96657],[139.05836,35.96728],[139.05758,35.96788]]},"properties":{"name":"浦山川"}},
{"type":"Feature","geometry":{"type":"LineString","coordinates":[[139.57378,36.03067],[139.57443,36.0304],[139.5753,36.03046],[139.57656,36.03018],[139.57789,36.02864]]},"properties":{"name":"赤堀川"}},
{"type":"Feature","geometry":{"type":"LineString","coordinates":[[139.54772,36.07743],[139.5522,36.07633],[139.55505,36.07484]]},"properties":{"name":"野通川"}},
{"type":"Feature","geometry":{"type":"LineString","coordinates":[[139.10706,35.97312],[139.10744,35.9739],[139.10735,35.97455],[139.10771,35.97507]]},"properties":{"name":"生川"}},
{"type":"Feature","geometry":{"type":"LineString","coordinates":[[139.60517,36.09543],[139.60872,36.09221],[139.61202,36.08902],[139.61272,36.08758]]},"properties":{"name":"備前堀八ヶ村落"}},
{"type":"Feature","geometry":{"type":"LineString","coordinates":[[138.96346,35.95152],[138.96429,35.95264],[138.96511,35.95425],[138.96406,35.95474],[138.96388,35.95535]]},"properties":{"name":"荒川"}},
{"type":"Feature","geometry":{"type":"LineString","coordinates":[[139.6425,35.96708],[139.64357,35.96615],[139.64443,35.96591],[139.64515,35.96542],[139.6456,35.96461],[139.64745,35.96382],[139.64815,35.96367],[139.64936,35.96381],[139.65101,35.96326],[139.65426,35.96329],[139.65555,35.96345],[139.65665,35.96389],[139.65769,35.96393],[139.65851,35.96415],[139.65969,35.96472],[139.66072,35.96466],[139.66233,35.96542]]},"properties":{"name":"綾瀬川"}},
{"type":"Feature","geometry":{"type":"LineString","coordinates":[[139.86661,35.86508],[139.86794,35.86518],[139.87134,35.86514],[139.87365,35.86502]]},"properties":{"name":"半田川"}},
{"type":"Feature","geometry":{"type":"LineString","coordinates":[[139.32057,35.94676],[139.32144,35.94724],[139.32188,35.94695],[139.32279,35.9469],[139.32367,35.94786],[139.32503,35.94803],[139.32633,35.94788],[139.32692,35.94819],[139.32724,35.94939],[139.32781,35.94983],[139.32872,35.9502],[139.32924,35.95095],[139.32912,35.95164],[139.32842,35.95376]]},"properties":{"name":"大谷木川"}},
{"type":"Feature","geometry":{"type":"LineString","coordinates":[[139.07951,36.09207],[139.07953,36.09127],[139.07932,36.09085],[139.07934,36.08966],[139.07954,36.08888],[139.07875,36.08863],[139.07828,36.08792],[139.0781,36.08688],[139.07896,36.08539],[139.07886,36.08353],[139.07943,36.08269],[139.07938,36.08228]]},"properties":{"name":""}},
{"type":"Feature","geometry":{"type":"LineString","coordinates":[[139.37423,35.84928],[139.37739,35.84965],[139.37893,35.85006],[139.37944,35.85037]]},"properties":{"name":"入間川"}},
{"type":"Feature","geometry":{"type":"LineString","coordinates":[[139.13886,35.91449],[139.13954,35.9141],[139.14038,35.914],[139.14156,35.91301],[139.14276,35.91313],[139.14341,35.91225],[139.14519,35.91198],[139.14583,35.91162],[139.14683,35.91144],[139.14803,35.91099]]},"properties":{"name":"入間川"}},
{"type":"Feature","geometry":{"type":"LineString","coordinates":[[139.2404,36.07281],[139.24119,36.0721],[139.2425,36.07],[139.24289,36.06974]]},"properties":{"name":"兜川"}},
{"type":"Feature","geometry":{"type":"LineString","coordinates":[[139.48702,35.97933],[139.48601,35.97672],[139.48597,35.97575],[139.48617,35.97451],[139.48573,35.97333],[139.48596,35.97214]]},"properties":{"name":"安藤川"}},
{"type":"Feature","geometry":{"type":"LineString","coordinates":[[139.43069,35.88052],[139.43292,35.88112],[139.43354,35.88206],[139.43443,35.883],[139.43509,35.88407],[139.43628,35.88452],[139.43788,35.88607],[139.43812,35.88695],[139.43959,35.88735],[139.44023,35.88768],[139.4411,35.88902],[139.44278,35.88898],[139.44421,35.88925],[139.44486,35.88958],[139.44518,35.89008]]},"properties":{"name":"赤間川"}},
{"type":"Feature","geometry":{"type":"LineString","coordinates":[[139.39982,36.13828],[139.40024,36.13844],[139.4042,36.13867],[139.40533,36.13844],[139.40616,36.13784]]},"properties":{"name":"忍川"}},
{"type":"Feature","geometry":{"type":"LineString","coordinates":[[139.14781,36.26506],[139.14977,36.26406],[139.15142,36.26297],[139.15268,36.26278]]},"properties":{"name":"忍保川"}},
{"type":"Feature","geometry":{"type":"LineString","coordinates":[[139.74507,35.84476],[139.74604,35.84406],[139.74581,35.84372],[139.74597,35.84275],[139.74573,35.84222],[139.74638,35.84088],[139.74682,35.84042],[139.74705,35.83945],[139.74686,35.83833]]},"properties":{"name":"江川"}},
{"type":"Feature","geometry":{"type":"LineString","coordinates":[[139.69276,36.10503],[139.69317,36.10459],[139.69452,36.10262],[139.69534,36.10173],[139.69657,36.10064],[139.69917,36.09876],[139.70156,36.09737],[139.7029,36.09704],[139.70475,36.0972],[139.70694,36.09818],[139.70866,36.09932]]},"properties":{"name":"中川"}},
{"type":"Feature","geometry":{"type":"LineString","coordinates":[[139.77301,35.99534],[139.774,35.99391]]},"properties":{"name":"倉松川"}},
{"type":"Feature","geometry":{"type":"LineString","coordinates":[[139.74498,35.90821],[139.74684,35.90687],[139.74705,35.906]]},"properties":{"name":"末田落し"}},
{"type":"Feature","geometry":{"type":"LineString","coordinates":[[139.24946,36.05069],[139.25062,36.05065],[139.25432,36.05105],[139.25466,36.0518],[139.25458,36.05255],[139.25486,36.05309],[139.25542,36.05321],[139.25675,36.05315],[139.25995,36.05284],[139.26031,36.05289],[139.26213,36.05258],[139.26423,36.05241],[139.2653,36.05205],[139.26745,36.05212],[139.26951,36.05255]]},"properties":{"name":"槻川"}},
{"type":"Feature","geometry":{"type":"LineString","coordinates":[[139.61258,36.11216],[139.61575,36.11082],[139.61738,36.10942],[139.62019,36.10767],[139.62359,36.10632],[139.62718,36.10503],[139.6286,36.10472],[139.62982,36.10479],[139.63105,36.10449],[139.63216,36.10446],[139.63482,36.10504],[139.63586,36.1052],[139.63767,36.10518],[139.64049,36.10443],[139.64225,36.10413],[139.64652,36.10318],[139.64756,36.10289],[139.64954,36.10195]]},"properties":{"name":"青毛堀川"}},
{"type":"Feature","geometry":{"type":"LineString","coordinates":[[138.87837,35.99658],[138.87911,35.99575],[138.88073,35.99487],[138.88221,35.99384],[138.8833,35.99339],[138.88438,35.99317],[138.88531,35.99266]]},"properties":{"name":"小森川"}},
{"type":"Feature","geometry":{"type":"LineString","coordinates":[[138.83935,35.90618],[138.83931,35.90671],[138.83956,35.90778],[138.84028,35.90832],[138.84023,35.90887],[138.83957,35.90985],[138.83876,35.91027],[138.83797,35.91026],[138.83696,35.91109],[138.83685,35.91153],[138.83721,35.91238],[138.83731,35.91309],[138.83582,35.91298],[138.83598,35.91469],[138.83543,35.91483],[138.83482,35.91439],[138.83469,35.91367],[138.83436,35.9133],[138.83358,35.91321],[138.83215,35.91374]]},"properties":{"name":"滝川"}},
{"type":"Feature","geometry":{"type":"LineString","coordinates":[[139.08181,36.06564],[139.08355,36.06571],[139.08445,36.06604],[139.08606,36.06768],[139.08632,36.06821]]},"properties":{"name":"赤平川"}},
{"type":"Feature","geometry":{"type":"LineString","coordinates":[[139.47863,36.02294],[139.47885,36.02195]]},"properties":{"name":"台山排水路"}},
{"type":"Feature","geometry":{"type":"LineString","coordinates":[[139.46751,36.09234],[139.46789,36.09236],[139.47027,36.09305],[139.47189,36.09306],[139.47236,36.09319],[139.4729,36.09373],[139.47449,36.09471],[139.47541,36.09628],[139.4764,36.09927],[139.47671,36.09968],[139.47805,36.1]]},"properties":{"name":"元荒川"}},
{"type":"Feature","geometry":{"type":"LineString","coordinates":[[139.78802,35.95452],[139.78915,35.95369],[139.79014,35.9533],[139.7926,35.95146],[139.79425,35.95],[139.79531,35.94951],[139.79682,35.94831],[139.79833,35.94736],[139.79912,35.94648],[139.7995,35.94574],[139.79973,35.94412]]},"properties":{"name":"大落古利根川"}},
{"type":"Feature","geometry":{"type":"LineString","coordinates":[[139.86417,35.79658],[139.86399,35.79645],[139.86036,35.7957],[139.85948,35.79567]]},"properties":{"name":"下第二大場川"}},
{"type":"Feature","geometry":{"type":"LineString","coordinates":[[139.24331,36.00634],[139.2445,36.00566],[139.2455,36.00525],[139.24689,36.00423],[139.24785,36.00431],[139.24861,36.00414]]},"properties":{"name":"都幾川"}},
{"type":"Feature","geometry":{"type":"LineString","coordinates":[[139.63551,36.17319],[139.63982,36.17262]]},"properties":{"name":"大越分水"}},
{"type":"Feature","geometry":{"type":"LineString","coordinates":[[139.48995,35.96499],[139.49132,35.96345]]},"properties":{"name":"安藤川"}},
{"type":"Feature","geometry":{"type":"LineString","coordinates":[[139.6016,35.87488],[139.60123,35.87246],[139.59999,35.8699],[139.59978,35.86859],[139.59994,35.86807]]},"properties":{"name":"鴨川"}},
{"type":"Feature","geometry":{"type":"LineString","coordinates":[[139.66918,35.98089],[139.67027,35.97997],[139.67375,35.97619]]},"properties":{"name":"元荒川"}},
{"type":"Feature","geometry":{"type":"LineString","coordinates":[[139.01526,36.03925],[139.01767,36.03761]]},"properties":{"name":"吉田川"}},
{"type":"Feature","geometry":{"type":"LineString","coordinates":[[139.76043,36.03513],[139.76048,36.03477],[139.76202,36.02998],[139.76243,36.0286],[139.76299,36.02589],[139.76346,36.02401],[139.76402,36.02305],[139.76635,36.01959],[139.76878,36.01584],[139.77002,36.01078],[139.77103,36.00949],[139.77868,36.00309]]},"properties":{"name":"安戸落悪水路"}},
{"type":"Feature","geometry":{"type":"LineString","coordinates":[[139.67772,35.91656],[139.68164,35.91659],[139.6826,35.91677]]},"properties":{"name":"内田川"}},
{"type":"Feature","geometry":{"type":"LineString","coordinates":[[139.84291,35.84575],[139.84324,35.84504],[139.84384,35.84255],[139.84399,35.84053]]},"properties":{"name":"中川"}},
{"type":"Feature","geometry":{"type":"LineString","coordinates":[[139.71706,35.96296],[139.71788,35.96347],[139.71969,35.96547],[139.72001,35.96625],[139.72097,35.96761],[139.72184,35.96855],[139.72283,35.9708],[139.72359,35.97173],[139.72449,35.97236],[139.72486,35.97287]]},"properties":{"name":"古隅田川"}},
{"type":"Feature","geometry":{"type":"LineString","coordinates":[[139.44321,36.13935],[139.4449,36.13949],[139.44582,36.13973],[139.44691,36.14058]]},"properties":{"name":"忍川"}},
{"type":"Feature","geometry":{"type":"LineString","coordinates":[[139.46214,36.03329],[139.46273,36.03246],[139.46411,36.03098],[139.4663,36.02904],[139.46803,36.02844],[139.46959,36.02772],[139.47318,36.02678],[139.47363,36.02648],[139.47418,36.02568]]},"properties":{"name":"台山排水路"}},
{"type":"Feature","geometry":{"type":"LineString","coordinates":[[139.76889,36.05416],[139.76943,36.05374],[139.76981,36.0528],[139.76964,36.05098],[139.77013,36.05011],[139.772,36.04785],[139.77245,36.04689],[139.77251,36.04619],[139.77185,36.04425],[139.77177,36.0432],[139.77204,36.04265],[139.77308,36.0415],[139.77471,36.03923],[139.77487,36.03799]]},"properties":{"name":"中川"}},
{"type":"Feature","geometry":{"type":"LineString","coordinates":[[139.21027,36.23696],[139.21275,36.23682],[139.21375,36.23646],[139.21578,36.2355],[139.21711,36.23544],[139.2182,36.23504],[139.21995,36.23323],[139.22061,36.23281],[139.22158,36.23259],[139.22345,36.23273],[139.22429,36.23247],[139.22716,36.23033],[139.22761,36.22985],[139.22818,36.22875],[139.22969,36.228]]},"properties":{"name":"元小山川"}},
{"type":"Feature","geometry":{"type":"LineString","coordinates":[[139.17765,35.94943],[139.1784,35.94822]]},"properties":{"name":"高麗川"}},
{"type":"Feature","geometry":{"type":"LineString","coordinates":[[139.74664,35.82503],[139.74619,35.82425],[139.7475,35.82232],[139.74859,35.81997]]},"properties":{"name":"毛長川"}},
{"type":"Feature","geometry":{"type":"LineString","coordinates":[[139.74232,36.06034],[139.74519,36.05792],[139.74927,36.05429]]},"properties":{"name":"神扇落"}},
{"type":"Feature","geometry":{"type":"LineString","coordinates":[[139.80207,35.91393],[139.80163,35.91365]]},"properties":{"name":"逆川"}},
{"type":"Feature","geometry":{"type":"LineString","coordinates":[[139.39927,36.0124],[139.40146,36.01186],[139.40199,36.0118],[139.40415,36.01122],[139.40636,36.01073],[139.40666,36.01046],[139.40825,36.01043],[139.40953,36.01005],[139.41012,36.0097]]},"properties":{"name":"都幾川"}},
{"type":"Feature","geometry":{"type":"LineString","coordinates":[[139.40616,36.13784],[139.40692,36.13772],[139.40802,36.13815],[139.40933,36.13946],[139.41017,36.1397],[139.41315,36.13968],[139.41492,36.13999]]},"properties":{"name":"忍川"}},
{"type":"Feature","geometry":{"type":"LineString","coordinates":[[139.22969,36.228],[139.23131,36.22726],[139.23308,36.22514],[139.2344,36.22451]]},"properties":{"name":"小山川"}},
{"type":"Feature","geometry":{"type":"LineString","coordinates":[[139.67921,36.18596],[139.68038,36.18492],[139.68196,36.1827],[139.68303,36.17992],[139.68288,36.17911],[139.68179,36.1783]]},"properties":{"name":""}},
{"type":"Feature","geometry":{"type":"LineString","coordinates":[[139.24131,36.10595],[139.24486,36.10711],[139.24706,36.1082],[139.24729,36.10846]]},"properties":{"name":"吉野川"}},
{"type":"Feature","geometry":{"type":"LineString","coordinates":[[138.76053,35.99443],[138.76084,35.9947],[138.76169,35.99434],[138.7627,35.99412],[138.7641,35.99447],[138.76655,35.99493],[138.76879,35.99497],[138.76996,35.99398],[138.77054,35.99404],[138.77104,35.99449],[138.77147,35.99429],[138.77211,35.99341]]},"properties":{"name":"中津川"}},
{"type":"Feature","geometry":{"type":"LineString","coordinates":[[139.17557,36.08123],[139.17545,36.08095],[139.17614,36.07983],[139.17725,36.07921],[139.17749,36.07811],[139.17859,36.07702],[139.17811,36.07633]]},"properties":{"name":"大内沢川"}},
{"type":"Feature","geometry":{"type":"LineString","coordinates":[[139.16979,36.01968],[139.16961,36.0203],[139.16992,36.02196],[139.16989,36.02284]]},"properties":{"name":"槻川"}},
{"type":"Feature","geometry":{"type":"LineString","coordinates":[[139.74255,35.81568],[139.74478,35.81342],[139.74634,35.81202],[139.75095,35.80743]]},"properties":{"name":"新芝川"}},
{"type":"Feature","geometry":{"type":"LineString","coordinates":[[138.93138,35.89956],[138.93131,35.8998]]},"properties":{"name":"大洞川"}},
{"type":"Feature","geometry":{"type":"LineString","coordinates":[[139.75209,36.03547],[139.75323,36.0335],[139.75667,36.0263],[139.76176,36.01458],[139.76541,36.00643]]},"properties":{"name":"倉松川"}},
{"type":"Feature","geometry":{"type":"LineString","coordinates":[[139.36976,36.04843],[139.37067,36.04817],[139.37145,36.04844],[139.37308,36.04797],[139.37419,36.0483],[139.37456,36.04898],[139.3761,36.05057],[139.37806,36.05149],[139.37884,36.05127],[139.37909,36.05092],[139.37905,36.04984],[139.37957,36.04929],[139.38178,36.04988],[139.38267,36.04993]]},"properties":{"name":"市野川"}},
{"type":"Feature","geometry":{"type":"LineString","coordinates":[[139.47186,36.13089],[139.47174,36.12961]]},"properties":{"name":"忍川"}},
{"type":"Feature","geometry":{"type":"LineString","coordinates":[[139.75979,35.86793],[139.76208,35.86549]]},"properties":{"name":"伝右川"}},
{"type":"Feature","geometry":{"type":"LineString","coordinates":[[139.13721,36.24855],[139.13756,36.24926],[139.13764,36.25091],[139.13824,36.25167],[139.14204,36.25302]]},"properties":{"name":"御陣場川"}},
{"type":"Feature","geometry":{"type":"LineString","coordinates":[[139.67199,35.96183],[139.67321,35.96099],[139.67361,35.96049],[139.67386,35.95947],[139.6754,35.95794],[139.67611,35.95735],[139.67641,35.95578],[139.67705,35.95485],[139.67668,35.95382],[139.67681,35.95294],[139.67986,35.95108],[139.68154,35.95068],[139.68201,35.95037],[139.68247,35.94939],[139.68248,35.94847],[139.68186,35.94679],[139.68246,35.94553],[139.68249,35.94486],[139.68176,35.94367],[139.68147,35.94212],[139.68169,35.94173]]},"properties":{"name":"綾瀬川"}},
{"type":"Feature","geometry":{"type":"LineString","coordinates":[[139.50202,36.04292],[139.50249,36.04129]]},"properties":{"name":"荒川"}},
{"type":"Feature","geometry":{"type":"LineString","coordinates":[[139.73272,36.03469],[139.73411,36.03442],[139.73646,36.03384],[139.73845,36.0375]]},"properties":{"name":""}},
{"type":"Feature","geometry":{"type":"LineString","coordinates":[[139.49161,36.05597],[139.49251,36.05523],[139.49324,36.05496],[139.49523,36.05344]]},"properties":{"name":"荒川"}},
{"type":"Feature","geometry":{"type":"LineString","coordinates":[[139.32842,35.95376],[139.32899,35.95481],[139.32952,35.955],[139.33073,35.95503]]},"properties":{"name":"大谷木川"}},
{"type":"Feature","geometry":{"type":"LineString","coordinates":[[139.47141,36.12628],[139.47235,36.12566]]},"properties":{"name":""}},
{"type":"Feature","geometry":{"type":"LineString","coordinates":[[139.69868,36.15165],[139.69876,36.15125]]},"properties":{"name":"渡良瀬川"}},
{"type":"Feature","geometry":{"type":"LineString","coordinates":[[139.59945,35.88959],[139.59994,35.8895],[139.60139,35.88963],[139.60247,35.88944],[139.60314,35.88879],[139.60333,35.8875],[139.60264,35.88428],[139.60245,35.88374],[139.60181,35.87993],[139.6018,35.87937]]},"properties":{"name":"鴨川"}},
{"type":"Feature","geometry":{"type":"LineString","coordinates":[[139.02508,35.94986],[139.02546,35.95036],[139.02524,35.95117],[139.02567,35.95146],[139.02555,35.95263],[139.02579,35.95292]]},"properties":{"name":"安谷川"}},
{"type":"Feature","geometry":{"type":"LineString","coordinates":[[139.11858,36.0865],[139.11842,36.08772],[139.11805,36.08846],[139.11697,36.08964],[139.11749,36.0908],[139.11681,36.09342],[139.11566,36.09559],[139.1152,36.09585],[139.1144,36.09687],[139.11415,36.09754],[139.11461,36.09916]]},"properties":{"name":"荒川"}},
{"type":"Feature","geometry":{"type":"LineString","coordinates":[[139.13094,36.05391],[139.13079,36.05425],[139.13154,36.05563],[139.13157,36.05684]]},"properties":{"name":"三沢川"}},
{"type":"Feature","geometry":{"type":"LineString","coordinates":[[139.54673,35.90879],[139.54809,35.90723],[139.54926,35.90623],[139.55045,35.90562],[139.55419,35.90486]]},"properties":{"name":"荒川"}},
{"type":"Feature","geometry":{"type":"LineString","coordinates":[[139.02983,36.06718],[139.03033,36.06668],[139.03063,36.06582]]},"properties":{"name":"阿熊川"}},
{"type":"Feature","geometry":{"type":"LineString","coordinates":[[139.63941,35.97128],[139.64137,35.97054],[139.6423,35.96962]]},"properties":{"name":"原市沼川"}},
{"type":"Feature","geometry":{"type":"LineString","coordinates":[[139.03749,36.00901],[139.0384,36.00969],[139.03866,36.01043],[139.0387,36.01147],[139.03926,36.01267],[139.04009,36.01318],[139.04081,36.01384],[139.0415,36.01482],[139.04149,36.01578],[139.04186,36.01677],[139.04278,36.0178],[139.04414,36.01746],[139.04613,36.01721],[139.0467,36.01723],[139.04718,36.01769],[139.04674,36.01961],[139.04592,36.02079],[139.04584,36.02286],[139.04506,36.02333],[139.04322,36.0235],[139.04199,36.02383]]},"properties":{"name":"赤平川"}},
{"type":"Feature","geometry":{"type":"LineString","coordinates":[[139.32354,36.20638],[139.3237,36.20716],[139.32503,36.20886]]},"properties":{"name":"福川"}},
{"type":"Feature","geometry":{"type":"LineString","coordinates":[[139.17804,36.15776],[139.18006,36.15816],[139.18103,36.15887]]},"properties":{"name":"天神川"}},
{"type":"Feature","geometry":{"type":"LineString","coordinates":[[139.15921,36.21521],[139.16067,36.21554],[139.1644,36.21547],[139.16551,36.21624],[139.16687,36.21699],[139.16922,36.2171],[139.16978,36.21732],[139.17127,36.21919],[139.17191,36.21978],[139.17442,36.21995],[139.17642,36.21979],[139.17759,36.21953],[139.17827,36.21982],[139.17887,36.21959]]},"properties":{"name":"男堀川"}},
{"type":"Feature","geometry":{"type":"LineString","coordinates":[[139.39668,35.98471],[139.39744,35.98465],[139.39894,35.98519],[139.40231,35.98513],[139.40455,35.98537],[139.40532,35.98566],[139.40604,35.9864]]},"properties":{"name":"越辺川"}},
{"type":"Feature","geometry":{"type":"LineString","coordinates":[[139.37944,35.85037],[139.38074,35.85073],[139.38403,35.85148],[139.38519,35.85147],[139.38596,35.85166],[139.38704,35.85218],[139.39073,35.85435]]},"properties":{"name":"入間川"}},
{"type":"Feature","geometry":{"type":"LineString","coordinates":[[139.48822,36.01223],[139.49127,36.00957],[139.49339,36.00766],[139.4946,36.00615],[139.49517,36.00504],[139.49579,36.00319],[139.49695,36.00115],[139.49814,35.99976],[139.5004,35.99742]]},"properties":{"name":"市野川"}},
{"type":"Feature","geometry":{"type":"LineString","coordinates":[[138.84479,35.96553],[138.84567,35.96505],[138.84816,35.96444],[138.84996,35.96435],[138.85014,35.96383],[138.85088,35.96375],[138.85176,35.964],[138.85212,35.96439]]},"properties":{"name":"中津川"}},
{"type":"Feature","geometry":{"type":"LineString","coordinates":[[139.36217,36.11956],[139.36308,36.12009]]},"properties":{"name":"和田吉野川"}},
{"type":"Feature","geometry":{"type":"LineString","coordinates":[[139.79919,35.88832],[139.79951,35.88844]]},"properties":{"name":"逆川"}},
{"type":"Feature","geometry":{"type":"LineString","coordinates":[[139.76363,35.82231],[139.76365,35.82091],[139.7638,35.81983],[139.7636,35.81839],[139.76389,35.81756]]},"properties":{"name":"見沼代用水東縁"}},
{"type":"Feature","geometry":{"type":"LineString","coordinates":[[139.14803,35.91099],[139.14834,35.91028],[139.14887,35.90974],[139.1495,35.90977]]},"properties":{"name":"入間川"}},
{"type":"Feature","geometry":{"type":"LineString","coordinates":[[139.72888,36.05104],[139.72802,36.04993],[139.72777,36.0493],[139.72865,36.04813],[139.72926,36.04516],[139.72965,36.04464],[139.73093,36.04381],[139.73192,36.04247],[139.73356,36.04061],[139.73412,36.04018],[139.7358,36.03928],[139.73787,36.03787],[139.73968,36.03736],[139.74069,36.03666],[139.74149,36.0365],[139.7432,36.03724],[139.74419,36.03751],[139.74586,36.0373],[139.7476,36.03757],[139.74883,36.0384]]},"properties":{"name":"倉松川"}},
{"type":"Feature","geometry":{"type":"LineString","coordinates":[[139.81172,35.8164],[139.81209,35.81596],[139.81374,35.81523],[139.81536,35.81486],[139.81901,35.81382],[139.82083,35.81129]]},"properties":{"name":"伝右川"}},
{"type":"Feature","geometry":{"type":"LineString","coordinates":[[139.45321,35.91976],[139.45315,35.92066],[139.45381,35.92175],[139.45387,35.92336]]},"properties":{"name":"入間川"}},
{"type":"Feature","geometry":{"type":"LineString","coordinates":[[139.47263,36.1244],[139.47462,36.11547],[139.47554,36.11199],[139.47621,36.1102],[139.4759,36.10948],[139.47595,36.10894],[139.47827,36.104],[139.47893,36.10249],[139.47896,36.10159]]},"properties":{"name":"武蔵水路"}},
{"type":"Feature","geometry":{"type":"LineString","coordinates":[[139.84097,35.85235],[139.84166,35.84866],[139.84291,35.84575]]},"properties":{"name":"中川"}},
{"type":"Feature","geometry":{"type":"LineString","coordinates":[[139.24751,35.9655],[139.248,35.96461],[139.24862,35.96426],[139.25114,35.96379],[139.25177,35.96421],[139.25344,35.96385],[139.25398,35.96337],[139.25607,35.9638],[139.25657,35.96338],[139.25876,35.96307],[139.2595,35.96309],[139.25977,35.96357],[139.26051,35.96393],[139.26093,35.9644],[139.26223,35.96468],[139.2628,35.96435],[139.26386,35.96427],[139.26508,35.9636]]},"properties":{"name":"麦原川"}},
{"type":"Feature","geometry":{"type":"LineString","coordinates":[[139.56156,36.05005],[139.56222,36.0479],[139.56327,36.04701],[139.56407,36.04588],[139.56543,36.04515],[139.56614,36.04448],[139.56793,36.04372],[139.56863,36.04302],[139.57026,36.04175],[139.57048,36.04111],[139.5702,36.03959],[139.57102,36.03838],[139.57107,36.038],[139.5704,36.03645],[139.57057,36.03598],[139.57143,36.03492],[139.57303,36.03399],[139.57402,36.03382],[139.57528,36.03386],[139.57569,36.03372],[139.57735,36.03241],[139.57779,36.03195],[139.57933,36.03134],[139.582,36.03092],[139.5835,36.03005],[139.58543,36.02955],[139.58676,36.02897],[139.58744,36.02885],[139.58844,36.02895]]},"properties":{"name":"元荒川"}},
{"type":"Feature","geometry":{"type":"LineString","coordinates":[[139.22173,36.24685],[139.22313,36.24656],[139.22654,36.24643],[139.22774,36.24611],[139.23021,36.2447],[139.23046,36.24441],[139.23215,36.24096],[139.23255,36.24039],[139.23446,36.23852],[139.235,36.23777]]},"properties":{"name":"備前渠（備前渠川・備前渠用水路）"}},
{"type":"Feature","geometry":{"type":"LineString","coordinates":[[139.19831,36.09214],[139.19751,36.0932],[139.19775,36.09374],[139.19878,36.09394],[139.19826,36.09496],[139.19647,36.09635],[139.19712,36.09699],[139.19706,36.09755],[139.19611,36.0982],[139.19567,36.09827],[139.19615,36.09905],[139.1955,36.09966]]},"properties":{"name":""}},
{"type":"Feature","geometry":{"type":"LineString","coordinates":[[139.03057,35.98893],[139.03051,35.98948],[139.03128,35.99006],[139.03101,35.99056],[139.02965,35.99055],[139.02953,35.99086],[139.03015,35.99138],[139.03012,35.99179],[139.02958,35.99208],[139.0298,35.99268]]},"properties":{"name":"長留川"}},
{"type":"Feature","geometry":{"type":"LineString","coordinates":[[139.06406,36.14934],[139.06328,36.14953],[139.06253,36.15047],[139.06049,36.15118],[139.06061,36.15171],[139.06147,36.15239]]},"properties":{"name":"池尻川"}},
{"type":"Feature","geometry":{"type":"LineString","coordinates":[[139.76764,36.03969],[139.77146,36.03486],[139.77208,36.03469]]},"properties":{"name":"神扇落"}},
{"type":"Feature","geometry":{"type":"LineString","coordinates":[[139.6228,35.84654],[139.62094,35.84467],[139.61863,35.84252]]},"properties":{"name":"鴻沼川"}},
{"type":"Feature","geometry":{"type":"LineString","coordinates":[[138.8158,36.02685],[138.81565,36.02593],[138.81525,36.02544],[138.81381,36.02499],[138.81318,36.02398],[138.81251,36.02354],[138.81202,36.02247],[138.81152,36.02043],[138.81101,36.02009],[138.81084,36.0187],[138.80981,36.01803],[138.80894,36.01767],[138.80824,36.01628],[138.80625,36.01526],[138.80584,36.0147],[138.80582,36.01399],[138.80646,36.01347],[138.80642,36.01316]]},"properties":{"name":"神流川"}},
{"type":"Feature","geometry":{"type":"LineString","coordinates":[[139.40883,36.18854],[139.40978,36.18777],[139.41083,36.18729],[139.41268,36.18703],[139.41489,36.18735],[139.41856,36.18851]]},"properties":{"name":"奈良川（北河原用水路）"}},
{"type":"Feature","geometry":{"type":"LineString","coordinates":[[139.04199,36.02383],[139.04174,36.02443],[139.04199,36.02535],[139.04186,36.02663],[139.04203,36.02824],[139.04161,36.03047],[139.04119,36.03135],[139.04083,36.03153],[139.03935,36.03143],[139.03776,36.03206],[139.03745,36.0323]]},"properties":{"name":"赤平川"}},
{"type":"Feature","geometry":{"type":"LineString","coordinates":[[139.54304,35.97862],[139.5422,35.97681],[139.54189,35.97654]]},"properties":{"name":"江川"}},
{"type":"Feature","geometry":{"type":"LineString","coordinates":[[139.55135,35.89679],[139.55153,35.89591],[139.55211,35.89493],[139.55204,35.89469],[139.55333,35.89361],[139.55494,35.89277],[139.55525,35.89276],[139.5568,35.89195],[139.55784,35.89124],[139.55815,35.8908],[139.55836,35.88961],[139.55799,35.88852],[139.55708,35.88754],[139.55643,35.88729],[139.5557,35.88737],[139.55413,35.88819],[139.5526,35.88854],[139.55095,35.88834],[139.55036,35.88808],[139.54972,35.88742],[139.54957,35.88696],[139.54991,35.88548],[139.55078,35.88417]]},"properties":{"name":"びん沼川"}},
{"type":"Feature","geometry":{"type":"LineString","coordinates":[[139.27021,36.23761],[139.27113,36.23688],[139.27189,36.23499]]},"properties":{"name":"深谷横瀬川"}},
{"type":"Feature","geometry":{"type":"LineString","coordinates":[[139.69695,35.80299],[139.69915,35.80228],[139.70104,35.80133]]},"properties":{"name":"菖蒲川"}},
{"type":"Feature","geometry":{"type":"LineString","coordinates":[[139.18983,36.17821],[139.18963,36.17916],[139.19009,36.18039],[139.19008,36.18133],[139.18968,36.1831],[139.18979,36.18594]]},"properties":{"name":"天神川"}},
{"type":"Feature","geometry":{"type":"LineString","coordinates":[[139.27068,36.05248],[139.27185,36.05242],[139.27277,36.05309],[139.27499,36.05338]]},"properties":{"name":"槻川"}},
{"type":"Feature","geometry":{"type":"LineString","coordinates":[[139.79278,35.85893],[139.79504,35.85864],[139.79619,35.85809],[139.79717,35.85798]]},"properties":{"name":"綾瀬川"}},
{"type":"Feature","geometry":{"type":"LineString","coordinates":[[139.23101,36.0746],[139.23105,36.074],[139.23074,36.07351],[139.23093,36.07314],[139.2319,36.07275],[139.23254,36.07287],[139.23307,36.07379],[139.23365,36.07392],[139.23477,36.0737],[139.23599,36.07265],[139.23674,36.07267],[139.23699,36.0736],[139.2377,36.07397],[139.23858,36.07403]]},"properties":{"name":"兜川"}},
{"type":"Feature","geometry":{"type":"LineString","coordinates":[[139.08309,36.21798],[139.08394,36.2189],[139.08485,36.22105]]},"properties":{"name":"神流川"}},
{"type":"Feature","geometry":{"type":"LineString","coordinates":[[139.15377,35.94817],[139.15423,35.9488],[139.15377,35.94924],[139.15353,35.95064],[139.15278,35.95143],[139.15276,35.95263],[139.15234,35.95332]]},"properties":{"name":"横瀬川"}},
{"type":"Feature","geometry":{"type":"LineString","coordinates":[[139.72652,35.82249],[139.72723,35.82199]]},"properties":{"name":"芝川"}},
{"type":"Feature","geometry":{"type":"LineString","coordinates":[[138.83949,35.89334],[138.83956,35.89416],[138.83885,35.89562],[138.83841,35.89612],[138.83819,35.89677],[138.83774,35.89675],[138.8373,35.89622],[138.83683,35.89652],[138.83661,35.89764],[138.83653,35.89911],[138.83759,35.89975],[138.83862,35.89957],[138.83902,35.89924],[138.83961,35.89946],[138.83971,35.90014],[138.83895,35.90083],[138.83907,35.90133],[138.84006,35.90215]]},"properties":{"name":"滝川"}},
{"type":"Feature","geometry":{"type":"LineString","coordinates":[[139.56103,35.85457],[139.56103,35.85346],[139.56067,35.85254],[139.5606,35.85151],[139.56128,35.85033]]},"properties":{"name":"新河岸川"}},
{"type":"Feature","geometry":{"type":"LineString","coordinates":[[138.97543,35.9756],[138.9759,35.97517],[138.97674,35.97499],[138.97606,35.97454],[138.97639,35.97368],[138.97738,35.97309],[138.97687,35.97271],[138.97741,35.97168],[138.97687,35.97138],[138.97691,35.97058],[138.97797,35.97023],[138.97817,35.96973],[138.97909,35.96971],[138.97925,35.96937],[138.97859,35.96858],[138.98023,35.9678],[138.9801,35.96717],[138.97971,35.96669],[138.98041,35.96615],[138.98048,35.96541],[138.98001,35.96504],[138.98054,35.9641],[138.98146,35.96383],[138.98182,35.96345],[138.98301,35.96317]]},"properties":{"name":"贅川"}},
{"type":"Feature","geometry":{"type":"LineString","coordinates":[[139.34481,36.12268],[139.34553,36.12252],[139.34613,36.12206],[139.34994,36.12097],[139.35146,36.12036],[139.35216,36.12026],[139.35351,36.11977],[139.35803,36.11886],[139.35884,36.11877],[139.36126,36.1191],[139.36217,36.11956]]},"properties":{"name":"和田吉野川"}},
{"type":"Feature","geometry":{"type":"LineString","coordinates":[[139.85735,35.86952],[139.85693,35.87147]]},"properties":{"name":"上第二大場川"}},
{"type":"Feature","geometry":{"type":"LineString","coordinates":[[139.24039,36.01183],[139.24224,36.00977],[139.24289,36.00951],[139.24299,36.00853],[139.24339,36.00782],[139.24331,36.00634]]},"properties":{"name":"後野川"}},
{"type":"Feature","geometry":{"type":"LineString","coordinates":[[139.79656,35.92509],[139.79792,35.92186]]},"properties":{"name":"新方川"}},
{"type":"Feature","geometry":{"type":"LineString","coordinates":[[138.93117,35.8839],[138.93071,35.88537],[138.93002,35.88559],[138.9298,35.88501],[138.92874,35.88479],[138.92808,35.8853],[138.92796,35.88616],[138.92887,35.88704],[138.92934,35.88796],[138.93014,35.88823],[138.9298,35.88941],[138.93003,35.89007],[138.9297,35.89044],[138.92873,35.89063],[138.92857,35.89118],[138.92948,35.89164],[138.9296,35.89217],[138.93055,35.89254],[138.93034,35.89323],[138.93055,35.89366],[138.93122,35.89368],[138.93195,35.89473]]},"properties":{"name":"大洞川"}},
{"type":"Feature","geometry":{"type":"LineString","coordinates":[[139.44248,36.02372],[139.44218,36.02332]]},"properties":{"name":"横見川"}},
{"type":"Feature","geometry":{"type":"LineString","coordinates":[[139.61677,35.83028],[139.6182,35.82958],[139.61971,35.82815],[139.62084,35.82679],[139.62177,35.82508],[139.6224,35.82431],[139.62282,35.82218],[139.62276,35.81932],[139.62169,35.81169]]},"properties":{"name":"荒川"}},
{"type":"Feature","geometry":{"type":"LineString","coordinates":[[139.72996,35.9379],[139.73023,35.93742]]},"properties":{"name":"元荒川"}},
{"type":"Feature","geometry":{"type":"LineString","coordinates":[[139.64954,36.10195],[139.65154,36.10099],[139.6529,36.10019],[139.65397,36.09921]]},"properties":{"name":"青毛堀川"}},
{"type":"Feature","geometry":{"type":"LineString","coordinates":[[138.92196,36.035],[138.92309,36.03485],[138.9247,36.03489],[138.92546,36.03475],[138.92618,36.03435],[138.92644,36.03393],[138.92651,36.03309]]},"properties":{"name":"赤平川"}},
{"type":"Feature","geometry":{"type":"LineString","coordinates":[[139.88815,35.81705],[139.89066,35.81593]]},"properties":{"name":"三郷放水路"}},
{"type":"Feature","geometry":{"type":"LineString","coordinates":[[138.81722,36.00321],[138.81726,36.00288],[138.8168,36.00204],[138.81752,36.00106],[138.81854,36.00096],[138.81904,36.00045]]},"properties":{"name":"神流川"}},
{"type":"Feature","geometry":{"type":"LineString","coordinates":[[139.22312,36.13453],[139.22557,36.13242],[139.22827,36.13022]]},"properties":{"name":"蟹沢排水路"}},
{"type":"Feature","geometry":{"type":"LineString","coordinates":[[139.86854,35.85312],[139.86853,35.85297],[139.87177,35.84901],[139.87286,35.84774]]},"properties":{"name":"末広戸川"}},
{"type":"Feature","geometry":{"type":"LineString","coordinates":[[139.32345,36.20428],[139.32366,36.20515],[139.32354,36.20638]]},"properties":{"name":"福川"}},
{"type":"Feature","geometry":{"type":"LineString","coordinates":[[139.18644,35.93669],[139.18597,35.93615],[139.18592,35.93547],[139.1864,35.93515],[139.18759,35.93525],[139.18895,35.93414],[139.18921,35.93339],[139.19035,35.93247],[139.19043,35.93123],[139.19071,35.93082],[139.19153,35.9306],[139.19176,35.92983]]},"properties":{"name":"高麗川"}},
{"type":"Feature","geometry":{"type":"LineString","coordinates":[[139.86948,35.87572],[139.87218,35.87026],[139.87326,35.86874],[139.87505,35.86684],[139.87612,35.86644],[139.87747,35.86623],[139.87821,35.86587]]},"properties":{"name":"大場川"}},
{"type":"Feature","geometry":{"type":"LineString","coordinates":[[139.31342,36.02097],[139.3131,36.0236],[139.31343,36.02543],[139.31438,36.02692],[139.31481,36.02782],[139.31585,36.02859],[139.31717,36.02976],[139.31954,36.03204]]},"properties":{"name":"都幾川"}},
{"type":"Feature","geometry":{"type":"LineString","coordinates":[[139.22875,36.00034],[139.23007,36.00125],[139.23173,36.00191],[139.23326,36.00205],[139.23503,36.00161],[139.2368,36.00169]]},"properties":{"name":"都幾川"}},
{"type":"Feature","geometry":{"type":"LineString","coordinates":[[139.74686,35.83833],[139.74669,35.83803],[139.7468,35.83643],[139.74699,35.83613]]},"properties":{"name":"毛長川"}},
{"type":"Feature","geometry":{"type":"LineString","coordinates":[[139.73618,35.92885],[139.73649,35.92842],[139.73772,35.92795]]},"properties":{"name":"元荒川"}},
{"type":"Feature","geometry":{"type":"LineString","coordinates":[[139.16383,36.14612],[139.1646,36.1448],[139.16549,36.14374],[139.16615,36.14227]]},"properties":{"name":"円良田川"}},
{"type":"Feature","geometry":{"type":"LineString","coordinates":[[139.40069,35.97695],[139.40283,35.97781],[139.40483,35.97816],[139.40578,35.97845],[139.40899,35.97895],[139.41172,35.97944],[139.41612,35.97972],[139.41679,35.9797],[139.4211,35.97891],[139.42643,35.97787],[139.42682,35.97769],[139.42808,35.97623],[139.42874,35.97584]]},"properties":{"name":"飯盛川"}},
{"type":"Feature","geometry":{"type":"LineString","coordinates":[[139.0858,36.22233],[139.0867,36.22294],[139.0873,36.22398],[139.08839,36.22516],[139.08898,36.22554]]},"properties":{"name":"神流川"}},
{"type":"Feature","geometry":{"type":"LineString","coordinates":[[139.82031,35.80134],[139.82022,35.80081],[139.81972,35.79977]]},"properties":{"name":"綾瀬川"}},
{"type":"Feature","geometry":{"type":"LineString","coordinates":[[139.66472,36.09455],[139.6652,36.09306],[139.66766,36.09055],[139.66831,36.08946],[139.66843,36.08839],[139.66812,36.08716]]},"properties":{"name":"青毛堀川"}},
{"type":"Feature","geometry":{"type":"LineString","coordinates":[[139.33543,35.83745],[139.33632,35.83703],[139.33764,35.83589]]},"properties":{"name":"入間川"}},
{"type":"Feature","geometry":{"type":"LineString","coordinates":[[139.04907,36.05048],[139.05028,36.05247],[139.05099,36.0542],[139.05172,36.05472],[139.05218,36.05479],[139.0533,36.0545],[139.05384,36.05452],[139.05472,36.05498],[139.05513,36.05545],[139.05538,36.05624],[139.0554,36.05698],[139.05587,36.05788],[139.05684,36.05824],[139.0581,36.05904]]},"properties":{"name":"赤平川"}},
{"type":"Feature","geometry":{"type":"LineString","coordinates":[[139.83894,35.86631],[139.83865,35.86464],[139.83881,35.86319],[139.83959,35.86048],[139.84042,35.85841],[139.84057,35.85766],[139.84059,35.85501],[139.84097,35.85235]]},"properties":{"name":"中川"}},
{"type":"Feature","geometry":{"type":"LineString","coordinates":[[138.94526,35.93816],[138.94401,35.93669]]},"properties":{"name":"荒川"}},
{"type":"Feature","geometry":{"type":"LineString","coordinates":[[139.10611,35.97212],[139.10687,35.97258],[139.10706,35.97312]]},"properties":{"name":"生川"}},
{"type":"Feature","geometry":{"type":"LineString","coordinates":[[139.86081,35.88649],[139.86094,35.88555],[139.86217,35.88314],[139.86329,35.88161],[139.86476,35.88101],[139.86605,35.88069],[139.86664,35.88021]]},"properties":{"name":"西大場川"}},
{"type":"Feature","geometry":{"type":"LineString","coordinates":[[139.22497,36.0384],[139.22517,36.03778]]},"properties":{"name":"槻川"}},
{"type":"Feature","geometry":{"type":"LineString","coordinates":[[139.24822,36.0659],[139.24879,36.06535],[139.24977,36.06498]]},"properties":{"name":"兜川"}},
{"type":"Feature","geometry":{"type":"LineString","coordinates":[[139.50552,35.99618],[139.50701,35.99605],[139.50836,35.9958],[139.50891,35.99531],[139.50916,35.99447],[139.51054,35.99255],[139.51152,35.99168],[139.51162,35.99122],[139.51149,35.98977],[139.51158,35.98929],[139.51212,35.98857],[139.51422,35.98745],[139.5156,35.98627],[139.51638,35.98529],[139.51773,35.98386],[139.51946,35.98231],[139.52035,35.98166]]},"properties":{"name":"荒川"}},
{"type":"Feature","geometry":{"type":"LineString","coordinates":[[139.48596,35.97214],[139.48645,35.97066],[139.48687,35.96987],[139.48879,35.96814],[139.48917,35.96665]]},"properties":{"name":"安藤川"}},
{"type":"Feature","geometry":{"type":"LineString","coordinates":[[139.13297,36.01082],[139.13277,36.01112],[139.13143,36.01214],[139.12954,36.01231],[139.12867,36.01228],[139.12769,36.01266],[139.12719,36.01258],[139.1264,36.01307],[139.12429,36.01314],[139.12324,36.01383],[139.12145,36.01418],[139.1178,36.01373],[139.11672,36.01291],[139.11596,36.01295],[139.11538,36.01252],[139.11472,36.01256],[139.11406,36.01303],[139.11316,36.0129],[139.11185,36.01292],[139.11132,36.01265],[139.11063,36.01321],[139.10982,36.01311]]},"properties":{"name":"大棚川"}},
{"type":"Feature","geometry":{"type":"LineString","coordinates":[[139.61272,36.08758],[139.61355,36.0858],[139.61484,36.08251],[139.61504,36.08182]]},"properties":{"name":"備前堀八ヶ村落"}},
{"type":"Feature","geometry":{"type":"LineString","coordinates":[[139.78146,35.98572],[139.78168,35.98233]]},"properties":{"name":"中川"}},
{"type":"Feature","geometry":{"type":"LineString","coordinates":[[139.16598,36.26001],[139.1669,36.26041],[139.16813,36.2628],[139.16904,36.26396],[139.17038,36.26467],[139.17111,36.26485],[139.17213,36.26457],[139.17245,36.26427],[139.17364,36.26245],[139.17408,36.26214],[139.17545,36.26193],[139.17905,36.26253],[139.18044,36.26253],[139.18348,36.26184],[139.18569,36.26172]]},"properties":{"name":"御陣場川"}},
{"type":"Feature","geometry":{"type":"LineString","coordinates":[[139.39018,35.90613],[139.39231,35.90627]]},"properties":{"name":"小畔川"}},
{"type":"Feature","geometry":{"type":"LineString","coordinates":[[139.15738,36.16988],[139.15811,36.17055],[139.15866,36.17064],[139.15913,36.17142],[139.15923,36.17235],[139.15978,36.17291]]},"properties":{"name":"那珂川"}},
{"type":"Feature","geometry":{"type":"LineString","coordinates":[[138.83215,35.91374],[138.83256,35.91469],[138.83324,35.91552],[138.83381,35.91582],[138.83374,35.9162],[138.83282,35.91666],[138.83264,35.91703],[138.83322,35.91774],[138.8335,35.91981],[138.83317,35.92052],[138.83325,35.9209],[138.83474,35.92083],[138.83509,35.92115],[138.83477,35.92155],[138.83471,35.92223],[138.83494,35.9231],[138.83437,35.92354],[138.83354,35.92317],[138.83296,35.9237],[138.83165,35.92299],[138.8307,35.92343],[138.83032,35.92385]]},"properties":{"name":"滝川"}},
{"type":"Feature","geometry":{"type":"LineString","coordinates":[[139.50895,35.9554],[139.5102,35.95512]]},"properties":{"name":"入間川"}},
{"type":"Feature","geometry":{"type":"LineString","coordinates":[[139.85362,35.85098],[139.85395,35.84968]]},"properties":{"name":"二郷半領用水路"}},
{"type":"Feature","geometry":{"type":"LineString","coordinates":[[139.43505,35.9301],[139.43538,35.93068],[139.43664,35.93179],[139.43714,35.93181],[139.43927,35.93259],[139.44066,35.93318],[139.44158,35.93388]]},"properties":{"name":"小畔川"}},
{"type":"Feature","geometry":{"type":"LineString","coordinates":[[139.09817,36.15689],[139.09854,36.15721],[139.09892,36.15816],[139.09849,36.1597],[139.09849,36.16032],[139.09887,36.16058]]},"properties":{"name":"小山川"}},
{"type":"Feature","geometry":{"type":"LineString","coordinates":[[139.55832,35.94699],[139.55802,35.94561],[139.55725,35.94433],[139.55388,35.94226],[139.553,35.94159],[139.5527,35.94],[139.55197,35.93839],[139.551,35.93765],[139.55054,35.93752],[139.54927,35.9368],[139.54817,35.93656]]},"properties":{"name":"上尾中堀川"}},
{"type":"Feature","geometry":{"type":"LineString","coordinates":[[138.74921,35.98803],[138.75032,35.98838],[138.75079,35.98873],[138.75197,35.98902],[138.75288,35.98904],[138.75412,35.98857],[138.7552,35.98879]]},"properties":{"name":"中津川"}},
{"type":"Feature","geometry":{"type":"LineString","coordinates":[[139.63059,36.15062],[139.63106,36.15009],[139.63266,36.14871],[139.63424,36.14775]]},"properties":{"name":"槐堀排水路"}},
{"type":"Feature","geometry":{"type":"LineString","coordinates":[[139.24729,36.10846],[139.24745,36.10945],[139.2472,36.11063],[139.24751,36.11133]]},"properties":{"name":"吉野川"}},
{"type":"Feature","geometry":{"type":"LineString","coordinates":[[139.88445,35.80138],[139.8853,35.79769],[139.88491,35.79666],[139.88403,35.79619],[139.8804,35.79533]]},"properties":{"name":"大場川"}},
{"type":"Feature","geometry":{"type":"LineString","coordinates":[[138.91619,35.95313],[138.91762,35.95234],[138.91836,35.95222],[138.91943,35.95283],[138.91997,35.95264],[138.92102,35.9519],[138.92222,35.95066],[138.92327,35.9502],[138.92387,35.95034],[138.92451,35.95083],[138.92473,35.95153],[138.92539,35.95177]]},"properties":{"name":"中津川"}},
{"type":"Feature","geometry":{"type":"LineString","coordinates":[[139.36373,35.83932],[139.36425,35.83995],[139.36507,35.84012],[139.36553,35.84067],[139.36608,35.84189]]},"properties":{"name":"前堀川"}},
{"type":"Feature","geometry":{"type":"LineString","coordinates":[[138.96489,36.07268],[138.96486,36.0716],[138.96579,36.07066],[138.96626,36.06997],[138.96542,36.06875],[138.96643,36.06763],[138.96689,36.06655],[138.96685,36.06574],[138.968,36.06447],[138.96786,36.06381],[138.96866,36.06321],[138.96931,36.06237],[138.9694,36.06163],[138.96873,36.06114],[138.9684,36.06033]]},"properties":{"name":"吉田川"}},
{"type":"Feature","geometry":{"type":"LineString","coordinates":[[139.33715,36.19466],[139.33761,36.19491],[139.34005,36.1946],[139.34035,36.19392],[139.34088,36.19399],[139.34149,36.19473],[139.34253,36.19454],[139.34295,36.19505],[139.34304,36.19621],[139.34429,36.19767],[139.34454,36.1983],[139.34539,36.19959],[139.34629,36.20001],[139.34753,36.2012],[139.34896,36.20168],[139.35135,36.20153]]},"properties":{"name":""}},
{"type":"Feature","geometry":{"type":"LineString","coordinates":[[139.22374,36.04908],[139.22482,36.04824],[139.22548,36.04794],[139.22813,36.04731],[139.22897,36.04704],[139.22955,36.04647],[139.22979,36.04488],[139.22945,36.04298],[139.22889,36.0414],[139.2277,36.04054],[139.22662,36.04004],[139.22522,36.03882],[139.22497,36.0384]]},"properties":{"name":"槻川"}},
{"type":"Feature","geometry":{"type":"LineString","coordinates":[[139.16132,36.21931],[139.16223,36.22011],[139.16288,36.2213],[139.16402,36.22474],[139.16452,36.22537],[139.16626,36.22566],[139.16793,36.22567],[139.1694,36.22644],[139.17114,36.22651],[139.17411,36.22586],[139.17481,36.22584],[139.17756,36.22611],[139.17952,36.22585],[139.18266,36.22571],[139.18328,36.22583],[139.18586,36.22717],[139.18716,36.22763],[139.19139,36.22777],[139.19231,36.22746],[139.19386,36.22644],[139.1952,36.22614],[139.19731,36.22588],[139.19834,36.22592],[139.19961,36.22614],[139.20156,36.22606],[139.20294,36.22663],[139.20396,36.22681],[139.20508,36.22728],[139.20563,36.22804],[139.20644,36.22839],[139.20785,36.22823],[139.20851,36.22836],[139.21038,36.2291],[139.21108,36.22954],[139.21153,36.23024],[139.21244,36.23067],[139.21457,36.23013],[139.21757,36.22977],[139.21929,36.22928],[139.22065,36.22917],[139.22198,36.22945],[139.22295,36.22919],[139.22398,36.22847],[139.22509,36.22801],[139.22627,36.22774]]},"properties":{"name":"女堀川"}},
{"type":"Feature","geometry":{"type":"LineString","coordinates":[[139.52014,35.95253],[139.52507,35.95121]]},"properties":{"name":"入間川"}},
{"type":"Feature","geometry":{"type":"LineString","coordinates":[[139.80078,35.91292],[139.7985,35.91272],[139.79646,35.91284],[139.79501,35.91246],[139.79337,35.91168],[139.79093,35.91023],[139.79014,35.90959],[139.78901,35.90801],[139.78804,35.90558],[139.78767,35.90513],[139.7866,35.90326],[139.78591,35.9025],[139.78572,35.90175],[139.78601,35.90135],[139.78587,35.90071],[139.78617,35.8993],[139.78672,35.89825]]},"properties":{"name":"逆川"}},
{"type":"Feature","geometry":{"type":"LineString","coordinates":[[139.76775,36.07745],[139.76829,36.07383],[139.76807,36.07296],[139.7668,36.07128],[139.76639,36.07012],[139.76639,36.06938],[139.76677,36.06782],[139.76685,36.06656],[139.76636,36.06538],[139.76403,36.06292],[139.76227,36.0612],[139.762,36.06049],[139.76196,36.05791],[139.76217,36.05708],[139.7626,36.05656],[139.76381,36.05582],[139.76517,36.05532],[139.76889,36.05416]]},"properties":{"name":"中川"}},
{"type":"Feature","geometry":{"type":"LineString","coordinates":[[139.4402,36.10461],[139.44098,36.10519],[139.44121,36.10678],[139.44174,36.10706],[139.44347,36.10732],[139.44396,36.10726],[139.4452,36.10632]]},"properties":{"name":"元荒川"}},
{"type":"Feature","geometry":{"type":"LineString","coordinates":[[139.42153,36.00745],[139.42311,36.00587],[139.42406,36.00536],[139.42424,36.0044],[139.42395,36.00389],[139.42303,36.003],[139.42277,36.00229],[139.42282,36.00168],[139.42352,36.00043],[139.42384,36.00023],[139.42428,35.99863],[139.42418,35.99785]]},"properties":{"name":"都幾川"}},
{"type":"Feature","geometry":{"type":"LineString","coordinates":[[139.1671,36.14095],[139.16745,36.14041]]},"properties":{"name":"円良田川"}},
{"type":"Feature","geometry":{"type":"LineString","coordinates":[[139.38088,36.19736],[139.38171,36.19787],[139.38497,36.2017],[139.38517,36.20254]]},"properties":{"name":"新奈良川"}},
{"type":"Feature","geometry":{"type":"LineString","coordinates":[[139.40541,35.82374],[139.40765,35.82534],[139.40976,35.82656],[139.41016,35.82774],[139.41067,35.82818],[139.41132,35.82833],[139.41299,35.83049]]},"properties":{"name":"不老川"}},
{"type":"Feature","geometry":{"type":"LineString","coordinates":[[139.73968,35.98474],[139.74257,35.98457],[139.74424,35.98506],[139.74574,35.98605],[139.747,35.98595],[139.74817,35.98506],[139.74919,35.98479],[139.74969,35.98489],[139.75218,35.98465]]},"properties":{"name":"古隅田川"}},
{"type":"Feature","geometry":{"type":"LineString","coordinates":[[139.71382,35.86279],[139.71364,35.86129],[139.71279,35.85935],[139.71132,35.85554],[139.70963,35.85246],[139.70813,35.85046],[139.70781,35.84987]]},"properties":{"name":"芝川"}},
{"type":"Feature","geometry":{"type":"LineString","coordinates":[[139.78338,35.90835],[139.78543,35.91016],[139.78687,35.91122],[139.78735,35.91171],[139.78945,35.91348]]},"properties":{"name":"御料堀"}},
{"type":"Feature","geometry":{"type":"LineString","coordinates":[[139.30153,36.01116],[139.30215,36.01238]]},"properties":{"name":"都幾川"}},
{"type":"Feature","geometry":{"type":"LineString","coordinates":[[138.89505,36.07991],[138.89568,36.08005],[138.89616,36.08049],[138.89712,36.08056],[138.89763,36.08038],[138.89852,36.0795],[138.89898,36.07938]]},"properties":{"name":"藤倉川"}},
{"type":"Feature","geometry":{"type":"LineString","coordinates":[[138.83429,35.89035],[138.83436,35.89074],[138.83521,35.89145],[138.83596,35.89234],[138.83691,35.89191],[138.83815,35.89212],[138.83896,35.89313],[138.83949,35.89334]]},"properties":{"name":"滝川"}},
{"type":"Feature","geometry":{"type":"LineString","coordinates":[[139.80063,35.85454],[139.80083,35.85418],[139.80203,35.85068]]},"properties":{"name":"綾瀬川"}},
{"type":"Feature","geometry":{"type":"LineString","coordinates":[[139.02265,36.13244],[139.02324,36.13336]]},"properties":{"name":"神流川"}},
{"type":"Feature","geometry":{"type":"LineString","coordinates":[[139.28776,36.20579],[139.28878,36.20562]]},"properties":{"name":"福川"}},
{"type":"Feature","geometry":{"type":"LineString","coordinates":[[139.79565,35.93987],[139.79572,35.9385],[139.79698,35.93515]]},"properties":{"name":"平新川"}},
{"type":"Feature","geometry":{"type":"LineString","coordinates":[[139.68332,36.20237],[139.68284,36.20083]]},"properties":{"name":""}},
{"type":"Feature","geometry":{"type":"LineString","coordinates":[[139.55545,36.04338],[139.55848,36.04261],[139.55939,36.04143],[139.56042,36.0399],[139.56103,36.03921],[139.56204,36.03858],[139.56258,36.03786],[139.56368,36.03717],[139.56404,36.0364],[139.56496,36.03595],[139.56615,36.03511],[139.56691,36.03413],[139.56821,36.03289],[139.56958,36.03187],[139.57047,36.03148]]},"properties":{"name":"赤堀川"}},
{"type":"Feature","geometry":{"type":"LineString","coordinates":[[139.54492,35.94735],[139.5449,35.94609],[139.5453,35.94471],[139.54528,35.94426],[139.54576,35.94254],[139.54576,35.94175],[139.54487,35.9397],[139.54377,35.93804],[139.54144,35.93581]]},"properties":{"name":"荒川"}},
{"type":"Feature","geometry":{"type":"LineString","coordinates":[[139.30196,35.94219],[139.30387,35.94371],[139.30427,35.9447],[139.30491,35.94525],[139.30501,35.94562],[139.30468,35.94631],[139.30325,35.94696],[139.30302,35.9477],[139.30325,35.94841],[139.3041,35.94935],[139.30598,35.9498],[139.3076,35.94968],[139.3085,35.94997],[139.30953,35.94993],[139.31051,35.94953],[139.31093,35.94991],[139.31058,35.95045],[139.31068,35.95089],[139.31159,35.95122],[139.31219,35.95171],[139.31204,35.95253],[139.31227,35.95331],[139.31293,35.95421],[139.31403,35.95513],[139.31654,35.95581]]},"properties":{"name":"毛呂川"}},
{"type":"Feature","geometry":{"type":"LineString","coordinates":[[139.84908,35.79494],[139.84718,35.79569],[139.84661,35.79621]]},"properties":{"name":"大場川"}},
{"type":"Feature","geometry":{"type":"LineString","coordinates":[[139.03584,35.99985],[139.03538,36.00107],[139.0356,36.00166]]},"properties":{"name":"長留川"}},
{"type":"Feature","geometry":{"type":"LineString","coordinates":[[139.75539,36.04911],[139.75903,36.04874]]},"properties":{"name":"神扇落"}},
{"type":"Feature","geometry":{"type":"LineString","coordinates":[[139.7802,35.84758],[139.78447,35.83979],[139.78498,35.83915]]},"properties":{"name":"伝右川"}},
{"type":"Feature","geometry":{"type":"LineString","coordinates":[[139.17259,36.01731],[139.17189,36.01759],[139.17153,36.01817],[139.17103,36.01837],[139.17006,36.01914],[139.16979,36.01968]]},"properties":{"name":"槻川"}},
{"type":"Feature","geometry":{"type":"LineString","coordinates":[[139.1061,36.02865],[139.10544,36.02931],[139.10495,36.03011],[139.10395,36.03069],[139.10271,36.03162],[139.10227,36.0322],[139.10264,36.03296],[139.10415,36.03332],[139.10527,36.03386],[139.10655,36.03479],[139.10713,36.03543]]},"properties":{"name":"横瀬川"}},
{"type":"Feature","geometry":{"type":"LineString","coordinates":[[139.513,36.07496],[139.51356,36.07476]]},"properties":{"name":"元荒川"}},
{"type":"Feature","geometry":{"type":"LineString","coordinates":[[139.62918,36.06939],[139.63182,36.06784],[139.63592,36.06583],[139.63985,36.06396],[139.64233,36.06283],[139.64666,36.0599],[139.64831,36.05865],[139.64936,36.05632],[139.64989,36.05568],[139.65155,36.05477],[139.65188,36.05447],[139.65255,36.05327],[139.65313,36.05278],[139.65537,36.05141],[139.65881,36.04919],[139.65974,36.04872],[139.66421,36.04715],[139.66636,36.0463],[139.66863,36.04511],[139.67342,36.04389]]},"properties":{"name":"備前堀川"}},
{"type":"Feature","geometry":{"type":"LineString","coordinates":[[139.62169,35.81169],[139.62346,35.80978],[139.62901,35.8064],[139.63067,35.80559],[139.63289,35.80498],[139.63543,35.80463],[139.63788,35.80371],[139.64042,35.8025]]},"properties":{"name":"荒川"}},
{"type":"Feature","geometry":{"type":"LineString","coordinates":[[139.49537,36.09042],[139.49615,36.08979],[139.49742,36.08781],[139.49804,36.08748],[139.49947,36.08761]]},"properties":{"name":"元荒川"}},
{"type":"Feature","geometry":{"type":"LineString","coordinates":[[139.5967,35.9001],[139.59554,35.89859]]},"properties":{"name":"鴨川"}},
{"type":"Feature","geometry":{"type":"LineString","coordinates":[[139.26951,36.05255],[139.27068,36.05248]]},"properties":{"name":"槻川"}},
{"type":"Feature","geometry":{"type":"LineString","coordinates":[[139.45124,36.12811],[139.45303,36.12728]]},"properties":{"name":"前谷落"}},
{"type":"Feature","geometry":{"type":"LineString","coordinates":[[139.39073,35.85435],[139.39312,35.85553],[139.39538,35.85607],[139.39738,35.85621],[139.39844,35.85616]]},"properties":{"name":"入間川"}},
{"type":"Feature","geometry":{"type":"LineString","coordinates":[[139.27107,36.02063],[139.27264,36.02031],[139.27287,36.01958],[139.27259,36.01896],[139.27311,36.01855],[139.27459,36.01863],[139.27619,36.01784],[139.2772,36.01685],[139.27828,36.01633],[139.2795,36.01673],[139.28026,36.01664],[139.28093,36.01601],[139.28202,36.01588],[139.28286,36.01521],[139.2836,36.01491],[139.28396,36.0145]]},"properties":{"name":"雀川"}},
{"type":"Feature","geometry":{"type":"LineString","coordinates":[[139.75546,35.87812],[139.75656,35.87747],[139.75721,35.87672],[139.75834,35.87499],[139.75901,35.87348],[139.75935,35.8731],[139.75978,35.87266],[139.76007,35.87192],[139.76123,35.87068],[139.76244,35.87004],[139.76515,35.86982],[139.76587,35.8692],[139.76747,35.86836],[139.76832,35.8674],[139.76972,35.8663],[139.77076,35.86469],[139.77173,35.86352],[139.77233,35.86257],[139.77225,35.86171],[139.77247,35.86104]]},"properties":{"name":"綾瀬川"}},
{"type":"Feature","geometry":{"type":"LineString","coordinates":[[139.35635,35.93936],[139.3565,35.94137],[139.35641,35.94169],[139.35728,35.94357],[139.35845,35.94453],[139.35977,35.94485],[139.36022,35.94575],[139.36095,35.946],[139.36281,35.94584],[139.36353,35.94686],[139.36397,35.94751],[139.36465,35.94904],[139.36586,35.94977],[139.36686,35.95141],[139.36908,35.95345],[139.37017,35.95377],[139.3705,35.95353],[139.37187,35.95359],[139.3725,35.9539],[139.3731,35.9539],[139.37384,35.95433],[139.37417,35.95484],[139.37678,35.95682],[139.37731,35.95729],[139.37793,35.95842],[139.37887,35.95931]]},"properties":{"name":"高麗川"}},
{"type":"Feature","geometry":{"type":"LineString","coordinates":[[139.39727,36.15638],[139.39843,36.1562],[139.39984,36.15629],[139.40187,36.15706],[139.4023,36.15734],[139.40301,36.15826],[139.40353,36.15984],[139.40364,36.16056]]},"properties":{"name":"新星川"}},
{"type":"Feature","geometry":{"type":"LineString","coordinates":[[139.61151,35.91901],[139.61155,35.91623],[139.61088,35.91445],[139.61027,35.91231],[139.61065,35.91065]]},"properties":{"name":"鴻沼川"}},
{"type":"Feature","geometry":{"type":"LineString","coordinates":[[139.2858,36.19007],[139.28614,36.19098],[139.28618,36.19286],[139.28729,36.19475],[139.28752,36.19602],[139.28872,36.2009],[139.28872,36.20148],[139.28789,36.20354],[139.28784,36.20403],[139.28824,36.20549],[139.28834,36.20595],[139.28871,36.20741],[139.28916,36.20924],[139.28954,36.21016],[139.29179,36.21652],[139.29181,36.21676],[139.29157,36.21778],[139.29172,36.21866],[139.29216,36.21924],[139.29398,36.22061]]},"properties":{"name":"唐沢川"}},
{"type":"Feature","geometry":{"type":"LineString","coordinates":[[139.62678,35.95074],[139.62733,35.95007],[139.62948,35.94893],[139.62969,35.94894]]},"properties":{"name":"芝川"}},
{"type":"Feature","geometry":{"type":"LineString","coordinates":[[139.6018,35.87937],[139.60183,35.87666]]},"properties":{"name":"鴨川"}},
{"type":"Feature","geometry":{"type":"LineString","coordinates":[[139.2771,36.20692],[139.28107,36.20672],[139.28362,36.20633],[139.28553,36.20613],[139.28776,36.20579]]},"properties":{"name":"福川"}},
{"type":"Feature","geometry":{"type":"LineString","coordinates":[[139.1084,35.98067],[139.10728,35.98096],[139.10667,35.98143],[139.10702,35.98224],[139.10717,35.9831],[139.10683,35.98373],[139.10668,35.98453],[139.10723,35.9866],[139.10674,35.98713]]},"properties":{"name":"横瀬川"}},
{"type":"Feature","geometry":{"type":"LineString","coordinates":[[139.65414,35.89523],[139.65632,35.89414],[139.65736,35.89396],[139.6621,35.89376],[139.66317,35.89377],[139.6641,35.89402],[139.66787,35.8954]]},"properties":{"name":"芝川"}},
{"type":"Feature","geometry":{"type":"LineString","coordinates":[[139.18066,36.26607],[139.1816,36.26595],[139.18236,36.26554]]},"properties":{"name":"烏川"}},
{"type":"Feature","geometry":{"type":"LineString","coordinates":[[139.19436,35.93978],[139.19483,35.93945],[139.19359,35.93826],[139.19356,35.93775],[139.1945,35.93564],[139.19573,35.93553],[139.19739,35.93594],[139.19985,35.9343]]},"properties":{"name":"北川"}},
{"type":"Feature","geometry":{"type":"LineString","coordinates":[[139.27965,36.22313],[139.28113,36.22268],[139.28457,36.22118]]},"properties":{"name":"小山川"}},
{"type":"Feature","geometry":{"type":"LineString","coordinates":[[139.45843,35.94615],[139.45757,35.94561]]},"properties":{"name":"小畔川"}},
{"type":"Feature","geometry":{"type":"LineString","coordinates":[[139.07756,36.06434],[139.07894,36.06489],[139.07997,36.06509],[139.08096,36.06555],[139.08181,36.06564]]},"properties":{"name":"赤平川"}},
{"type":"Feature","geometry":{"type":"LineString","coordinates":[[139.38517,36.20254],[139.38546,36.20455]]},"properties":{"name":"新奈良川"}},
{"type":"Feature","geometry":{"type":"LineString","coordinates":[[139.60767,35.83428],[139.60852,35.83301],[139.60962,35.83197],[139.61073,35.83135],[139.61179,35.83097],[139.61283,35.83087],[139.61371,35.83078]]},"properties":{"name":"荒川"}},
{"type":"Feature","geometry":{"type":"LineString","coordinates":[[139.15694,35.90438],[139.1581,35.90451],[139.15942,35.90497],[139.16017,35.90465],[139.1604,35.9037],[139.16136,35.90297],[139.16135,35.90239],[139.162,35.90174],[139.16152,35.90081],[139.16157,35.89996],[139.16253,35.89978],[139.16476,35.90051]]},"properties":{"name":"入間川"}},
{"type":"Feature","geometry":{"type":"LineString","coordinates":[[139.86881,35.81744],[139.86854,35.81512],[139.86824,35.81401],[139.86761,35.81222],[139.86692,35.81127],[139.86648,35.81091],[139.86537,35.81042],[139.86404,35.80955],[139.86228,35.80858],[139.86044,35.80745],[139.8573,35.80544],[139.85446,35.80328],[139.84843,35.79783]]},"properties":{"name":"中川"}},
{"type":"Feature","geometry":{"type":"LineString","coordinates":[[138.93112,36.00264],[138.93257,36.00318],[138.9332,36.00373],[138.93392,36.005],[138.93439,36.0054],[138.93514,36.00535],[138.93669,36.00608],[138.937,36.00655],[138.93717,36.00762],[138.93705,36.00837],[138.93809,36.0092],[138.93822,36.01009],[138.9401,36.01101],[138.94098,36.01182],[138.94311,36.0124],[138.94357,36.01306],[138.94701,36.01438],[138.94754,36.01431],[138.94813,36.01469],[138.94833,36.01542],[138.94816,36.01581]]},"properties":{"name":"塩沢川"}},
{"type":"Feature","geometry":{"type":"LineString","coordinates":[[138.93546,35.95256],[138.93622,35.95275],[138.93847,35.95246]]},"properties":{"name":"荒川"}},
{"type":"Feature","geometry":{"type":"LineString","coordinates":[[139.77985,36.02989],[139.78008,36.02891],[139.77976,36.02755],[139.77836,36.02657],[139.778,36.02609],[139.77802,36.02549],[139.77921,36.02246],[139.77974,36.02055],[139.78005,36.01976]]},"properties":{"name":"中川"}},
{"type":"Feature","geometry":{"type":"LineString","coordinates":[[139.30027,35.83511],[139.30024,35.83562],[139.30092,35.83646],[139.30183,35.8388],[139.30193,35.83949],[139.30177,35.84133]]},"properties":{"name":"成木川"}},
{"type":"Feature","geometry":{"type":"LineString","coordinates":[[139.48917,35.96665],[139.48936,35.96593],[139.48995,35.96499]]},"properties":{"name":"安藤川"}},
{"type":"Feature","geometry":{"type":"LineString","coordinates":[[139.65445,35.80031],[139.66074,35.80041],[139.66465,35.80056],[139.66883,35.80043],[139.67437,35.79912],[139.67718,35.79889],[139.67994,35.79893],[139.6831,35.79943],[139.68504,35.79996],[139.68683,35.80065],[139.68806,35.80083],[139.69042,35.80083],[139.69242,35.80062],[139.6952,35.79975],[139.69688,35.79891],[139.70177,35.79572],[139.70474,35.79373],[139.70634,35.79306],[139.70922,35.7923],[139.71182,35.79204]]},"properties":{"name":"荒川"}},
{"type":"Feature","geometry":{"type":"LineString","coordinates":[[139.45768,36.16802],[139.45783,36.16802]]},"properties":{"name":"星川"}},
{"type":"Feature","geometry":{"type":"LineString","coordinates":[[139.65594,35.95428],[139.66081,35.95974],[139.66204,35.9604],[139.66306,35.96039],[139.66747,35.95927]]},"properties":{"name":"深作川"}},
{"type":"Feature","geometry":{"type":"LineString","coordinates":[[139.61355,35.84911],[139.61644,35.84422],[139.61799,35.8419]]},"properties":{"name":"鴨川"}},
{"type":"Feature","geometry":{"type":"LineString","coordinates":[[138.85395,36.05734],[138.85516,36.0574],[138.85611,36.05763],[138.85693,36.05692],[138.85843,36.05633],[138.85981,36.05481],[138.86038,36.05482]]},"properties":{"name":"赤平川"}},
{"type":"Feature","geometry":{"type":"LineString","coordinates":[[139.06553,36.19158],[139.06578,36.19251],[139.06826,36.19453],[139.06879,36.19513],[139.06948,36.19693]]},"properties":{"name":"九郷用水"}},
{"type":"Feature","geometry":{"type":"LineString","coordinates":[[139.63709,35.79062],[139.63778,35.79115]]},"properties":{"name":"白子川"}},
{"type":"Feature","geometry":{"type":"LineString","coordinates":[[139.72723,35.82199],[139.72725,35.82119],[139.72686,35.82072]]},"properties":{"name":"芝川"}},
{"type":"Feature","geometry":{"type":"LineString","coordinates":[[139.74517,35.99557],[139.74556,35.99318],[139.74599,35.99206],[139.74656,35.99131],[139.74783,35.99004],[139.74965,35.98842],[139.75028,35.98735],[139.75077,35.9862],[139.75163,35.98502],[139.75218,35.98465]]},"properties":{"name":"大落古利根川"}},
{"type":"Feature","geometry":{"type":"LineString","coordinates":[[139.25162,36.06478],[139.25507,36.06416],[139.25588,36.06333],[139.25666,36.06173],[139.25703,36.06139],[139.25836,36.06125],[139.25962,36.06234],[139.2603,36.06259],[139.26159,36.06239],[139.26267,36.06184],[139.2633,36.06046],[139.26383,36.05993],[139.26486,36.05931],[139.26554,36.05911],[139.26588,36.05853],[139.26673,36.05757],[139.26842,36.0575],[139.26899,36.05638],[139.26963,36.05623],[139.27133,36.05644],[139.272,36.05584],[139.27233,36.05525],[139.27165,36.05444],[139.27177,36.05413],[139.27336,36.05395],[139.27443,36.0537],[139.27499,36.05338]]},"properties":{"name":"兜川"}},
{"type":"Feature","geometry":{"type":"LineString","coordinates":[[139.66559,35.86143],[139.66678,35.86],[139.66751,35.86038],[139.66781,35.85998],[139.66873,35.85959]]},"properties":{"name":"藤右衛門放水路"}},
{"type":"Feature","geometry":{"type":"LineString","coordinates":[[139.15816,35.95829],[139.15918,35.95859],[139.1599,35.95955],[139.1609,35.9602],[139.16111,35.96061],[139.16087,35.96141],[139.16181,35.9616],[139.162,35.96193]]},"properties":{"name":"横瀬川"}},
{"type":"Feature","geometry":{"type":"LineString","coordinates":[[139.08032,36.1605],[139.08246,36.16048],[139.08294,36.16106],[139.08365,36.16145],[139.08397,36.16125],[139.08495,36.16141],[139.08565,36.16072],[139.08798,36.16112],[139.08961,36.16102],[139.09043,36.16139]]},"properties":{"name":"稲聚川"}},
{"type":"Feature","geometry":{"type":"LineString","coordinates":[[139.02135,35.97738],[139.02238,35.9778],[139.02247,35.9784],[139.02345,35.97885],[139.02446,35.97859],[139.0257,35.97927],[139.02598,35.97967],[139.02729,35.9802],[139.02767,35.98066],[139.02776,35.98146],[139.02834,35.98179],[139.02948,35.98149],[139.02991,35.9819],[139.0289,35.98245],[139.02885,35.98332],[139.02997,35.98418],[139.02971,35.98485],[139.03001,35.9853],[139.03139,35.98539],[139.03185,35.98567],[139.03174,35.98658],[139.03059,35.98709]]},"properties":{"name":"長留川"}},
{"type":"Feature","geometry":{"type":"LineString","coordinates":[[139.41921,36.04103],[139.41975,36.03786],[139.4195,36.03726],[139.41891,36.03687],[139.41863,36.03636],[139.41886,36.03583],[139.4194,36.03547],[139.42148,36.03484],[139.4229,36.03411],[139.42558,36.03114],[139.43229,36.02481],[139.43391,36.02324]]},"properties":{"name":"市野川"}},
{"type":"Feature","geometry":{"type":"LineString","coordinates":[[139.16358,36.261],[139.16427,36.26082],[139.16598,36.26001]]},"properties":{"name":"御陣場川"}},
{"type":"Feature","geometry":{"type":"LineString","coordinates":[[139.18053,36.20934],[139.18136,36.20938],[139.18262,36.21024],[139.18371,36.21155],[139.18453,36.21226],[139.18605,36.21295],[139.18668,36.21309],[139.18871,36.21311],[139.19099,36.21345],[139.19508,36.21492],[139.19619,36.21562],[139.19747,36.21681],[139.19892,36.21779]]},"properties":{"name":"小山川"}},
{"type":"Feature","geometry":{"type":"LineString","coordinates":[[138.82573,36.00067],[138.82588,36.00026],[138.827,35.99995],[138.82724,35.99889],[138.82639,35.99815],[138.82586,35.99679],[138.82583,35.99626],[138.82704,35.99431],[138.82626,35.99407],[138.82633,35.99339],[138.8261,35.99271],[138.82669,35.99243],[138.82716,35.99178],[138.82672,35.9913],[138.82598,35.99007],[138.82685,35.98994]]},"properties":{"name":"中津川"}},
{"type":"Feature","geometry":{"type":"LineString","coordinates":[[139.43272,35.90504],[139.43364,35.90549],[139.43552,35.90575],[139.43631,35.9061],[139.43903,35.90757],[139.44041,35.90844],[139.4411,35.9091],[139.44164,35.91005],[139.44275,35.91059]]},"properties":{"name":"入間川"}},
{"type":"Feature","geometry":{"type":"LineString","coordinates":[[138.90718,35.95728],[138.90799,35.9571],[138.90841,35.95652],[138.90951,35.95611],[138.91086,35.95541],[138.91186,35.95532],[138.9142,35.95533],[138.91504,35.95505],[138.91536,35.95448]]},"properties":{"name":"中津川"}},
{"type":"Feature","geometry":{"type":"LineString","coordinates":[[139.33791,35.8356],[139.34021,35.83333],[139.34144,35.83316],[139.34208,35.83327],[139.34321,35.8338],[139.34424,35.83494],[139.34411,35.83536],[139.34546,35.83666],[139.34619,35.83757],[139.34888,35.83866],[139.35004,35.83948]]},"properties":{"name":"入間川"}},
{"type":"Feature","geometry":{"type":"LineString","coordinates":[[139.09548,35.90756],[139.09485,35.90781],[139.093,35.90807],[139.09228,35.90893],[139.09156,35.90913],[139.09066,35.90993],[139.08964,35.90977],[139.08894,35.9102],[139.08833,35.91011],[139.08798,35.90912],[139.08757,35.90901],[139.08659,35.90953],[139.08593,35.9096],[139.08479,35.91045],[139.08424,35.91043]]},"properties":{"name":"浦山川"}},
{"type":"Feature","geometry":{"type":"LineString","coordinates":[[139.78168,35.98233],[139.78187,35.97911],[139.78227,35.9769],[139.78323,35.97355],[139.78383,35.97184],[139.78423,35.97106],[139.78558,35.96947],[139.78718,35.96838]]},"properties":{"name":"中川"}},
{"type":"Feature","geometry":{"type":"LineString","coordinates":[[139.20684,36.12077],[139.20914,36.12087],[139.21131,36.12068],[139.2124,36.12046],[139.215,36.12011],[139.21686,36.12017],[139.21772,36.11999],[139.22082,36.11875],[139.22569,36.11728]]},"properties":{"name":"荒川"}},
{"type":"Feature","geometry":{"type":"LineString","coordinates":[[139.02861,36.00864],[139.02994,36.00857],[139.03078,36.00824],[139.03144,36.00769],[139.03307,36.00681],[139.03429,36.00646],[139.03512,36.00673],[139.03528,36.00713],[139.03506,36.00775],[139.03362,36.00897],[139.03476,36.00958],[139.03602,36.00957],[139.03749,36.00901]]},"properties":{"name":"赤平川"}},
{"type":"Feature","geometry":{"type":"LineString","coordinates":[[139.03245,36.12082],[139.03339,36.12081],[139.03378,36.121],[139.03517,36.12113],[139.036,36.12177],[139.03582,36.12233],[139.03495,36.12289],[139.03468,36.12344],[139.03579,36.12422],[139.03608,36.12491],[139.03687,36.12553],[139.03679,36.12615]]},"properties":{"name":"鳥羽川"}},
{"type":"Feature","geometry":{"type":"LineString","coordinates":[[139.2719,36.13498],[139.27357,36.13489],[139.27454,36.13416],[139.27559,36.1341],[139.277,36.13435],[139.28006,36.13468],[139.28272,36.13478],[139.28732,36.13435],[139.28894,36.13387],[139.29005,36.1331],[139.29114,36.13295]]},"properties":{"name":"荒川"}},
{"type":"Feature","geometry":{"type":"LineString","coordinates":[[139.32965,36.0528],[139.33022,36.05231],[139.33128,36.05223],[139.33375,36.05313],[139.33422,36.05312],[139.33542,36.05237],[139.33651,36.0523],[139.33756,36.05186],[139.33809,36.05183],[139.34023,36.05245],[139.34172,36.05333],[139.3426,36.05347],[139.34478,36.05347],[139.34641,36.05366],[139.34681,36.05359],[139.34817,36.05236],[139.34867,36.05211],[139.34972,36.05194],[139.35285,36.05192],[139.35375,36.05162],[139.3557,36.05039],[139.35877,36.0492],[139.35955,36.04918],[139.36017,36.04942],[139.36135,36.05016],[139.36213,36.05013],[139.36288,36.04968],[139.36426,36.04951],[139.36519,36.04912],[139.36625,36.04916],[139.36655,36.04953],[139.36737,36.04838],[139.36789,36.04831],[139.368,36.04892],[139.36887,36.04913],[139.36948,36.04896],[139.36976,36.04843]]},"properties":{"name":"市野川"}},
{"type":"Feature","geometry":{"type":"LineString","coordinates":[[139.60231,36.06246],[139.60266,36.0603]]},"properties":{"name":"星川;見沼代用水"}},
{"type":"Feature","geometry":{"type":"LineString","coordinates":[[139.13716,35.97738],[139.13636,35.97783],[139.13574,35.97773],[139.1346,35.97693],[139.134,35.97674],[139.13348,35.97688],[139.13305,35.97742],[139.13211,35.97757],[139.13101,35.97719],[139.1299,35.97653],[139.12919,35.9759],[139.12863,35.97577],[139.12809,35.97643],[139.12786,35.97715],[139.12781,35.97813],[139.12706,35.97872],[139.12741,35.97948],[139.12733,35.97988],[139.12638,35.97956],[139.1251,35.97872],[139.12364,35.97799],[139.12267,35.97645],[139.12257,35.97534],[139.12141,35.97417]]},"properties":{"name":"横瀬川"}},
{"type":"Feature","geometry":{"type":"LineString","coordinates":[[139.1422,36.14841],[139.14241,36.14881],[139.14387,36.14981],[139.14504,36.15042],[139.14617,36.15075],[139.14713,36.15029],[139.14822,36.15018],[139.14924,36.14965],[139.15134,36.14912],[139.15317,36.14928],[139.15451,36.15018],[139.15504,36.15091],[139.15637,36.1515],[139.157,36.15224],[139.15791,36.15207],[139.15819,36.1523],[139.15805,36.15297]]},"properties":{"name":"天神川"}},
{"type":"Feature","geometry":{"type":"LineString","coordinates":[[139.70618,35.82978],[139.70616,35.8268]]},"properties":{"name":"緑川"}},
{"type":"Feature","geometry":{"type":"LineString","coordinates":[[139.2368,36.00169],[139.23794,36.00183],[139.23917,36.00226]]},"properties":{"name":"都幾川"}},
{"type":"Feature","geometry":{"type":"LineString","coordinates":[[138.93847,35.95246],[138.93882,35.95196],[138.9385,35.95141]]},"properties":{"name":"荒川"}},
{"type":"Feature","geometry":{"type":"LineString","coordinates":[[139.35004,35.83948],[139.3526,35.8398],[139.35462,35.84038],[139.3563,35.84103],[139.35758,35.84137],[139.36002,35.84181]]},"properties":{"name":"入間川"}},
{"type":"Feature","geometry":{"type":"LineString","coordinates":[[139.23712,36.01527],[139.23769,36.01509]]},"properties":{"name":"後野川"}},
{"type":"Feature","geometry":{"type":"LineString","coordinates":[[139.31043,36.06146],[139.31168,36.06003],[139.3128,36.0593],[139.31556,36.05858],[139.31707,36.05778],[139.31834,36.05655],[139.31868,36.05585]]},"properties":{"name":"市野川"}},
{"type":"Feature","geometry":{"type":"LineString","coordinates":[[139.5844,35.96558],[139.58613,35.96379],[139.58744,35.96172],[139.58766,35.96124]]},"properties":{"name":"鴨川"}},
{"type":"Feature","geometry":{"type":"LineString","coordinates":[[139.42336,36.14084],[139.42478,36.14105],[139.42648,36.14104],[139.42904,36.14074],[139.43127,36.14032],[139.43387,36.14014],[139.43842,36.13962],[139.44121,36.13922],[139.44321,36.13935]]},"properties":{"name":"忍川"}},
{"type":"Feature","geometry":{"type":"LineString","coordinates":[[139.7546,35.98965],[139.75766,35.98881]]},"properties":{"name":"南側用水路"}},
{"type":"Feature","geometry":{"type":"LineString","coordinates":[[139.34959,36.18402],[139.35057,36.18443],[139.35107,36.18485],[139.35119,36.1855],[139.35363,36.1875],[139.35473,36.18854],[139.35611,36.18937],[139.35735,36.18996],[139.3583,36.19064],[139.3587,36.19143],[139.35835,36.19974],[139.35894,36.20065],[139.35962,36.20093],[139.3623,36.20098]]},"properties":{"name":"新奈良川"}},
{"type":"Feature","geometry":{"type":"LineString","coordinates":[[138.93203,35.89676],[138.93264,35.8983],[138.9324,35.89912],[138.93138,35.89956]]},"properties":{"name":"大洞川"}},
{"type":"Feature","geometry":{"type":"LineString","coordinates":[[139.36489,36.06592],[139.36775,36.06493],[139.36857,36.06439],[139.36977,36.06291],[139.37053,36.06239],[139.37314,36.06152],[139.37391,36.06158],[139.37564,36.06221],[139.37655,36.06213],[139.37703,36.06179],[139.37855,36.05927],[139.3791,36.05761],[139.38059,36.05641],[139.38202,36.05587],[139.38428,36.05547],[139.3847,36.05551],[139.38608,36.0566],[139.38713,36.05657],[139.38834,36.05705],[139.38928,36.05662],[139.39052,36.05684],[139.39182,36.05679],[139.39341,36.05763],[139.39421,36.05861],[139.395,36.05906],[139.39693,36.05989],[139.39792,36.05983],[139.39957,36.05888],[139.39997,36.05882],[139.40108,36.05928],[139.40222,36.05934],[139.40265,36.0591],[139.4036,36.05756],[139.40415,36.05718],[139.40582,36.05677],[139.40661,36.05708],[139.40748,36.05715],[139.4105,36.05633]]},"properties":{"name":"滑川"}},
{"type":"Feature","geometry":{"type":"LineString","coordinates":[[139.78945,35.91348],[139.79262,35.91604],[139.79911,35.91735]]},"properties":{"name":"御料堀"}},
{"type":"Feature","geometry":{"type":"LineString","coordinates":[[139.66812,36.08716],[139.66816,36.08652],[139.6687,36.08479],[139.66914,36.08419],[139.67241,36.08163],[139.6741,36.08075],[139.67535,36.07997],[139.67993,36.07645],[139.68119,36.07602],[139.68331,36.07546],[139.6853,36.07441],[139.68768,36.07377],[139.68847,36.07327],[139.69063,36.07055],[139.69163,36.06948]]},"properties":{"name":"青毛堀川"}},
{"type":"Feature","geometry":{"type":"LineString","coordinates":[[139.63378,35.97136],[139.63435,35.97095],[139.63522,35.97068],[139.63621,35.97096],[139.63737,35.97153],[139.63847,35.97154],[139.63941,35.97128]]},"properties":{"name":"原市沼川"}},
{"type":"Feature","geometry":{"type":"LineString","coordinates":[[139.25314,36.11962],[139.25576,36.12294],[139.25847,36.12673],[139.26193,36.1311],[139.26299,36.13227],[139.26394,36.13268]]},"properties":{"name":"荒川"}},
{"type":"Feature","geometry":{"type":"LineString","coordinates":[[139.21245,36.20676],[139.21354,36.20779],[139.21375,36.20852],[139.21388,36.21036],[139.21481,36.21191],[139.21482,36.21244],[139.21434,36.21464]]},"properties":{"name":"志戸川"}},
{"type":"Feature","geometry":{"type":"LineString","coordinates":[[139.83112,35.89592],[139.83233,35.89585],[139.83444,35.89552],[139.8355,35.8952],[139.83792,35.89422],[139.83978,35.89304]]},"properties":{"name":"新方川"}},
{"type":"Feature","geometry":{"type":"LineString","coordinates":[[139.47418,36.02568],[139.47479,36.02477],[139.47554,36.02424],[139.4784,36.02322],[139.47857,36.0231]]},"properties":{"name":"台山排水路"}},
{"type":"Feature","geometry":{"type":"LineString","coordinates":[[139.72549,35.8398],[139.72448,35.83869],[139.72513,35.83788],[139.72367,35.83605]]},"properties":{"name":"笹根川"}},
{"type":"Feature","geometry":{"type":"LineString","coordinates":[[139.59956,35.94262],[139.59966,35.94126],[139.59947,35.94078],[139.59765,35.93833],[139.59777,35.93738],[139.59765,35.93636]]},"properties":{"name":"鴨川"}},
{"type":"Feature","geometry":{"type":"LineString","coordinates":[[139.72307,35.83551],[139.72532,35.83377]]},"properties":{"name":"芝川"}},
{"type":"Feature","geometry":{"type":"LineString","coordinates":[[139.22341,35.90975],[139.22416,35.90968],[139.22646,35.90908],[139.22724,35.90904],[139.22798,35.90935],[139.22862,35.91014],[139.23,35.91068],[139.23177,35.911],[139.23272,35.91081],[139.23304,35.91043]]},"properties":{"name":"高麗川"}},
{"type":"Feature","geometry":{"type":"LineString","coordinates":[[139.4393,35.97873],[139.44055,35.97839],[139.44327,35.97844],[139.4443,35.97905]]},"properties":{"name":"飯盛川"}},
{"type":"Feature","geometry":{"type":"LineString","coordinates":[[139.64452,36.13751],[139.64557,36.13527],[139.64667,36.13338]]},"properties":{"name":"中川"}},
{"type":"Feature","geometry":{"type":"LineString","coordinates":[[139.76429,35.93662],[139.76849,35.9377]]},"properties":{"name":"新方川"}},
{"type":"Feature","geometry":{"type":"LineString","coordinates":[[139.45387,35.92336],[139.45364,35.92485],[139.45325,35.92585],[139.45366,35.92786],[139.45468,35.93012],[139.45561,35.93085],[139.45836,35.93107],[139.45878,35.93094],[139.45983,35.93119],[139.46084,35.93162],[139.46182,35.93275],[139.46278,35.93349],[139.46378,35.93453],[139.46403,35.93514],[139.46368,35.93595],[139.46388,35.93677],[139.46423,35.93719],[139.46442,35.93797],[139.46435,35.93882],[139.46599,35.94071],[139.4671,35.94229],[139.46774,35.94414],[139.46803,35.94454],[139.46848,35.94684],[139.46829,35.94764],[139.46772,35.94871],[139.46795,35.951],[139.46831,35.95188],[139.46827,35.95248],[139.46788,35.95358],[139.46807,35.95406],[139.46927,35.95536],[139.47059,35.9565],[139.47279,35.95722],[139.47598,35.95726],[139.47754,35.95704]]},"properties":{"name":"入間川"}},
{"type":"Feature","geometry":{"type":"LineString","coordinates":[[139.60508,35.85719],[139.60615,35.85672],[139.60737,35.85555],[139.60898,35.85418],[139.61082,35.85249],[139.61144,35.85182],[139.61355,35.84911]]},"properties":{"name":"鴨川"}},
{"type":"Feature","geometry":{"type":"LineString","coordinates":[[139.73023,35.93742],[139.73168,35.93511],[139.73335,35.93352],[139.73501,35.93172],[139.73576,35.93001]]},"properties":{"name":"元荒川"}},
{"type":"Feature","geometry":{"type":"LineString","coordinates":[[139.6009,35.86573],[139.60112,35.86516]]},"properties":{"name":"鴨川"}},
{"type":"Feature","geometry":{"type":"LineString","coordinates":[[139.12973,36.24805],[139.13569,36.24797],[139.13673,36.24805],[139.13721,36.24855]]},"properties":{"name":"御陣場川"}},
{"type":"Feature","geometry":{"type":"LineString","coordinates":[[139.75338,35.88543],[139.75447,35.88182]]},"properties":{"name":"末田落し"}},
{"type":"Feature","geometry":{"type":"LineString","coordinates":[[139.70149,35.79843],[139.7017,35.79725],[139.70177,35.79572]]},"properties":{"name":"菖蒲川"}},
{"type":"Feature","geometry":{"type":"LineString","coordinates":[[139.19829,36.11204],[139.19886,36.11243],[139.20039,36.11314],[139.2028,36.11463],[139.20346,36.11536],[139.20406,36.11629]]},"properties":{"name":"荒川"}},
{"type":"Feature","geometry":{"type":"LineString","coordinates":[[139.56333,35.92251],[139.56202,35.9217],[139.56203,35.9212],[139.56042,35.91924],[139.55969,35.91864],[139.5585,35.91903],[139.55769,35.91912],[139.55593,35.91907],[139.55537,35.91877]]},"properties":{"name":"滝沼川"}},
{"type":"Feature","geometry":{"type":"LineString","coordinates":[[139.44065,36.01446],[139.44252,36.01393],[139.44636,36.0142],[139.44797,36.01418],[139.45007,36.01389],[139.4511,36.01364]]},"properties":{"name":"市野川"}},
{"type":"Feature","geometry":{"type":"LineString","coordinates":[[138.96558,35.9242],[138.96546,35.92449],[138.96446,35.92513],[138.96398,35.92591],[138.96322,35.9264],[138.96271,35.92711],[138.96274,35.92801],[138.96303,35.92848],[138.9627,35.92973],[138.96307,35.93059],[138.96376,35.93093],[138.96417,35.93139],[138.96415,35.93254],[138.96439,35.93295],[138.96531,35.93323],[138.96586,35.93374],[138.96582,35.93442]]},"properties":{"name":"大血川"}},
{"type":"Feature","geometry":{"type":"LineString","coordinates":[[139.48819,36.06507],[139.4887,36.06408]]},"properties":{"name":""}},
{"type":"Feature","geometry":{"type":"LineString","coordinates":[[138.93457,36.03343],[138.93697,36.03372],[138.93696,36.03279],[138.93723,36.03179],[138.93796,36.03178],[138.9385,36.03146],[138.93998,36.02926],[138.93997,36.02866],[138.94071,36.02821],[138.94118,36.02891],[138.94189,36.0284],[138.94288,36.02866],[138.94424,36.02793],[138.94486,36.02774],[138.94591,36.02811],[138.94705,36.0281],[138.94762,36.02838],[138.94835,36.02823],[138.94831,36.0273],[138.94879,36.02678],[138.95003,36.0262],[138.95081,36.02563],[138.95105,36.02481],[138.95167,36.02456],[138.95325,36.0244],[138.9537,36.02378],[138.95461,36.02356],[138.95507,36.02398],[138.95728,36.0239],[138.96032,36.02416],[138.96165,36.02441],[138.96308,36.02406],[138.96404,36.02424],[138.96652,36.02405],[138.96765,36.02414],[138.96891,36.02398],[138.96972,36.02342],[138.97086,36.02328],[138.97102,36.02386],[138.96999,36.02459],[138.97043,36.02496],[138.97201,36.0249],[138.97236,36.02504],[138.97164,36.02591],[138.97213,36.0262],[138.97228,36.02683],[138.97288,36.02778],[138.97432,36.0273],[138.97512,36.02798]]},"properties":{"name":"赤平川"}},
{"type":"Feature","geometry":{"type":"LineString","coordinates":[[139.74699,35.83613],[139.74814,35.83457],[139.74815,35.83161],[139.7483,35.83095]]},"properties":{"name":"毛長川"}},
{"type":"Feature","geometry":{"type":"LineString","coordinates":[[139.20724,35.9873],[139.20782,35.98768],[139.20846,35.98859],[139.20939,35.98895],[139.20987,35.98944],[139.20971,35.98992]]},"properties":{"name":"都幾川"}},
{"type":"Feature","geometry":{"type":"LineString","coordinates":[[139.08428,36.18147],[139.08427,36.1821],[139.08504,36.1832],[139.08566,36.18368],[139.08706,36.18449],[139.08731,36.18482],[139.08815,36.18515],[139.08883,36.1851],[139.08969,36.18472],[139.08996,36.1852],[139.09067,36.18556],[139.09044,36.18622],[139.09098,36.18668]]},"properties":{"name":"女堀川"}},
{"type":"Feature","geometry":{"type":"LineString","coordinates":[[138.94049,36.05518],[138.94123,36.05501],[138.94218,36.05404],[138.94308,36.05343],[138.94301,36.05282],[138.94342,36.05243]]},"properties":{"name":"吉田川"}},
{"type":"Feature","geometry":{"type":"LineString","coordinates":[[139.03352,35.99573],[139.034,35.99661],[139.03377,35.99721],[139.03387,35.9978],[139.03564,35.99951],[139.03584,35.99985]]},"properties":{"name":"長留川"}},
{"type":"Feature","geometry":{"type":"LineString","coordinates":[[138.79117,35.99286],[138.79166,35.99271],[138.7933,35.9928],[138.79341,35.99362],[138.79391,35.99456],[138.79389,35.99547],[138.79465,35.99592],[138.79559,35.99583],[138.79616,35.99511]]},"properties":{"name":"中津川"}},
{"type":"Feature","geometry":{"type":"LineString","coordinates":[[139.29838,36.07364],[139.29911,36.07272],[139.2999,36.07204],[139.30111,36.07157],[139.30179,36.07104],[139.30207,36.06937],[139.30247,36.06826],[139.30292,36.06747],[139.30372,36.06715]]},"properties":{"name":"市野川"}},
{"type":"Feature","geometry":{"type":"LineString","coordinates":[[139.68497,36.19889],[139.685,36.19886]]},"properties":{"name":""}},
{"type":"Feature","geometry":{"type":"LineString","coordinates":[[139.10688,36.1572],[139.10687,36.15784],[139.10743,36.15946],[139.1073,36.16034],[139.108,36.16106],[139.10828,36.16189],[139.1092,36.16268]]},"properties":{"name":"間瀬川"}},
{"type":"Feature","geometry":{"type":"LineString","coordinates":[[139.26163,35.89044],[139.26243,35.89023],[139.26299,35.89036],[139.26357,35.89124],[139.26457,35.89198],[139.26624,35.89274],[139.26745,35.89269],[139.26876,35.89219]]},"properties":{"name":"高麗川"}},
{"type":"Feature","geometry":{"type":"LineString","coordinates":[[138.95725,36.08679],[138.95622,36.08508],[138.95599,36.08381],[138.95577,36.08355]]},"properties":{"name":"吉田川"}},
{"type":"Feature","geometry":{"type":"LineString","coordinates":[[139.72073,35.82468],[139.72205,35.82413],[139.72337,35.82293]]},"properties":{"name":""}},
{"type":"Feature","geometry":{"type":"LineString","coordinates":[[138.99898,36.0632],[138.99965,36.06268],[138.99979,36.06229],[139.00054,36.06205],[139.00115,36.06109],[139.00201,36.06107],[139.00253,36.06146],[139.00286,36.06101],[139.00275,36.06021],[139.00237,36.05947],[139.00318,36.05931],[139.00385,36.05851],[139.0047,36.05799],[139.00504,36.0574],[139.00486,36.05606],[139.00546,36.05555],[139.0055,36.05466],[139.00616,36.0535],[139.00518,36.05248],[139.00512,36.05171],[139.00594,36.05115],[139.00586,36.04932]]},"properties":{"name":"石間川"}},
{"type":"Feature","geometry":{"type":"LineString","coordinates":[[139.8077,35.85873],[139.80741,35.8593],[139.80958,35.8596],[139.81015,35.86052],[139.81082,35.86074],[139.81112,35.86113],[139.81257,35.86036],[139.81183,35.85983],[139.81178,35.85949],[139.81232,35.85887],[139.81344,35.85862],[139.81377,35.85786],[139.81336,35.85743],[139.81277,35.8576],[139.8123,35.85721],[139.81253,35.85663],[139.81148,35.85603],[139.81114,35.85487],[139.81139,35.85422],[139.81235,35.85402],[139.81247,35.85362],[139.81206,35.8529],[139.81079,35.85262],[139.81075,35.85209],[139.81141,35.852],[139.81213,35.85133],[139.81421,35.85107]]},"properties":{"name":"古綾瀬川"}},
{"type":"Feature","geometry":{"type":"LineString","coordinates":[[139.78371,35.99848],[139.78394,35.99739],[139.78374,35.99621],[139.78259,35.99406]]},"properties":{"name":"中川"}},
{"type":"Feature","geometry":{"type":"LineString","coordinates":[[139.53235,35.97188],[139.53494,35.96769]]},"properties":{"name":"荒川"}},
{"type":"Feature","geometry":{"type":"LineString","coordinates":[[139.86247,35.82337],[139.86382,35.82328],[139.86493,35.82299],[139.866,35.82248],[139.86723,35.82155],[139.86841,35.82002],[139.86882,35.81885],[139.86881,35.81744]]},"properties":{"name":"中川"}},
{"type":"Feature","geometry":{"type":"LineString","coordinates":[[138.86394,36.00238],[138.86422,36.00214]]},"properties":{"name":"小森川"}},
{"type":"Feature","geometry":{"type":"LineString","coordinates":[[139.25905,36.01739],[139.25952,36.01774],[139.26056,36.01891],[139.26069,36.01938]]},"properties":{"name":"雀川"}},
{"type":"Feature","geometry":{"type":"LineString","coordinates":[[139.05878,36.0593],[139.06045,36.06019],[139.06377,36.06119],[139.06515,36.06177],[139.06693,36.06279],[139.06909,36.06368]]},"properties":{"name":"赤平川"}},
{"type":"Feature","geometry":{"type":"LineString","coordinates":[[139.68335,36.13788],[139.68307,36.13728],[139.68293,36.13523]]},"properties":{"name":"稲荷木落"}},
{"type":"Feature","geometry":{"type":"LineString","coordinates":[[139.08726,36.01985],[139.08776,36.02042],[139.08858,36.0209],[139.08948,36.0218],[139.08995,36.02353],[139.08977,36.0245],[139.0891,36.02545],[139.08875,36.02703],[139.08839,36.02758],[139.08768,36.028],[139.08649,36.02812],[139.08587,36.02854],[139.08578,36.02916],[139.08711,36.03028],[139.08901,36.03137],[139.09079,36.03305],[139.09152,36.03412],[139.09229,36.03749],[139.09259,36.03832],[139.09336,36.03974],[139.09425,36.04112],[139.09544,36.04214],[139.09714,36.04217],[139.09874,36.04276],[139.09942,36.04357],[139.09941,36.04468]]},"properties":{"name":"荒川"}},
{"type":"Feature","geometry":{"type":"LineString","coordinates":[[139.45939,35.94706],[139.45891,35.94657]]},"properties":{"name":"小畔川"}},
{"type":"Feature","geometry":{"type":"LineString","coordinates":[[139.69929,35.81519],[139.69893,35.81358],[139.69894,35.80982],[139.69871,35.80827],[139.69835,35.80744],[139.6981,35.8063],[139.69765,35.8057],[139.69691,35.80341],[139.69695,35.80299]]},"properties":{"name":"緑川"}},
{"type":"Feature","geometry":{"type":"LineString","coordinates":[[139.23917,36.00226],[139.24001,36.00252],[139.24065,36.00434],[139.24068,36.00528],[139.24099,36.0062],[139.24138,36.00676],[139.24264,36.00659],[139.24331,36.00634]]},"properties":{"name":"都幾川"}},
{"type":"Feature","geometry":{"type":"LineString","coordinates":[[139.79973,35.94412],[139.80023,35.94255],[139.80061,35.94198],[139.80119,35.94164],[139.80666,35.9405],[139.80847,35.94031],[139.80965,35.94005],[139.81085,35.93949],[139.81167,35.93888]]},"properties":{"name":"大落古利根川"}},
{"type":"Feature","geometry":{"type":"LineString","coordinates":[[139.88099,35.80141],[139.88219,35.80143]]},"properties":{"name":"鷹野川"}},
{"type":"Feature","geometry":{"type":"LineString","coordinates":[[139.66437,35.83083],[139.66348,35.83111],[139.66218,35.8313],[139.66137,35.83116],[139.65829,35.82963]]},"properties":{"name":"文蔵川"}},
{"type":"Feature","geometry":{"type":"LineString","coordinates":[[139.19478,36.10259],[139.19478,36.10324],[139.19428,36.1039],[139.19449,36.1045],[139.19533,36.10477],[139.19519,36.10568],[139.19561,36.10709],[139.19634,36.10736],[139.19733,36.10743],[139.19704,36.10861],[139.19759,36.10967],[139.19853,36.11072],[139.19877,36.11153]]},"properties":{"name":""}},
{"type":"Feature","geometry":{"type":"LineString","coordinates":[[138.79616,35.99511],[138.79616,35.99458],[138.79753,35.99384],[138.79845,35.99373]]},"properties":{"name":"中津川"}},
{"type":"Feature","geometry":{"type":"LineString","coordinates":[[139.50981,36.16271],[139.50981,36.16206],[139.51057,36.16092],[139.5115,36.16034],[139.51406,36.15912],[139.51615,36.15921],[139.51683,36.15894],[139.51794,36.15802],[139.51986,36.15625],[139.52185,36.15428],[139.52397,36.15261],[139.52452,36.15171],[139.52496,36.14944],[139.52549,36.14775],[139.52618,36.14516],[139.5269,36.14395],[139.52749,36.14327],[139.5292,36.14187],[139.53186,36.14003],[139.53396,36.13909],[139.53564,36.13873],[139.53802,36.13753],[139.53879,36.1373],[139.54092,36.13732],[139.54372,36.13688],[139.54595,36.13705],[139.54773,36.1373],[139.54922,36.13802],[139.55086,36.13795],[139.55261,36.1371],[139.55375,36.13719],[139.55489,36.13746],[139.55665,36.13727]]},"properties":{"name":"会の川"}},
{"type":"Feature","geometry":{"type":"LineString","coordinates":[[139.33106,36.21237],[139.33186,36.21275],[139.33263,36.21286],[139.33575,36.21204],[139.3373,36.2117],[139.339,36.21078],[139.34078,36.21051],[139.34197,36.21075],[139.34324,36.2103],[139.34501,36.20857],[139.34636,36.20773],[139.34737,36.20631],[139.34815,36.20589],[139.35053,36.20583],[139.35176,36.20602],[139.35315,36.20658],[139.35434,36.20693],[139.35837,36.20881],[139.36002,36.20904],[139.36453,36.20863],[139.36878,36.20863],[139.36997,36.20836],[139.372,36.20745],[139.37443,36.20685],[139.38558,36.20487],[139.38823,36.20487],[139.38894,36.20475],[139.39153,36.20384],[139.39576,36.2029],[139.39842,36.20191],[139.40048,36.20172],[139.40548,36.20157],[139.4126,36.19994],[139.42071,36.19865],[139.42315,36.19831],[139.42549,36.19792],[139.42648,36.19743],[139.4277,36.19647],[139.42863,36.19627],[139.43298,36.196],[139.43381,36.1959],[139.43564,36.19531],[139.43766,36.19505],[139.43854,36.19465],[139.44021,36.19346]]},"properties":{"name":"福川"}},
{"type":"Feature","geometry":{"type":"LineString","coordinates":[[139.51549,35.92499],[139.51572,35.92434]]},"properties":{"name":"伊佐沼"}},
{"type":"Feature","geometry":{"type":"LineString","coordinates":[[138.84081,35.98108],[138.84098,35.97969],[138.84049,35.97932],[138.8395,35.97913],[138.83918,35.97853],[138.8402,35.97649],[138.84105,35.97595],[138.84269,35.97611],[138.84304,35.97531],[138.84242,35.97431],[138.84146,35.97372],[138.84144,35.97332],[138.8421,35.97288],[138.84173,35.97116],[138.84107,35.97019]]},"properties":{"name":"中津川"}},
{"type":"Feature","geometry":{"type":"LineString","coordinates":[[139.18103,36.15887],[139.18238,36.16092],[139.18355,36.16227],[139.18582,36.16458],[139.18646,36.16533],[139.18658,36.16627],[139.18643,36.16737],[139.18523,36.16966],[139.18517,36.1704]]},"properties":{"name":"天神川"}},
{"type":"Feature","geometry":{"type":"LineString","coordinates":[[139.36511,36.22111],[139.36655,36.22046],[139.36982,36.21879],[139.37259,36.21826],[139.37371,36.21928],[139.3743,36.21963],[139.37541,36.21942],[139.37814,36.21775],[139.3798,36.21735]]},"properties":{"name":"備前渠（備前渠川・備前渠用水路）"}},
{"type":"Feature","geometry":{"type":"LineString","coordinates":[[139.45929,36.10593],[139.46104,36.10518],[139.46176,36.10452],[139.4623,36.10341],[139.46229,36.10294],[139.4618,36.10161],[139.46211,36.10061],[139.46292,36.09937]]},"properties":{"name":"元荒川"}},
{"type":"Feature","geometry":{"type":"LineString","coordinates":[[139.76121,35.98767],[139.76169,35.98689],[139.7626,35.9866],[139.76272,35.98602],[139.76252,35.98357]]},"properties":{"name":"旧倉松落（幸松川）"}},
{"type":"Feature","geometry":{"type":"LineString","coordinates":[[139.71475,36.07528],[139.71453,36.07298],[139.71696,36.07242],[139.71802,36.07193],[139.71965,36.07091],[139.72173,36.06997],[139.72474,36.06927],[139.72521,36.0691],[139.727,36.068],[139.7285,36.06755],[139.72966,36.06657]]},"properties":{"name":"倉松川"}},
{"type":"Feature","geometry":{"type":"LineString","coordinates":[[139.09693,36.08005],[139.10024,36.08126],[139.10132,36.08154],[139.10242,36.08145],[139.10606,36.08038],[139.10688,36.08049],[139.10816,36.08092],[139.10984,36.08201],[139.11159,36.08277]]},"properties":{"name":"荒川"}},
{"type":"Feature","geometry":{"type":"LineString","coordinates":[[139.72874,35.98252],[139.73365,35.98329],[139.73467,35.98352],[139.73763,35.98394],[139.73912,35.98453]]},"properties":{"name":"古隅田川"}},
{"type":"Feature","geometry":{"type":"LineString","coordinates":[[139.42203,35.8931],[139.42245,35.89375],[139.42378,35.8949],[139.42437,35.89633],[139.42397,35.89694],[139.424,35.89756],[139.42473,35.89847],[139.42623,35.89934],[139.42777,35.90186],[139.42973,35.90303],[139.43189,35.90396]]},"properties":{"name":"入間川"}},
{"type":"Feature","geometry":{"type":"LineString","coordinates":[[139.23412,36.09763],[139.23451,36.09769],[139.23521,36.09831],[139.23624,36.09947],[139.23814,36.10119],[139.23824,36.10201],[139.23877,36.10237]]},"properties":{"name":"吉野川"}},
{"type":"Feature","geometry":{"type":"LineString","coordinates":[[139.51606,36.1381],[139.51567,36.13567],[139.5157,36.13487],[139.51643,36.13323],[139.51772,36.13147],[139.52074,36.12798],[139.52157,36.12688],[139.52327,36.12516],[139.52518,36.12432],[139.52613,36.12336],[139.52617,36.12198],[139.52575,36.12047],[139.52516,36.11883]]},"properties":{"name":"関根落"}},
{"type":"Feature","geometry":{"type":"LineString","coordinates":[[139.43627,36.00442],[139.43723,36.0038],[139.43793,36.00367],[139.43868,36.00384]]},"properties":{"name":"新江川"}},
{"type":"Feature","geometry":{"type":"LineString","coordinates":[[139.687,36.17094],[139.68731,36.17108]]},"properties":{"name":""}},
{"type":"Feature","geometry":{"type":"LineString","coordinates":[[139.02579,35.95292],[139.02597,35.95338],[139.02712,35.95428],[139.02753,35.95488],[139.0275,35.95561],[139.027,35.95627],[139.02769,35.9568]]},"properties":{"name":"安谷川"}},
{"type":"Feature","geometry":{"type":"LineString","coordinates":[[139.36997,35.97799],[139.37128,35.9785],[139.37444,35.97938],[139.3758,35.97907],[139.37678,35.97922],[139.3775,35.97975],[139.37768,35.98023],[139.37883,35.98113],[139.37987,35.98174],[139.38152,35.98196]]},"properties":{"name":"越辺川"}},
{"type":"Feature","geometry":{"type":"LineString","coordinates":[[139.3089,36.02076],[139.30934,36.02147],[139.3103,36.02086],[139.31159,36.02099],[139.31314,36.02087],[139.31342,36.02097]]},"properties":{"name":"都幾川"}},
{"type":"Feature","geometry":{"type":"LineString","coordinates":[[139.81167,35.93888],[139.81368,35.93709],[139.8153,35.93535],[139.81581,35.93461]]},"properties":{"name":"大落古利根川"}},
{"type":"Feature","geometry":{"type":"LineString","coordinates":[[139.39893,36.09852],[139.39956,36.09834],[139.40262,36.0965],[139.40465,36.09504],[139.40657,36.09439],[139.40866,36.09388]]},"properties":{"name":"和田吉野川"}},
{"type":"Feature","geometry":{"type":"LineString","coordinates":[[139.10098,35.99109],[139.10104,35.99242],[139.10191,35.99396],[139.10321,35.99453],[139.10396,35.99547],[139.10366,35.99595],[139.10271,35.99606],[139.10159,35.99648],[139.10183,35.99703],[139.10258,35.99703],[139.10313,35.99746],[139.10324,35.99789]]},"properties":{"name":"横瀬川"}},
{"type":"Feature","geometry":{"type":"LineString","coordinates":[[139.02703,35.94269],[139.02699,35.94328],[139.02639,35.94385],[139.02639,35.94438],[139.02458,35.94501],[139.02422,35.94649],[139.02431,35.94722],[139.02344,35.94773],[139.02332,35.94821]]},"properties":{"name":"安谷川"}},
{"type":"Feature","geometry":{"type":"LineString","coordinates":[[139.59322,36.14899],[139.59507,36.14418],[139.59529,36.14378],[139.59596,36.1434],[139.60414,36.1419],[139.60451,36.14167],[139.60516,36.14094],[139.60593,36.14005],[139.60872,36.13672],[139.60899,36.13614],[139.60849,36.13348],[139.60844,36.13213],[139.60887,36.13093],[139.61188,36.129],[139.61239,36.12888],[139.6151,36.12876],[139.619,36.12966],[139.62165,36.12988],[139.62318,36.1299],[139.62734,36.13058],[139.63023,36.1314],[139.63293,36.13183],[139.63413,36.13172],[139.63465,36.1313],[139.63786,36.12732],[139.63831,36.12697]]},"properties":{"name":"葛西用水路"}},
{"type":"Feature","geometry":{"type":"LineString","coordinates":[[139.8843,35.80245],[139.88445,35.80138]]},"properties":{"name":"大場川"}},
{"type":"Feature","geometry":{"type":"LineString","coordinates":[[139.78005,36.01976],[139.7807,36.01901],[139.78233,36.01806],[139.78309,36.01731],[139.7832,36.01662],[139.78294,36.01504],[139.78249,36.01367],[139.78192,36.01268],[139.7814,36.01238],[139.77981,36.01191],[139.77923,36.01126],[139.77949,36.01069],[139.78044,36.01014],[139.78075,36.00899],[139.78071,36.00703],[139.78099,36.0043],[139.78114,36.00166]]},"properties":{"name":"中川"}},
{"type":"Feature","geometry":{"type":"LineString","coordinates":[[139.47174,36.12961],[139.47141,36.12628]]},"properties":{"name":"忍川"}},
{"type":"Feature","geometry":{"type":"LineString","coordinates":[[139.32444,35.83803],[139.32546,35.83768],[139.32758,35.83729],[139.32951,35.83764],[139.33273,35.8388],[139.33388,35.83802],[139.33543,35.83745]]},"properties":{"name":"入間川"}},
{"type":"Feature","geometry":{"type":"LineString","coordinates":[[139.65072,35.84777],[139.65124,35.84678],[139.65096,35.84586]]},"properties":{"name":"笹目川"}},
{"type":"Feature","geometry":{"type":"LineString","coordinates":[[139.05338,35.92535],[139.05332,35.92571]]},"properties":{"name":"大久保谷"}},
{"type":"Feature","geometry":{"type":"LineString","coordinates":[[139.78751,35.86461],[139.78874,35.86188]]},"properties":{"name":"出羽堀（出羽堀第１雨水幹線）"}},
{"type":"Feature","geometry":{"type":"LineString","coordinates":[[139.57047,36.03148],[139.57205,36.03086],[139.57378,36.03067]]},"properties":{"name":"赤堀川"}},
{"type":"Feature","geometry":{"type":"LineString","coordinates":[[139.4979,36.05072],[139.50003,36.04801],[139.50106,36.04597],[139.50202,36.04292]]},"properties":{"name":"荒川"}},
{"type":"Feature","geometry":{"type":"LineString","coordinates":[[139.235,36.23777],[139.23622,36.23556],[139.23727,36.23334],[139.23863,36.22961],[139.23915,36.22725],[139.23985,36.22675],[139.2431,36.22639],[139.24373,36.22619],[139.24663,36.22452],[139.24845,36.22331],[139.2492,36.22301]]},"properties":{"name":"備前渠（備前渠川・備前渠用水路）"}},
{"type":"Feature","geometry":{"type":"LineString","coordinates":[[139.74927,36.05429],[139.75064,36.0527]]},"properties":{"name":"神扇落"}},
{"type":"Feature","geometry":{"type":"LineString","coordinates":[[138.99373,36.10236],[138.99406,36.10375],[138.99415,36.10485],[138.99346,36.10611],[138.99255,36.1072],[138.99146,36.10796],[138.99102,36.10873],[138.99135,36.11019],[138.99131,36.11113],[138.99103,36.11225]]},"properties":{"name":"矢納川"}},
{"type":"Feature","geometry":{"type":"LineString","coordinates":[[139.41915,36.18921],[139.42058,36.18999],[139.42166,36.19243],[139.42149,36.19308],[139.42026,36.19437]]},"properties":{"name":"奈良川"}},
{"type":"Feature","geometry":{"type":"LineString","coordinates":[[139.60746,35.88533],[139.60731,35.88187],[139.60767,35.87779],[139.60759,35.87582],[139.60591,35.87467],[139.60457,35.87467],[139.6029,35.87502],[139.60194,35.87485]]},"properties":{"name":"白神川"}},
{"type":"Feature","geometry":{"type":"LineString","coordinates":[[139.12698,36.19667],[139.12765,36.19758],[139.12769,36.19911],[139.12809,36.19978],[139.12849,36.20178],[139.12881,36.20246],[139.12922,36.20264],[139.13108,36.20283],[139.13258,36.20347]]},"properties":{"name":"女堀川"}},
{"type":"Feature","geometry":{"type":"LineString","coordinates":[[139.05821,35.97225],[139.05838,35.97308],[139.05869,35.97354],[139.05949,35.97399],[139.06045,35.97421],[139.06281,35.97515],[139.06351,35.97559],[139.06494,35.97686]]},"properties":{"name":"荒川"}},
{"type":"Feature","geometry":{"type":"LineString","coordinates":[[138.88685,36.04826],[138.88811,36.04744],[138.88833,36.04646],[138.88911,36.04604],[138.8895,36.0455],[138.89257,36.04467],[138.89288,36.04426],[138.89271,36.04383],[138.89306,36.04307],[138.893,36.0422],[138.89387,36.0415],[138.89453,36.04006],[138.89542,36.04036],[138.89581,36.04007],[138.89561,36.03961],[138.89649,36.03923],[138.89718,36.03848],[138.89766,36.03832],[138.89842,36.03886],[138.89928,36.03833],[138.90039,36.0388],[138.90172,36.03899],[138.90267,36.03892],[138.90393,36.03838],[138.9048,36.03758],[138.90599,36.03785],[138.9078,36.03879],[138.9085,36.03926],[138.90881,36.03975],[138.90931,36.03964],[138.90953,36.03894],[138.91019,36.03857],[138.91003,36.03737],[138.91076,36.03689],[138.91141,36.03694],[138.91245,36.03737],[138.91373,36.03714],[138.9139,36.03654],[138.9145,36.0366],[138.91542,36.03626],[138.91772,36.03572]]},"properties":{"name":"赤平川"}},
{"type":"Feature","geometry":{"type":"LineString","coordinates":[[139.80488,35.95538],[139.80735,35.95356],[139.80804,35.95321],[139.81049,35.95265],[139.81311,35.95173],[139.81437,35.95122],[139.81557,35.95093],[139.81659,35.95087],[139.8186,35.95115],[139.82005,35.95103]]},"properties":{"name":"中川"}},
{"type":"Feature","geometry":{"type":"LineString","coordinates":[[139.84849,35.82721],[139.85003,35.82606],[139.85123,35.82537]]},"properties":{"name":"中川"}},
{"type":"Feature","geometry":{"type":"LineString","coordinates":[[139.33651,35.98421],[139.3363,35.98372]]},"properties":{"name":"大橋川"}},
{"type":"Feature","geometry":{"type":"LineString","coordinates":[[139.39579,35.90821],[139.3966,35.90847],[139.39844,35.90838],[139.39894,35.9085],[139.40182,35.90974],[139.40465,35.91066],[139.40773,35.91173],[139.40963,35.91161],[139.41186,35.91221],[139.41371,35.91348],[139.41605,35.91441],[139.41795,35.91481],[139.41851,35.91525],[139.41854,35.91613],[139.41898,35.91732],[139.41937,35.91779],[139.42041,35.91832],[139.42079,35.91879]]},"properties":{"name":"小畔川"}},
{"type":"Feature","geometry":{"type":"LineString","coordinates":[[139.07592,36.0636],[139.07666,36.06416],[139.07756,36.06434]]},"properties":{"name":"赤平川"}},
{"type":"Feature","geometry":{"type":"LineString","coordinates":[[139.38523,35.9659],[139.38482,35.96644],[139.3848,35.96745],[139.38559,35.96874],[139.38555,35.96937],[139.3863,35.97044],[139.38643,35.97153],[139.38587,35.97321],[139.38602,35.97378],[139.38567,35.97413],[139.38616,35.97579],[139.38701,35.97676],[139.38768,35.97728],[139.38898,35.97739],[139.39053,35.97814],[139.39095,35.97851],[139.39107,35.97914],[139.39185,35.97998],[139.39179,35.98074],[139.39393,35.98186],[139.3943,35.98187],[139.39534,35.98303],[139.39621,35.98423]]},"properties":{"name":"高麗川"}},
{"type":"Feature","geometry":{"type":"LineString","coordinates":[[139.65088,36.21219],[139.65287,36.21296],[139.6544,36.21303],[139.65507,36.21336],[139.65715,36.21402],[139.65834,36.21459]]},"properties":{"name":"谷田川"}},
{"type":"Feature","geometry":{"type":"LineString","coordinates":[[139.16017,36.25894],[139.16178,36.26]]},"properties":{"name":"御陣場川"}},
{"type":"Feature","geometry":{"type":"LineString","coordinates":[[139.83606,35.90729],[139.83667,35.90698]]},"properties":{"name":"大落古利根川"}},
{"type":"Feature","geometry":{"type":"LineString","coordinates":[[139.61235,36.04198],[139.61395,36.04202],[139.61657,36.0422],[139.61902,36.04221],[139.62045,36.04229],[139.62127,36.04221],[139.62279,36.04159],[139.62466,36.0406],[139.62652,36.03984],[139.62948,36.03889],[139.63108,36.03809],[139.63338,36.03638],[139.63595,36.03493],[139.63647,36.03457]]},"properties":{"name":"隼人堀川"}},
{"type":"Feature","geometry":{"type":"LineString","coordinates":[[139.45659,35.94523],[139.45755,35.9456]]},"properties":{"name":"小畔川"}},
{"type":"Feature","geometry":{"type":"LineString","coordinates":[[139.71129,36.00551],[139.7121,36.00518]]},"properties":{"name":"隼人堀川"}},
{"type":"Feature","geometry":{"type":"LineString","coordinates":[[139.13506,36.20674],[139.13563,36.20761]]},"properties":{"name":"女堀川"}},
{"type":"Feature","geometry":{"type":"LineString","coordinates":[[139.8804,35.79533],[139.87849,35.79502]]},"properties":{"name":"大場川"}},
{"type":"Feature","geometry":{"type":"LineString","coordinates":[[139.48067,36.0194],[139.48122,36.01856]]},"properties":{"name":"台山排水路"}},
{"type":"Feature","geometry":{"type":"LineString","coordinates":[[139.59426,36.07087],[139.59652,36.06967],[139.59781,36.06832],[139.59921,36.06764],[139.59995,36.06712],[139.60127,36.06555],[139.60231,36.06246]]},"properties":{"name":"星川;見沼代用水"}},
{"type":"Feature","geometry":{"type":"LineString","coordinates":[[139.77487,36.03799],[139.77455,36.03699],[139.7745,36.03604],[139.77474,36.03528],[139.77559,36.03347],[139.77693,36.0313]]},"properties":{"name":"中川"}},
{"type":"Feature","geometry":{"type":"LineString","coordinates":[[139.72686,35.82072],[139.7259,35.8188],[139.72604,35.81768],[139.72636,35.81734],[139.72827,35.81639],[139.72916,35.81534],[139.72961,35.81419],[139.72982,35.81123],[139.73018,35.80945],[139.73004,35.80756],[139.73147,35.80531],[139.73193,35.80362],[139.73175,35.80297],[139.73111,35.80237],[139.72932,35.80147],[139.72878,35.80063],[139.7287,35.80002],[139.72885,35.79897],[139.72824,35.79802],[139.72769,35.79677],[139.72759,35.79597],[139.72823,35.7945]]},"properties":{"name":"芝川"}},
{"type":"Feature","geometry":{"type":"LineString","coordinates":[[139.72461,35.97665],[139.72525,35.97799],[139.72529,35.97841],[139.72669,35.98166],[139.72745,35.98229],[139.72874,35.98252]]},"properties":{"name":"古隅田川"}},
{"type":"Feature","geometry":{"type":"LineString","coordinates":[[139.01767,36.03761],[139.01857,36.0375],[139.01925,36.03805],[139.01886,36.03912],[139.01914,36.03974],[139.01978,36.04019],[139.02098,36.04018],[139.02188,36.03888],[139.02329,36.03749],[139.02393,36.0373],[139.02457,36.03758],[139.02478,36.03837],[139.02395,36.03857],[139.02379,36.03935],[139.02449,36.03972],[139.02534,36.04132],[139.02646,36.04174],[139.02769,36.04141],[139.02878,36.04137],[139.02954,36.04089],[139.02992,36.04022],[139.03076,36.0401],[139.03105,36.04075],[139.03283,36.04187],[139.03444,36.04347],[139.03545,36.04405],[139.03608,36.04415]]},"properties":{"name":"吉田川"}},
{"type":"Feature","geometry":{"type":"LineString","coordinates":[[139.87381,35.80388],[139.87368,35.80368]]},"properties":{"name":"下第二大場川"}},
{"type":"Feature","geometry":{"type":"LineString","coordinates":[[139.28745,36.17936],[139.2877,36.18014],[139.28816,36.18053],[139.28872,36.18201],[139.28908,36.18249],[139.29028,36.18323],[139.29039,36.18352],[139.2901,36.18454],[139.29036,36.18532],[139.29012,36.18613],[139.28852,36.1879]]},"properties":{"name":"唐沢川"}},
{"type":"Feature","geometry":{"type":"LineString","coordinates":[[139.83657,35.90796],[139.83686,35.90684],[139.83753,35.90543],[139.83779,35.90427],[139.83883,35.89799]]},"properties":{"name":"中川"}},
{"type":"Feature","geometry":{"type":"LineString","coordinates":[[139.76509,35.85806],[139.76537,35.85743],[139.76633,35.85635],[139.76872,35.85501]]},"properties":{"name":"伝右川"}},
{"type":"Feature","geometry":{"type":"LineString","coordinates":[[139.76294,35.9523],[139.76353,35.95167],[139.76429,35.95147],[139.76569,35.95157],[139.76748,35.95135],[139.76871,35.95134],[139.77072,35.95087],[139.77407,35.94976],[139.77486,35.94909]]},"properties":{"name":"会之堀川"}},
{"type":"Feature","geometry":{"type":"LineString","coordinates":[[139.59527,35.89654],[139.59626,35.89479]]},"properties":{"name":"鴨川"}},
{"type":"Feature","geometry":{"type":"LineString","coordinates":[[139.22164,36.0488],[139.22264,36.04923]]},"properties":{"name":"槻川"}},
{"type":"Feature","geometry":{"type":"LineString","coordinates":[[139.79717,35.85798],[139.79804,35.85774],[139.79898,35.85693],[139.7998,35.85526],[139.80062,35.85455]]},"properties":{"name":"綾瀬川"}},
{"type":"Feature","geometry":{"type":"LineString","coordinates":[[139.58746,36.15594],[139.59086,36.15479]]},"properties":{"name":"手子堀川"}},
{"type":"Feature","geometry":{"type":"LineString","coordinates":[[139.08632,36.06821],[139.08663,36.06946],[139.08772,36.07046],[139.08959,36.07141],[139.09198,36.07252],[139.09449,36.07387],[139.09552,36.07522],[139.09581,36.07614],[139.0959,36.07708],[139.09563,36.07775],[139.09584,36.07853]]},"properties":{"name":"荒川"}},
{"type":"Feature","geometry":{"type":"LineString","coordinates":[[139.46213,36.01316],[139.46592,36.01557]]},"properties":{"name":"市野川"}},
{"type":"Feature","geometry":{"type":"LineString","coordinates":[[139.48616,35.98406],[139.48654,35.98358]]},"properties":{"name":"安藤川"}},
{"type":"Feature","geometry":{"type":"LineString","coordinates":[[139.18569,36.26172],[139.1891,36.25984],[139.19236,36.25652],[139.19477,36.25516],[139.1974,36.25456],[139.19843,36.2544],[139.2001,36.2544]]},"properties":{"name":"御陣場川（備前渠）"}},
{"type":"Feature","geometry":{"type":"LineString","coordinates":[[139.38887,35.99713],[139.39251,35.99419],[139.39402,35.99336],[139.39536,35.99287],[139.39684,35.99259],[139.40008,35.99258],[139.40124,35.99289],[139.40344,35.99399],[139.40493,35.9944],[139.40795,35.99481],[139.40862,35.99485],[139.41364,35.99432],[139.41621,35.99433],[139.41761,35.99453]]},"properties":{"name":"九十九川"}},
{"type":"Feature","geometry":{"type":"LineString","coordinates":[[139.43213,35.90474],[139.43272,35.90504]]},"properties":{"name":"入間川"}},
{"type":"Feature","geometry":{"type":"LineString","coordinates":[[139.47052,36.12222],[139.46945,36.11986],[139.4693,36.11918],[139.46909,36.11661],[139.46909,36.11546]]},"properties":{"name":"忍川"}},
{"type":"Feature","geometry":{"type":"LineString","coordinates":[[139.15681,36.12195],[139.15745,36.12041],[139.15812,36.11943]]},"properties":{"name":"荒川"}},
{"type":"Feature","geometry":{"type":"LineString","coordinates":[[139.76384,35.87562],[139.76753,35.8734]]},"properties":{"name":"七左ェ門川"}},
{"type":"Feature","geometry":{"type":"LineString","coordinates":[[139.41012,36.0097],[139.41101,36.00946],[139.41144,36.0096],[139.41283,36.00889],[139.41274,36.00831],[139.41316,36.00803],[139.4148,36.0083],[139.41594,36.00796],[139.41767,36.00822],[139.41865,36.00805],[139.42079,36.00789],[139.42153,36.00745]]},"properties":{"name":"都幾川"}},
{"type":"Feature","geometry":{"type":"LineString","coordinates":[[139.11471,36.20659],[139.11688,36.20503],[139.11975,36.20372],[139.1206,36.20414]]},"properties":{"name":"九郷用水"}},
{"type":"Feature","geometry":{"type":"LineString","coordinates":[[139.07938,36.08228],[139.07975,36.08199],[139.08044,36.0822],[139.08169,36.08192],[139.08192,36.0824],[139.08254,36.08265],[139.0829,36.08237],[139.08441,36.08173],[139.08531,36.08067],[139.08681,36.08079],[139.08737,36.08058],[139.0876,36.08],[139.08757,36.07924],[139.08864,36.07877],[139.0907,36.07868],[139.09226,36.07796],[139.09328,36.0779],[139.09584,36.07853]]},"properties":{"name":"日野沢川"}},
{"type":"Feature","geometry":{"type":"LineString","coordinates":[[139.35219,35.901],[139.35299,35.9017],[139.3541,35.90189],[139.35445,35.90177],[139.35592,35.90191],[139.35641,35.9022],[139.35715,35.902],[139.35842,35.90201],[139.3587,35.90269],[139.35974,35.90253],[139.35964,35.90304],[139.36043,35.9029],[139.36159,35.90349],[139.36245,35.90339],[139.36323,35.90376],[139.3641,35.90375],[139.36538,35.90404],[139.36613,35.90397],[139.36827,35.90458],[139.37034,35.90473]]},"properties":{"name":"小畔川"}},
{"type":"Feature","geometry":{"type":"LineString","coordinates":[[139.44463,36.11948],[139.44523,36.11897],[139.44613,36.11859],[139.44935,36.11659],[139.45162,36.11561],[139.45344,36.11459],[139.45598,36.11291],[139.45791,36.1122],[139.45865,36.11149]]},"properties":{"name":"がんがら落"}},
{"type":"Feature","geometry":{"type":"LineString","coordinates":[[138.82116,35.91072],[138.82185,35.91174],[138.82338,35.91224],[138.82419,35.9122],[138.82505,35.91242],[138.8257,35.91181],[138.82624,35.91176],[138.82703,35.91223],[138.82745,35.91218],[138.82833,35.91163],[138.8291,35.91162],[138.83121,35.91252],[138.83215,35.91374]]},"properties":{"name":"豆焼川"}},
{"type":"Feature","geometry":{"type":"LineString","coordinates":[[139.36435,36.01802],[139.36569,36.01802],[139.36708,36.01838],[139.3689,36.01918],[139.36972,36.01979],[139.37034,36.02114],[139.37062,36.02213],[139.37136,36.02272],[139.37239,36.02292],[139.37351,36.02268]]},"properties":{"name":"都幾川"}},
{"type":"Feature","geometry":{"type":"LineString","coordinates":[[139.10217,36.16589],[139.10398,36.1668],[139.10528,36.16773],[139.10772,36.16815],[139.10861,36.16802],[139.11085,36.16683],[139.11201,36.16677],[139.11251,36.167]]},"properties":{"name":"小山川"}},
{"type":"Feature","geometry":{"type":"LineString","coordinates":[[138.88112,35.93898],[138.88207,35.93949],[138.8831,35.94031],[138.88331,35.94097],[138.88386,35.94164],[138.88476,35.94194]]},"properties":{"name":"荒川"}},
{"type":"Feature","geometry":{"type":"LineString","coordinates":[[139.72823,35.7945],[139.72951,35.79366]]},"properties":{"name":"芝川"}},
{"type":"Feature","geometry":{"type":"LineString","coordinates":[[139.46682,36.16333],[139.46871,36.16349],[139.47021,36.16414],[139.47156,36.16444],[139.47276,36.16491],[139.47477,36.16537]]},"properties":{"name":"星川"}},
{"type":"Feature","geometry":{"type":"LineString","coordinates":[[139.73531,36.0434],[139.7358,36.04284],[139.73969,36.04135]]},"properties":{"name":"大島新田調整池"}},
{"type":"Feature","geometry":{"type":"LineString","coordinates":[[139.27189,36.23499],[139.27335,36.23368],[139.27342,36.23238],[139.27282,36.23087],[139.27254,36.23056],[139.27238,36.22974],[139.2726,36.22903],[139.27335,36.2283],[139.27702,36.22686],[139.27784,36.2264],[139.27844,36.22585],[139.27988,36.22422],[139.2799,36.2238]]},"properties":{"name":"清水川"}},
{"type":"Feature","geometry":{"type":"LineString","coordinates":[[139.17807,35.95143],[139.17754,35.95051],[139.17765,35.94943]]},"properties":{"name":"高麗川"}},
{"type":"Feature","geometry":{"type":"LineString","coordinates":[[139.27631,36.16812],[139.27685,36.16849],[139.27765,36.16863],[139.27871,36.16849],[139.28071,36.16926],[139.28502,36.17364],[139.2854,36.17449],[139.28559,36.17546],[139.28634,36.1774],[139.28636,36.1787],[139.28663,36.17912],[139.28745,36.17936]]},"properties":{"name":"唐沢川"}},
{"type":"Feature","geometry":{"type":"LineString","coordinates":[[139.69923,36.05573],[139.69963,36.05482],[139.70053,36.05359],[139.7006,36.05292],[139.70015,36.05197],[139.69886,36.05068]]},"properties":{"name":"大落古利根川"}},
{"type":"Feature","geometry":{"type":"LineString","coordinates":[[139.55419,35.90486],[139.55632,35.90362],[139.55758,35.90261],[139.55872,35.90147],[139.55984,35.89918]]},"properties":{"name":"荒川"}},
{"type":"Feature","geometry":{"type":"LineString","coordinates":[[139.78438,35.95606],[139.78675,35.95514],[139.78802,35.95452]]},"properties":{"name":"大落古利根川"}},
{"type":"Feature","geometry":{"type":"LineString","coordinates":[[139.49132,35.96345],[139.49279,35.96324],[139.49373,35.96295]]},"properties":{"name":"安藤川"}},
{"type":"Feature","geometry":{"type":"LineString","coordinates":[[139.18106,35.94168],[139.17966,35.94127],[139.17983,35.94035],[139.17972,35.93976],[139.18046,35.93919],[139.18176,35.93883],[139.18221,35.93906],[139.18291,35.93877]]},"properties":{"name":"高麗川"}},
{"type":"Feature","geometry":{"type":"LineString","coordinates":[[139.00843,35.9709],[139.00974,35.97095],[139.01108,35.97175],[139.01182,35.97202],[139.01232,35.97244],[139.01266,35.97187],[139.01325,35.97231],[139.01446,35.97243],[139.01526,35.9721],[139.01627,35.97245],[139.01679,35.97189]]},"properties":{"name":"長留川"}},
{"type":"Feature","geometry":{"type":"LineString","coordinates":[[139.14298,36.036],[139.14146,36.03555]]},"properties":{"name":"三沢川"}},
{"type":"Feature","geometry":{"type":"LineString","coordinates":[[139.08208,36.21281],[139.08293,36.21385],[139.08303,36.21448],[139.08199,36.21539]]},"properties":{"name":"神流川"}},
{"type":"Feature","geometry":{"type":"LineString","coordinates":[[139.11159,36.08277],[139.11403,36.08362],[139.1161,36.08446],[139.11715,36.085],[139.11819,36.08593],[139.11858,36.0865]]},"properties":{"name":"荒川"}},
{"type":"Feature","geometry":{"type":"LineString","coordinates":[[139.23304,35.91043],[139.23228,35.90961],[139.23221,35.90831],[139.23275,35.90747],[139.23355,35.90704],[139.23491,35.90736],[139.23609,35.90714],[139.23756,35.90624],[139.23885,35.90492],[139.24063,35.90524],[139.24084,35.90594],[139.23986,35.9065],[139.23898,35.90773],[139.2392,35.90802],[139.24126,35.9086],[139.24227,35.90905],[139.24301,35.90902],[139.24309,35.90865],[139.24263,35.90713],[139.24306,35.90653],[139.24429,35.90631],[139.24633,35.90542],[139.24783,35.90455],[139.24757,35.90409],[139.24632,35.90401],[139.2463,35.90289],[139.24604,35.90221],[139.2453,35.90105],[139.24538,35.90005],[139.24604,35.89888],[139.24751,35.89814],[139.24942,35.89782],[139.25077,35.89778],[139.25183,35.89791],[139.25331,35.8983],[139.25459,35.89844],[139.25557,35.89827],[139.25587,35.89704],[139.25517,35.89589],[139.25582,35.89499],[139.25785,35.89516],[139.25824,35.89477],[139.25945,35.89435]]},"properties":{"name":"高麗川"}},
{"type":"Feature","geometry":{"type":"LineString","coordinates":[[138.86038,36.05482],[138.86102,36.05453],[138.86153,36.05384],[138.86316,36.05351],[138.86441,36.05348],[138.86596,36.05375],[138.8686,36.05358],[138.8687,36.05286],[138.86998,36.05264],[138.87127,36.05186],[138.87244,36.0515],[138.87445,36.05142]]},"properties":{"name":"赤平川"}},
{"type":"Feature","geometry":{"type":"LineString","coordinates":[[139.4452,36.10632],[139.44645,36.10631],[139.44811,36.10714],[139.44951,36.10763],[139.45086,36.10786],[139.45187,36.10789],[139.45257,36.10765],[139.4539,36.10661],[139.45465,36.10632],[139.45645,36.10639],[139.45843,36.10619],[139.45929,36.10593]]},"properties":{"name":"元荒川"}},
{"type":"Feature","geometry":{"type":"LineString","coordinates":[[139.37731,36.00235],[139.37819,36.00164],[139.38043,36.00123],[139.38124,36.00069],[139.38166,35.99928]]},"properties":{"name":"九十九川"}},
{"type":"Feature","geometry":{"type":"LineString","coordinates":[[139.19165,36.13675],[139.19339,36.13722],[139.19412,36.13764],[139.19565,36.13799],[139.19589,36.13842],[139.1968,36.13858],[139.19724,36.13834],[139.19836,36.13834],[139.19931,36.13795]]},"properties":{"name":"亀住川"}},
{"type":"Feature","geometry":{"type":"LineString","coordinates":[[139.25801,35.84631],[139.25912,35.84602],[139.2605,35.84636],[139.26098,35.84608],[139.26139,35.84546],[139.26258,35.84461],[139.26362,35.84463],[139.26458,35.84485]]},"properties":{"name":"直竹川"}},
{"type":"Feature","geometry":{"type":"LineString","coordinates":[[139.19892,36.21779],[139.19979,36.21863],[139.20379,36.22085],[139.20462,36.22099]]},"properties":{"name":"小山川"}},
{"type":"Feature","geometry":{"type":"LineString","coordinates":[[139.12973,36.06612],[139.12771,36.06789],[139.12714,36.06826],[139.12474,36.06829],[139.12426,36.06888],[139.12422,36.07035],[139.12347,36.07099],[139.12164,36.07042],[139.12116,36.0707],[139.12038,36.07236],[139.12036,36.07378],[139.11998,36.07484],[139.11896,36.07594],[139.11755,36.07644],[139.11694,36.07686],[139.11593,36.07651],[139.11497,36.07574],[139.11343,36.07484],[139.11252,36.07483],[139.11286,36.07592],[139.11268,36.07709],[139.11358,36.07876],[139.1131,36.07989],[139.11172,36.08012],[139.11143,36.08032],[139.11132,36.08123],[139.11104,36.08182],[139.11159,36.08277]]},"properties":{"name":"三沢川"}},
{"type":"Feature","geometry":{"type":"LineString","coordinates":[[139.50167,36.00345],[139.50046,36.00212],[139.50036,36.00138],[139.5006,36.00089],[139.50137,36.00034],[139.50295,35.99877],[139.50317,35.99835],[139.50436,35.99705],[139.50552,35.99618]]},"properties":{"name":"荒川"}},
{"type":"Feature","geometry":{"type":"LineString","coordinates":[[139.47343,36.079],[139.47484,36.07829],[139.47502,36.07822],[139.47569,36.07809],[139.47604,36.07801],[139.47615,36.07799]]},"properties":{"name":""}},
{"type":"Feature","geometry":{"type":"LineString","coordinates":[[139.68293,36.13523],[139.68297,36.13357],[139.68333,36.13246]]},"properties":{"name":"稲荷木落"}},
{"type":"Feature","geometry":{"type":"LineString","coordinates":[[139.61371,35.83078],[139.61677,35.83028]]},"properties":{"name":"荒川"}},
{"type":"Feature","geometry":{"type":"LineString","coordinates":[[139.80137,35.91334],[139.80156,35.91253],[139.80145,35.91095],[139.80171,35.90969],[139.80212,35.9089],[139.80289,35.90818],[139.80673,35.90545],[139.80953,35.90386]]},"properties":{"name":"新方川"}},
{"type":"Feature","geometry":{"type":"LineString","coordinates":[[139.27896,36.00519],[139.27975,36.00472],[139.28086,36.00493],[139.28179,36.00436]]},"properties":{"name":"都幾川"}},
{"type":"Feature","geometry":{"type":"LineString","coordinates":[[139.69198,35.92959],[139.6929,35.92829],[139.69316,35.92738],[139.69514,35.92666],[139.69802,35.92541],[139.69912,35.92487],[139.70008,35.92326],[139.70026,35.92178],[139.69995,35.92057],[139.70011,35.91976]]},"properties":{"name":"綾瀬川"}},
{"type":"Feature","geometry":{"type":"LineString","coordinates":[[138.9684,36.06033],[138.96871,36.05936],[138.96927,36.05853],[138.97034,36.05857],[138.97128,36.05823],[138.97378,36.05785],[138.97444,36.05812],[138.97479,36.05862],[138.97576,36.05898],[138.97661,36.05901],[138.97769,36.05925],[138.97885,36.05883],[138.97957,36.0583],[138.97992,36.05774],[138.97807,36.05624],[138.97847,36.05541],[138.97797,36.05484],[138.97902,36.05447],[138.97918,36.05419],[138.97915,36.05314],[138.98026,36.05274],[138.98084,36.05199],[138.98211,36.05203],[138.98272,36.0515],[138.98259,36.05104],[138.98199,36.05056],[138.98197,36.04977],[138.98133,36.04938],[138.98063,36.04823],[138.98068,36.04699],[138.98122,36.04641],[138.98202,36.04599],[138.98359,36.04573],[138.98418,36.04543],[138.98532,36.04521],[138.98838,36.04575],[138.9901,36.04472]]},"properties":{"name":"吉田川"}},
{"type":"Feature","geometry":{"type":"LineString","coordinates":[[138.97087,36.01653],[138.97296,36.01678],[138.97346,36.01695]]},"properties":{"name":"薄川"}},
{"type":"Feature","geometry":{"type":"LineString","coordinates":[[139.22286,36.07715],[139.22502,36.07623],[139.22608,36.07611],[139.227,36.07562],[139.22741,36.07468],[139.22842,36.07473],[139.22923,36.0745],[139.23016,36.0752],[139.2309,36.07504],[139.23101,36.0746]]},"properties":{"name":"兜川"}},
{"type":"Feature","geometry":{"type":"LineString","coordinates":[[139.50249,36.04129],[139.50316,36.03709],[139.50358,36.03523],[139.5042,36.03313]]},"properties":{"name":"荒川"}},
{"type":"Feature","geometry":{"type":"LineString","coordinates":[[139.65633,36.05547],[139.66003,36.05451],[139.67017,36.05177],[139.6763,36.05017],[139.67767,36.04974],[139.68229,36.04864],[139.6843,36.0482],[139.68577,36.04777],[139.68829,36.04684],[139.69095,36.04603],[139.6939,36.04483]]},"properties":{"name":"備前前堀川"}},
{"type":"Feature","geometry":{"type":"LineString","coordinates":[[139.37017,35.84113],[139.37278,35.84179],[139.37352,35.84263],[139.37364,35.84365]]},"properties":{"name":"入間川"}},
{"type":"Feature","geometry":{"type":"LineString","coordinates":[[139.05761,36.01427],[139.05773,36.01468],[139.05903,36.01518],[139.05955,36.01516],[139.05983,36.01638],[139.0619,36.01768],[139.06237,36.01715],[139.06321,36.01729],[139.0637,36.0178],[139.0646,36.01786],[139.06542,36.01753],[139.06629,36.01784],[139.06645,36.01861],[139.06691,36.01898]]},"properties":{"name":"蒔田川"}},
{"type":"Feature","geometry":{"type":"LineString","coordinates":[[139.68111,35.93904],[139.68241,35.93853],[139.68324,35.93746],[139.68241,35.93504],[139.6826,35.93436],[139.68314,35.93403],[139.68376,35.93319],[139.68465,35.93253],[139.68592,35.9323],[139.68652,35.93183],[139.6878,35.93174],[139.68861,35.93071],[139.68923,35.93019],[139.69124,35.93015],[139.69198,35.92959]]},"properties":{"name":"綾瀬川"}},
{"type":"Feature","geometry":{"type":"LineString","coordinates":[[139.17827,36.05672],[139.17855,36.05784],[139.17855,36.05979],[139.17817,36.06051],[139.17837,36.06094]]},"properties":{"name":"槻川"}},
{"type":"Feature","geometry":{"type":"LineString","coordinates":[[139.06395,36.19281],[139.06367,36.19527],[139.06381,36.19636]]},"properties":{"name":"神流川"}},
{"type":"Feature","geometry":{"type":"LineString","coordinates":[[139.75271,35.8797],[139.7535,35.87889],[139.75546,35.87812]]},"properties":{"name":"綾瀬川"}},
{"type":"Feature","geometry":{"type":"LineString","coordinates":[[139.74942,36.04011],[139.74998,36.03995]]},"properties":{"name":"安戸落悪水路"}},
{"type":"Feature","geometry":{"type":"LineString","coordinates":[[139.1423,36.17976],[139.14479,36.18179]]},"properties":{"name":"秋山川"}},
{"type":"Feature","geometry":{"type":"LineString","coordinates":[[139.22432,35.88109],[139.22474,35.88137],[139.22602,35.88103],[139.22642,35.88011],[139.22706,35.87971],[139.2269,35.87879],[139.22738,35.87837],[139.22863,35.87628],[139.22914,35.87631],[139.22992,35.87682],[139.23092,35.87718],[139.23063,35.8779],[139.23118,35.87818],[139.2308,35.87959],[139.2313,35.88068],[139.23261,35.88145],[139.2321,35.88209],[139.23221,35.88266],[139.23371,35.88367],[139.23433,35.88325],[139.23594,35.88298]]},"properties":{"name":"中藤川"}},
{"type":"Feature","geometry":{"type":"LineString","coordinates":[[139.32823,36.08418],[139.32928,36.08336],[139.33008,36.0821],[139.33141,36.08151],[139.33739,36.07983],[139.33824,36.07934]]},"properties":{"name":"滑川"}},
{"type":"Feature","geometry":{"type":"LineString","coordinates":[[139.48654,35.98358],[139.48692,35.9814],[139.48702,35.97933]]},"properties":{"name":"安藤川"}},
{"type":"Feature","geometry":{"type":"LineString","coordinates":[[139.54984,36.06155],[139.55028,36.06076],[139.55208,36.06022],[139.55282,36.05935],[139.55421,36.05847],[139.55459,36.05763],[139.55514,36.05726],[139.55653,36.05683],[139.55759,36.05622],[139.561,36.05264],[139.56138,36.05214],[139.56154,36.05134]]},"properties":{"name":"元荒川"}},
{"type":"Feature","geometry":{"type":"LineString","coordinates":[[139.53494,35.96769],[139.53668,35.96502],[139.53893,35.96255],[139.54026,35.96088],[139.54063,35.96025],[139.54057,35.9594]]},"properties":{"name":"荒川"}},
{"type":"Feature","geometry":{"type":"LineString","coordinates":[[138.77211,35.99341],[138.7724,35.99398],[138.77407,35.99445]]},"properties":{"name":"中津川"}},
{"type":"Feature","geometry":{"type":"LineString","coordinates":[[139.24665,36.06721],[139.24822,36.0659]]},"properties":{"name":"兜川"}},
{"type":"Feature","geometry":{"type":"LineString","coordinates":[[139.26394,36.13268],[139.26535,36.13311],[139.26579,36.13339],[139.26774,36.134],[139.26909,36.13433]]},"properties":{"name":"荒川"}},
{"type":"Feature","geometry":{"type":"LineString","coordinates":[[139.6703,36.0323],[139.67073,36.03189],[139.67407,36.02991],[139.67673,36.02847],[139.68253,36.02516],[139.68494,36.02406],[139.69067,36.02165],[139.69577,36.02207]]},"properties":{"name":"姫宮落川"}},
{"type":"Feature","geometry":{"type":"LineString","coordinates":[[139.78017,35.80768],[139.78083,35.80721],[139.78223,35.80669],[139.78293,35.80659],[139.78652,35.8066],[139.78762,35.80641],[139.78959,35.80558],[139.79086,35.80535],[139.79309,35.80526],[139.79559,35.80516],[139.79675,35.80532],[139.79741,35.80558],[139.80179,35.8083],[139.80213,35.80846],[139.80417,35.80884],[139.80518,35.80884],[139.81128,35.80816],[139.81274,35.80817],[139.81486,35.80867],[139.81676,35.80971],[139.81756,35.81003],[139.81978,35.81015],[139.82054,35.80999],[139.82155,35.80934],[139.82228,35.80824]]},"properties":{"name":"毛長川"}},
{"type":"Feature","geometry":{"type":"LineString","coordinates":[[139.33275,35.99816],[139.33302,35.99766],[139.33306,35.99668],[139.33341,35.99497],[139.33348,35.99322],[139.33412,35.99232],[139.3343,35.99115],[139.33498,35.98991],[139.33459,35.9888]]},"properties":{"name":"大橋川"}},
{"type":"Feature","geometry":{"type":"LineString","coordinates":[[139.30174,35.8564],[139.30361,35.85517],[139.3042,35.85519],[139.30525,35.85569],[139.30644,35.85602],[139.30805,35.85624],[139.30997,35.85622],[139.31091,35.85604],[139.31123,35.85531],[139.31076,35.85433],[139.31059,35.8532],[139.31081,35.85285],[139.31178,35.85279],[139.31218,35.85233]]},"properties":{"name":"入間川"}},
{"type":"Feature","geometry":{"type":"LineString","coordinates":[[139.40863,36.01882],[139.40948,36.01799]]},"properties":{"name":""}},
{"type":"Feature","geometry":{"type":"LineString","coordinates":[[138.90925,35.93196],[138.90881,35.93323],[138.90799,35.93379],[138.90699,35.93352],[138.9064,35.93366],[138.90565,35.93475],[138.90614,35.93664],[138.9063,35.93962]]},"properties":{"name":""}},
{"type":"Feature","geometry":{"type":"LineString","coordinates":[[139.83967,35.86988],[139.83933,35.86784],[139.83894,35.86631]]},"properties":{"name":"中川"}},
{"type":"Feature","geometry":{"type":"LineString","coordinates":[[139.17266,36.028],[139.17323,36.0287],[139.17253,36.02908],[139.17262,36.02938],[139.17349,36.0301],[139.17362,36.03064],[139.17311,36.03131],[139.1735,36.03186]]},"properties":{"name":"槻川"}},
{"type":"Feature","geometry":{"type":"LineString","coordinates":[[138.95577,36.08355],[138.95618,36.08162],[138.95722,36.08014],[138.95808,36.07963],[138.95866,36.07833],[138.96039,36.07791],[138.96146,36.07728],[138.96215,36.07662],[138.96242,36.07578],[138.9632,36.07488],[138.96319,36.07452],[138.96393,36.07426],[138.96406,36.07356],[138.96489,36.07268]]},"properties":{"name":"吉田川"}},
{"type":"Feature","geometry":{"type":"LineString","coordinates":[[139.11685,35.97386],[139.11645,35.97423],[139.11486,35.97616],[139.11521,35.97685],[139.11434,35.97782],[139.11328,35.97828],[139.11216,35.97829],[139.11183,35.97911],[139.1114,35.97962]]},"properties":{"name":"横瀬川"}},
{"type":"Feature","geometry":{"type":"LineString","coordinates":[[139.65386,35.804],[139.65386,35.80339],[139.65445,35.80031]]},"properties":{"name":"笹目川"}},
{"type":"Feature","geometry":{"type":"LineString","coordinates":[[139.07066,35.99112],[139.0705,35.9926],[139.07027,35.99333],[139.06942,35.99507],[139.06843,35.99817],[139.06833,36.00031],[139.06821,36.00074],[139.06873,36.00136],[139.07004,36.00248],[139.07202,36.00312]]},"properties":{"name":"荒川"}},
{"type":"Feature","geometry":{"type":"LineString","coordinates":[[139.24125,36.04436],[139.2412,36.04473],[139.24161,36.04547]]},"properties":{"name":"槻川"}},
{"type":"Feature","geometry":{"type":"LineString","coordinates":[[139.07474,35.95301],[139.07298,35.95306],[139.07232,35.95278],[139.07196,35.95234],[139.07043,35.95285],[139.06902,35.95365],[139.06822,35.95364],[139.06667,35.95428],[139.06557,35.95497],[139.06406,35.95561],[139.06379,35.95627],[139.06301,35.95682],[139.06217,35.95866],[139.06162,35.95912],[139.0607,35.95938],[139.06018,35.96004],[139.06018,35.96056],[139.05932,35.96189],[139.05859,35.96171],[139.05716,35.96208],[139.05678,35.96321]]},"properties":{"name":"橋立川"}},
{"type":"Feature","geometry":{"type":"LineString","coordinates":[[139.70781,35.84987],[139.70764,35.84923],[139.70774,35.84835],[139.70844,35.84706],[139.7103,35.84457],[139.71114,35.84392]]},"properties":{"name":"芝川"}},
{"type":"Feature","geometry":{"type":"LineString","coordinates":[[139.77247,35.86104],[139.77304,35.86054],[139.77417,35.86005],[139.77559,35.85959]]},"properties":{"name":"綾瀬川"}},
{"type":"Feature","geometry":{"type":"LineString","coordinates":[[138.84287,35.93426],[138.84447,35.93467],[138.84559,35.93527],[138.84715,35.93652],[138.84722,35.93732],[138.84817,35.93753]]},"properties":{"name":"滝川"}},
{"type":"Feature","geometry":{"type":"LineString","coordinates":[[139.28168,35.883],[139.28245,35.88307],[139.28433,35.88241],[139.28619,35.88225],[139.28796,35.88224],[139.28936,35.88173],[139.28992,35.88112],[139.29067,35.87903],[139.29092,35.87864],[139.29183,35.87887],[139.29272,35.87859],[139.29388,35.87957],[139.29474,35.87994],[139.29553,35.87911],[139.29631,35.87881],[139.29761,35.8789],[139.29761,35.87951],[139.29728,35.88128],[139.29826,35.88176],[139.29943,35.88281],[139.29958,35.88436],[139.2999,35.88518],[139.30114,35.88532],[139.30127,35.88602],[139.30224,35.88614]]},"properties":{"name":"高麗川"}},
{"type":"Feature","geometry":{"type":"LineString","coordinates":[[139.60266,36.0603],[139.60265,36.0597]]},"properties":{"name":"見沼代用水"}},
{"type":"Feature","geometry":{"type":"LineString","coordinates":[[139.26327,35.95119],[139.26384,35.9513],[139.26482,35.9539],[139.26448,35.95458],[139.26473,35.95615],[139.26535,35.95656],[139.26619,35.95825],[139.26645,35.95906],[139.26643,35.95992],[139.26573,35.9609],[139.2645,35.96146],[139.26373,35.96214],[139.26397,35.96287],[139.26499,35.96336],[139.26508,35.9636]]},"properties":{"name":"越辺川"}},
{"type":"Feature","geometry":{"type":"LineString","coordinates":[[139.52172,36.11413],[139.52302,36.11052],[139.523,36.10972],[139.52356,36.10886],[139.52391,36.10751],[139.52373,36.10683]]},"properties":{"name":"野通川"}},
{"type":"Feature","geometry":{"type":"LineString","coordinates":[[139.24658,36.06728],[139.24665,36.06721]]},"properties":{"name":"兜川"}},
{"type":"Feature","geometry":{"type":"LineString","coordinates":[[139.26546,36.01531],[139.26458,36.0169],[139.26479,36.01773]]},"properties":{"name":"吉沢川"}},
{"type":"Feature","geometry":{"type":"LineString","coordinates":[[139.64304,35.99457],[139.64484,35.99355],[139.6455,35.99227],[139.64549,35.99029],[139.64531,35.98986],[139.64444,35.98891],[139.6438,35.98787],[139.64309,35.98585],[139.64295,35.98482],[139.64333,35.98319],[139.64421,35.98005],[139.64434,35.97684],[139.6442,35.9764],[139.64338,35.97527],[139.64318,35.97292],[139.64274,35.97106],[139.6423,35.97008],[139.6423,35.96962]]},"properties":{"name":"綾瀬川"}},
{"type":"Feature","geometry":{"type":"LineString","coordinates":[[139.43335,36.15943],[139.43516,36.15989],[139.43638,36.16006],[139.43763,36.16064],[139.43821,36.16139],[139.43924,36.16229],[139.44104,36.16277],[139.44305,36.1635]]},"properties":{"name":"星川"}},
{"type":"Feature","geometry":{"type":"LineString","coordinates":[[139.2344,36.22451],[139.23522,36.22438],[139.24015,36.22304],[139.24148,36.22285],[139.24735,36.22277],[139.2492,36.22301]]},"properties":{"name":"小山川"}},
{"type":"Feature","geometry":{"type":"LineString","coordinates":[[139.82232,35.8968],[139.82351,35.89632]]},"properties":{"name":"新方川"}},
{"type":"Feature","geometry":{"type":"LineString","coordinates":[[138.9548,36.05199],[138.95609,36.05345],[138.95644,36.05457],[138.95704,36.05557],[138.9579,36.05579],[138.95881,36.05687],[138.95981,36.05712],[138.96039,36.05703],[138.96052,36.0559],[138.96235,36.05297],[138.96243,36.05204],[138.96285,36.05026],[138.96346,36.04944],[138.96479,36.04933],[138.9655,36.0498],[138.96579,36.05044],[138.96573,36.05115],[138.9649,36.05242],[138.96494,36.05311],[138.96533,36.05423],[138.96497,36.05529],[138.9651,36.05686]]},"properties":{"name":"吉田川"}},
{"type":"Feature","geometry":{"type":"LineString","coordinates":[[139.38166,35.99928],[139.38335,35.99845],[139.38566,35.99867],[139.38648,35.99848],[139.38802,35.99785]]},"properties":{"name":"九十九川"}},
{"type":"Feature","geometry":{"type":"LineString","coordinates":[[139.51616,36.12114],[139.51788,36.11923],[139.51913,36.11837]]},"properties":{"name":"野通川"}},
{"type":"Feature","geometry":{"type":"LineString","coordinates":[[139.5175,35.92147],[139.51852,35.92092]]},"properties":{"name":"伊佐沼"}},
{"type":"Feature","geometry":{"type":"LineString","coordinates":[[139.6839,36.14102],[139.68426,36.14035],[139.68426,36.13981],[139.68385,36.13888]]},"properties":{"name":"稲荷木落"}},
{"type":"Feature","geometry":{"type":"LineString","coordinates":[[138.99344,36.0217],[138.99453,36.02205],[138.99579,36.02019],[138.9966,36.01957],[138.9971,36.01872],[138.99804,36.01793]]},"properties":{"name":"赤平川"}},
{"type":"Feature","geometry":{"type":"LineString","coordinates":[[139.86038,35.84663],[139.86098,35.8457],[139.86204,35.84491],[139.86459,35.84328],[139.86661,35.84207],[139.86951,35.84021],[139.87059,35.83932],[139.87136,35.83835],[139.87172,35.83755],[139.87431,35.82957]]},"properties":{"name":"第二大場川"}},
{"type":"Feature","geometry":{"type":"LineString","coordinates":[[139.52938,35.94959],[139.52974,35.94913],[139.53165,35.94747],[139.53254,35.94654],[139.53337,35.94531],[139.53456,35.94315],[139.53547,35.94066],[139.53595,35.93767],[139.53601,35.93651],[139.53647,35.93302],[139.53686,35.92936],[139.53699,35.92743],[139.5373,35.92513],[139.53775,35.92335],[139.5384,35.92121],[139.53907,35.91977],[139.54043,35.91675],[139.54191,35.91409],[139.54271,35.9128]]},"properties":{"name":"入間川"}},
{"type":"Feature","geometry":{"type":"LineString","coordinates":[[139.46292,36.09937],[139.46464,36.0981]]},"properties":{"name":"元荒川"}},
{"type":"Feature","geometry":{"type":"LineString","coordinates":[[139.41761,36.15602],[139.41857,36.1559],[139.42069,36.1567],[139.42114,36.15741],[139.42209,36.15775],[139.42355,36.15887],[139.42573,36.15845],[139.4302,36.15841],[139.43143,36.15832],[139.43233,36.1589]]},"properties":{"name":"星川"}},
{"type":"Feature","geometry":{"type":"LineString","coordinates":[[138.96722,35.94346],[138.96759,35.94419],[138.96905,35.94489],[138.97003,35.94585],[138.97005,35.9463],[138.96946,35.94797]]},"properties":{"name":"荒川"}},
{"type":"Feature","geometry":{"type":"LineString","coordinates":[[139.24161,36.04547],[139.24379,36.0483],[139.24468,36.04902],[139.24565,36.04944],[139.2466,36.04958],[139.24808,36.04918],[139.24856,36.04934],[139.24946,36.05069]]},"properties":{"name":"槻川"}},
{"type":"Feature","geometry":{"type":"LineString","coordinates":[[138.90867,36.01494],[138.91,36.01469],[138.91141,36.01484],[138.91232,36.01507],[138.91277,36.01563],[138.91333,36.01561],[138.91392,36.01412],[138.91463,36.01371],[138.91527,36.01402],[138.91556,36.01522],[138.91704,36.01563],[138.91736,36.01632],[138.91734,36.01786],[138.91693,36.02],[138.9172,36.0204],[138.91857,36.02057],[138.91954,36.02008],[138.91982,36.01946],[138.92075,36.01947],[138.92128,36.02035],[138.92074,36.02115],[138.91989,36.02152],[138.91995,36.02202]]},"properties":{"name":"薄川"}},
{"type":"Feature","geometry":{"type":"LineString","coordinates":[[139.58844,36.02895],[139.58956,36.02944],[139.59043,36.03071],[139.59187,36.03079],[139.59274,36.03132],[139.59332,36.03278],[139.59426,36.0338],[139.59474,36.03389],[139.59619,36.03373],[139.59793,36.03423],[139.59955,36.03514],[139.60038,36.03636],[139.60121,36.03676]]},"properties":{"name":"元荒川"}},
{"type":"Feature","geometry":{"type":"LineString","coordinates":[[139.2001,36.2544],[139.20059,36.25379]]},"properties":{"name":"備前渠（備前渠川・備前渠用水路）"}},
{"type":"Feature","geometry":{"type":"LineString","coordinates":[[139.7343,35.91043],[139.73335,35.90967],[139.73134,35.90925],[139.72933,35.9092],[139.72834,35.90891],[139.72724,35.90805],[139.72435,35.90552],[139.72371,35.90437]]},"properties":{"name":"黒谷落"}},
{"type":"Feature","geometry":{"type":"LineString","coordinates":[[139.24927,36.11225],[139.25148,36.1123],[139.25225,36.11251],[139.25314,36.11206],[139.25426,36.11216],[139.25674,36.11207],[139.25714,36.11217],[139.25939,36.11338],[139.26224,36.11374],[139.26394,36.11319],[139.26631,36.11327],[139.27011,36.11356],[139.27539,36.11382],[139.27736,36.11443],[139.2803,36.11509],[139.28227,36.11587],[139.28322,36.11614],[139.28588,36.11668],[139.28731,36.11643],[139.28851,36.11643],[139.28932,36.11679],[139.28984,36.11732],[139.29079,36.11913],[139.29166,36.1198],[139.29335,36.12034],[139.2943,36.12143],[139.29495,36.12255],[139.2967,36.12454],[139.29727,36.12497],[139.30034,36.1268],[139.30067,36.12734],[139.30021,36.12859],[139.30038,36.12956],[139.30024,36.13009],[139.29968,36.13051],[139.29796,36.13128],[139.29731,36.1317],[139.29698,36.13239],[139.2972,36.13323],[139.29706,36.13434]]},"properties":{"name":"吉野川"}},
{"type":"Feature","geometry":{"type":"LineString","coordinates":[[139.57101,35.84225],[139.5726,35.84267],[139.57381,35.84271],[139.57496,35.84426]]},"properties":{"name":"旧新川岸川"}},
{"type":"Feature","geometry":{"type":"LineString","coordinates":[[139.09098,36.18668],[139.09133,36.18686],[139.09245,36.18685],[139.09302,36.18648],[139.09417,36.18659],[139.09481,36.18636],[139.0961,36.1863],[139.09682,36.1857],[139.0979,36.18546],[139.09823,36.18633],[139.09867,36.18648],[139.09999,36.18621],[139.10046,36.18632],[139.1009,36.18692]]},"properties":{"name":"女堀川"}},
{"type":"Feature","geometry":{"type":"LineString","coordinates":[[139.51234,35.93184],[139.51264,35.93144],[139.51324,35.9274]]},"properties":{"name":"九十川"}},
{"type":"Feature","geometry":{"type":"LineString","coordinates":[[139.66233,35.96542],[139.66638,35.96501],[139.66822,35.96423],[139.66982,35.964],[139.67034,35.96369],[139.67135,35.96233],[139.67199,35.96183]]},"properties":{"name":"綾瀬川"}},
{"type":"Feature","geometry":{"type":"LineString","coordinates":[[139.78937,35.86023],[139.79278,35.85893]]},"properties":{"name":"綾瀬川"}},
{"type":"Feature","geometry":{"type":"LineString","coordinates":[[139.322,36.03325],[139.32388,36.03364],[139.32509,36.03354],[139.32558,36.03369],[139.32878,36.03334],[139.33008,36.03296],[139.33165,36.03259],[139.33301,36.0324],[139.33499,36.03068],[139.33571,36.02956],[139.33653,36.02804],[139.33767,36.02715],[139.33912,36.02633],[139.33959,36.02583],[139.3405,36.02532]]},"properties":{"name":"都幾川"}},
{"type":"Feature","geometry":{"type":"LineString","coordinates":[[138.94401,35.93669],[138.9443,35.93618],[138.94553,35.93579]]},"properties":{"name":"荒川"}},
{"type":"Feature","geometry":{"type":"LineString","coordinates":[[139.5958,36.0535],[139.59553,36.05255],[139.59457,36.05107],[139.5945,36.05029],[139.5948,36.04979],[139.5968,36.04757],[139.59728,36.04728],[139.60145,36.04565],[139.60229,36.04504],[139.60586,36.04208],[139.60695,36.04172],[139.60714,36.04142]]},"properties":{"name":"野通川"}},
{"type":"Feature","geometry":{"type":"LineString","coordinates":[[139.45818,35.90293],[139.4587,35.90318],[139.45903,35.9037],[139.45952,35.90348],[139.46084,35.90368],[139.46061,35.90491],[139.46155,35.90495],[139.46199,35.90611],[139.46269,35.90631]]},"properties":{"name":"赤間川"}},
{"type":"Feature","geometry":{"type":"LineString","coordinates":[[139.50227,36.00418],[139.50167,36.00345]]},"properties":{"name":"荒川"}},
{"type":"Feature","geometry":{"type":"LineString","coordinates":[[139.47141,36.12628],[139.47097,36.12331],[139.47052,36.12222]]},"properties":{"name":"忍川"}},
{"type":"Feature","geometry":{"type":"LineString","coordinates":[[138.8559,36.00902],[138.85704,36.00766]]},"properties":{"name":"小森川"}},
{"type":"Feature","geometry":{"type":"LineString","coordinates":[[139.17811,36.07633],[139.17854,36.07504],[139.17913,36.07452],[139.17908,36.07255]]},"properties":{"name":"大内沢川"}},
{"type":"Feature","geometry":{"type":"LineString","coordinates":[[139.67375,35.97619],[139.67497,35.97494],[139.67569,35.97447],[139.67646,35.97425],[139.67783,35.97442],[139.67949,35.97484],[139.68257,35.9754],[139.68465,35.9756],[139.68729,35.97556]]},"properties":{"name":"元荒川"}},
{"type":"Feature","geometry":{"type":"LineString","coordinates":[[138.91772,36.03572],[138.91807,36.03514],[138.91867,36.03524],[138.91976,36.03476],[138.92061,36.03502],[138.92196,36.035]]},"properties":{"name":"赤平川"}},
{"type":"Feature","geometry":{"type":"LineString","coordinates":[[139.60396,35.84109],[139.60419,35.84072]]},"properties":{"name":"荒川"}},
{"type":"Feature","geometry":{"type":"LineString","coordinates":[[139.72431,36.09345],[139.72554,36.09214],[139.72719,36.09063],[139.72918,36.08826],[139.72992,36.08746],[139.73139,36.08661]]},"properties":{"name":"中川"}},
{"type":"Feature","geometry":{"type":"LineString","coordinates":[[139.73639,35.83332],[139.7352,35.8319],[139.73419,35.83115],[139.7337,35.83045],[139.73312,35.8307],[139.73255,35.83036],[139.73197,35.82929],[139.73162,35.82899],[139.73096,35.82933],[139.72901,35.82986],[139.72849,35.82829]]},"properties":{"name":"永堀川"}},
{"type":"Feature","geometry":{"type":"LineString","coordinates":[[138.83624,35.98435],[138.83699,35.98337],[138.83768,35.98271]]},"properties":{"name":"中津川"}},
{"type":"Feature","geometry":{"type":"LineString","coordinates":[[138.87445,36.05142],[138.87471,36.05174],[138.87625,36.05152],[138.87687,36.05116],[138.87838,36.04971],[138.87943,36.04916],[138.88105,36.04916],[138.88326,36.04971],[138.88421,36.04951],[138.88482,36.04869],[138.88547,36.04877],[138.88669,36.04838]]},"properties":{"name":"赤平川"}},
{"type":"Feature","geometry":{"type":"LineString","coordinates":[[139.77683,35.95943],[139.77753,35.95888]]},"properties":{"name":"大落古利根川"}},
{"type":"Feature","geometry":{"type":"LineString","coordinates":[[139.47805,36.1],[139.47831,36.09981],[139.47848,36.09971],[139.47885,36.09938],[139.47966,36.09835],[139.48048,36.09784],[139.48251,36.09765],[139.4828,36.09735],[139.48329,36.09618],[139.48455,36.09493],[139.48522,36.09393],[139.48538,36.09289],[139.48684,36.09223],[139.48806,36.0914],[139.48992,36.09081],[139.49171,36.0908],[139.49287,36.09027],[139.49352,36.0902],[139.49458,36.09048],[139.49537,36.09042]]},"properties":{"name":"元荒川"}},
{"type":"Feature","geometry":{"type":"LineString","coordinates":[[139.03218,35.99308],[139.03361,35.99448],[139.03352,35.99573]]},"properties":{"name":"長留川"}},
{"type":"Feature","geometry":{"type":"LineString","coordinates":[[139.05629,35.98176],[139.05837,35.98128],[139.05972,35.98148],[139.06067,35.98253],[139.06217,35.98348],[139.06456,35.98596],[139.06495,35.98661],[139.06522,35.98751],[139.06661,35.98851],[139.06814,35.98943],[139.06865,35.98987],[139.07066,35.99112]]},"properties":{"name":"荒川"}},
{"type":"Feature","geometry":{"type":"LineString","coordinates":[[139.83041,35.93945],[139.8342,35.93606],[139.83554,35.93477],[139.83674,35.93302],[139.83724,35.93169],[139.83739,35.93087],[139.83742,35.92929],[139.83643,35.92139],[139.83613,35.91957],[139.83604,35.91828],[139.83606,35.91471],[139.83657,35.90796]]},"properties":{"name":"中川"}},
{"type":"Feature","geometry":{"type":"LineString","coordinates":[[139.32503,36.20886],[139.32707,36.21008],[139.32777,36.21033],[139.32883,36.21037],[139.3298,36.2108],[139.33106,36.21237]]},"properties":{"name":"福川"}},
{"type":"Feature","geometry":{"type":"LineString","coordinates":[[139.81,35.83419],[139.81085,35.83201],[139.81124,35.83146],[139.81276,35.82989],[139.81329,35.82878],[139.81466,35.8276],[139.81848,35.82544],[139.81944,35.82486],[139.82021,35.82417],[139.82092,35.82331],[139.82111,35.8227],[139.82079,35.8212],[139.82297,35.8171],[139.82323,35.81612],[139.82323,35.81441]]},"properties":{"name":"綾瀬川"}},
{"type":"Feature","geometry":{"type":"LineString","coordinates":[[139.71251,36.10036],[139.71571,36.09968],[139.71675,36.09916],[139.71766,36.09855]]},"properties":{"name":"中川"}},
{"type":"Feature","geometry":{"type":"LineString","coordinates":[[138.93082,36.03852],[138.93088,36.03769],[138.93125,36.03719],[138.93121,36.03631],[138.93216,36.03539],[138.93206,36.03498],[138.93286,36.03378],[138.93354,36.03324]]},"properties":{"name":"築間川"}},
{"type":"Feature","geometry":{"type":"LineString","coordinates":[[139.71274,35.95481],[139.71273,35.9534],[139.71326,35.95199],[139.71437,35.95005],[139.7154,35.94878],[139.71701,35.94774]]},"properties":{"name":"元荒川"}},
{"type":"Feature","geometry":{"type":"LineString","coordinates":[[139.76541,36.00643],[139.76513,36.00634],[139.7646,36.00464]]},"properties":{"name":"旧倉松落（幸松川）"}},
{"type":"Feature","geometry":{"type":"LineString","coordinates":[[139.70781,35.96147],[139.70923,35.96073],[139.71061,35.95979],[139.7111,35.95931],[139.71207,35.95776],[139.71264,35.95606],[139.71274,35.95481]]},"properties":{"name":"元荒川"}},
{"type":"Feature","geometry":{"type":"LineString","coordinates":[[139.0581,36.05904],[139.05878,36.0593]]},"properties":{"name":"赤平川"}},
{"type":"Feature","geometry":{"type":"LineString","coordinates":[[139.49067,36.13848],[139.49377,36.13821],[139.4945,36.1379],[139.49616,36.1367],[139.49735,36.13614],[139.49801,36.13556],[139.49947,36.13465]]},"properties":{"name":"長野落"}},
{"type":"Feature","geometry":{"type":"LineString","coordinates":[[139.87058,35.891],[139.87069,35.88934],[139.87088,35.88884],[139.87269,35.88733],[139.87402,35.88586],[139.87471,35.88421],[139.87582,35.88341],[139.87664,35.88195],[139.8774,35.87916],[139.87816,35.87742],[139.87786,35.87578],[139.87824,35.8743],[139.87668,35.86881],[139.87631,35.86738],[139.87781,35.86647],[139.87821,35.86587]]},"properties":{"name":"東大場川"}},
{"type":"Feature","geometry":{"type":"LineString","coordinates":[[139.71025,35.90992],[139.7108,35.90961],[139.71258,35.90964],[139.7147,35.90938],[139.71548,35.90876],[139.71644,35.90858],[139.7176,35.9091],[139.71796,35.90893],[139.71849,35.90773],[139.71906,35.90746],[139.72013,35.90792],[139.72113,35.90774],[139.72138,35.90717],[139.7211,35.90632],[139.72124,35.90596],[139.72243,35.90535],[139.72357,35.90409]]},"properties":{"name":"綾瀬川"}},
{"type":"Feature","geometry":{"type":"LineString","coordinates":[[139.45843,35.94615],[139.45894,35.94654]]},"properties":{"name":"小畔川"}},
{"type":"Feature","geometry":{"type":"LineString","coordinates":[[139.71701,35.94774],[139.71885,35.94702],[139.72108,35.94636],[139.72273,35.94601],[139.72393,35.94552]]},"properties":{"name":"元荒川"}},
{"type":"Feature","geometry":{"type":"LineString","coordinates":[[139.58766,35.96124],[139.58838,35.95991],[139.58935,35.95874],[139.59138,35.95579],[139.59297,35.95319]]},"properties":{"name":"鴨川"}},
{"type":"Feature","geometry":{"type":"LineString","coordinates":[[139.10982,36.01311],[139.10999,36.01473],[139.10842,36.01592],[139.10705,36.01708],[139.10684,36.0176],[139.1072,36.01842],[139.10826,36.01953],[139.10887,36.01998],[139.10995,36.01992],[139.11032,36.02017],[139.11017,36.02146],[139.11048,36.02311]]},"properties":{"name":"横瀬川"}},
{"type":"Feature","geometry":{"type":"LineString","coordinates":[[139.43142,36.18833],[139.43237,36.18842],[139.43316,36.18813],[139.43514,36.1872]]},"properties":{"name":"北河原用水路"}},
{"type":"Feature","geometry":{"type":"LineString","coordinates":[[138.83032,35.92385],[138.83131,35.92455],[138.83124,35.92564],[138.83139,35.92628],[138.83222,35.92635],[138.83367,35.92571],[138.83406,35.92599],[138.83364,35.92644],[138.8338,35.92684],[138.83486,35.92686],[138.83463,35.92763],[138.83581,35.92839],[138.83632,35.92895],[138.83642,35.92997],[138.83675,35.93051],[138.83761,35.93057],[138.83796,35.93084],[138.83948,35.93126],[138.83981,35.93248],[138.84077,35.9333],[138.84199,35.9336],[138.84287,35.93426]]},"properties":{"name":"滝川"}},
{"type":"Feature","geometry":{"type":"LineString","coordinates":[[138.97512,36.02798],[138.97596,36.02828],[138.97805,36.02881],[138.98008,36.02879],[138.98141,36.02921],[138.98249,36.02929]]},"properties":{"name":"赤平川"}},
{"type":"Feature","geometry":{"type":"LineString","coordinates":[[139.26876,35.89219],[139.26932,35.89173],[139.26946,35.89113],[139.26925,35.88972],[139.26968,35.88927],[139.26941,35.88694],[139.26974,35.88639],[139.27064,35.88583],[139.27123,35.88574],[139.27326,35.88594],[139.27375,35.88629],[139.2739,35.88744],[139.27446,35.88818],[139.27667,35.88872],[139.27767,35.88873],[139.27865,35.88845],[139.27913,35.88789],[139.27916,35.88688],[139.27947,35.88527],[139.27952,35.88432],[139.28018,35.88318],[139.28168,35.883]]},"properties":{"name":"高麗川"}},
{"type":"Feature","geometry":{"type":"LineString","coordinates":[[139.59297,35.95319],[139.59322,35.95278]]},"properties":{"name":"鴨川"}},
{"type":"Feature","geometry":{"type":"LineString","coordinates":[[139.37777,35.837],[139.37742,35.8374],[139.37737,35.83805],[139.37693,35.83903],[139.37675,35.83987],[139.37604,35.84064],[139.37649,35.8416],[139.37631,35.84197],[139.3753,35.84234],[139.37442,35.84338],[139.37364,35.84365]]},"properties":{"name":"秋津川"}},
{"type":"Feature","geometry":{"type":"LineString","coordinates":[[139.62688,36.06192],[139.62825,36.06135],[139.62951,36.0603],[139.63062,36.05867],[139.63161,36.05792],[139.6334,36.05792],[139.63389,36.0577],[139.63512,36.05649],[139.63618,36.05469],[139.63841,36.05275],[139.63877,36.05277]]},"properties":{"name":"庄兵衛堀川"}},
{"type":"Feature","geometry":{"type":"LineString","coordinates":[[139.02769,35.9568],[139.02744,35.95704],[139.02629,35.95722],[139.02598,35.95808],[139.02546,35.95887],[139.02589,35.95956]]},"properties":{"name":"安谷川"}},
{"type":"Feature","geometry":{"type":"LineString","coordinates":[[139.42148,36.14048],[139.42336,36.14084]]},"properties":{"name":"忍川"}},
{"type":"Feature","geometry":{"type":"LineString","coordinates":[[139.19627,36.19396],[139.19648,36.19429],[139.19622,36.19541],[139.19643,36.19611],[139.19749,36.19671],[139.19823,36.19693],[139.19967,36.19694],[139.20011,36.19721],[139.20044,36.19817],[139.20103,36.19876],[139.20165,36.19888],[139.20315,36.19867],[139.20413,36.19883],[139.20526,36.19941],[139.20634,36.1996],[139.20698,36.19944]]},"properties":{"name":"志戸川"}},
{"type":"Feature","geometry":{"type":"LineString","coordinates":[[139.51356,36.07476],[139.51437,36.07456],[139.51481,36.07403],[139.51529,36.0729]]},"properties":{"name":"元荒川"}},
{"type":"Feature","geometry":{"type":"LineString","coordinates":[[139.85356,35.90225],[139.85366,35.90211]]},"properties":{"name":"大場川"}},
{"type":"Feature","geometry":{"type":"LineString","coordinates":[[139.60714,36.04142],[139.60751,36.03969],[139.60731,36.03892]]},"properties":{"name":"野通川"}},
{"type":"Feature","geometry":{"type":"LineString","coordinates":[[139.07925,36.21302],[139.08106,36.21226],[139.08168,36.21236],[139.08208,36.21281]]},"properties":{"name":"神流川"}},
{"type":"Feature","geometry":{"type":"LineString","coordinates":[[139.73139,36.08661],[139.73257,36.08644],[139.73566,36.08649]]},"properties":{"name":"中川"}},
{"type":"Feature","geometry":{"type":"LineString","coordinates":[[139.59554,35.89859],[139.59511,35.89768],[139.59504,35.89686],[139.59527,35.89654]]},"properties":{"name":"鴨川"}},
{"type":"Feature","geometry":{"type":"LineString","coordinates":[[139.50208,35.95651],[139.5042,35.95621]]},"properties":{"name":"入間川"}},
{"type":"Feature","geometry":{"type":"LineString","coordinates":[[139.33824,36.07934],[139.3392,36.07882],[139.34137,36.078],[139.34408,36.07616],[139.34578,36.07579],[139.34658,36.07537],[139.3489,36.07376],[139.34999,36.07273],[139.35085,36.07059],[139.35158,36.06972],[139.35323,36.0688],[139.35368,36.06781],[139.35403,36.06748],[139.35736,36.06689],[139.35931,36.06578],[139.36042,36.06544],[139.36297,36.06607],[139.36379,36.06612],[139.36489,36.06592]]},"properties":{"name":"滑川"}},
{"type":"Feature","geometry":{"type":"LineString","coordinates":[[139.6423,35.96962],[139.64289,35.96875],[139.64247,35.9675],[139.6425,35.96708]]},"properties":{"name":"綾瀬川"}},
{"type":"Feature","geometry":{"type":"LineString","coordinates":[[139.01342,36.0134],[139.01488,36.01329],[139.01519,36.01277],[139.01478,36.01204],[139.01505,36.01132],[139.01558,36.01088],[139.01664,36.01082],[139.0171,36.01149],[139.01773,36.01157],[139.01895,36.01024],[139.02075,36.01068],[139.02184,36.01025]]},"properties":{"name":"赤平川"}},
{"type":"Feature","geometry":{"type":"LineString","coordinates":[[139.51412,35.92134],[139.51656,35.9215],[139.5175,35.92147]]},"properties":{"name":"伊佐沼"}},
{"type":"Feature","geometry":{"type":"LineString","coordinates":[[139.77025,36.08076],[139.77408,36.08235],[139.77539,36.082]]},"properties":{"name":"中川上流放水路"}},
{"type":"Feature","geometry":{"type":"LineString","coordinates":[[139.00295,36.11316],[139.0037,36.11419],[139.00509,36.11551],[139.0054,36.11597],[139.00548,36.11692],[139.00532,36.1183],[139.00568,36.1187]]},"properties":{"name":"柚木川"}},
{"type":"Feature","geometry":{"type":"LineString","coordinates":[[139.29169,36.1382],[139.29659,36.13906],[139.30012,36.13982],[139.30082,36.14045],[139.30155,36.14084],[139.3037,36.14102],[139.30455,36.14079],[139.30561,36.14005],[139.30683,36.13974]]},"properties":{"name":"大麻生用水"}},
{"type":"Feature","geometry":{"type":"LineString","coordinates":[[139.42059,35.99433],[139.42219,35.9937],[139.42403,35.99434],[139.4256,35.99582],[139.42698,35.99609],[139.42814,35.99657],[139.42961,35.9979]]},"properties":{"name":"越辺川"}},
{"type":"Feature","geometry":{"type":"LineString","coordinates":[[139.81588,35.91553],[139.81721,35.91543],[139.81912,35.91489],[139.81975,35.91454],[139.82079,35.91343],[139.82118,35.9128],[139.82184,35.91051],[139.82294,35.90894],[139.82385,35.90817],[139.82451,35.90783],[139.82675,35.90726],[139.82801,35.90713],[139.82896,35.9072],[139.83241,35.90783],[139.83397,35.90785],[139.83606,35.90729]]},"properties":{"name":"大落古利根川"}},
{"type":"Feature","geometry":{"type":"LineString","coordinates":[[139.75731,36.03782],[139.76037,36.0353],[139.76043,36.03513]]},"properties":{"name":"安戸落悪水路"}},
{"type":"Feature","geometry":{"type":"LineString","coordinates":[[139.63483,35.85301],[139.63431,35.8528],[139.63245,35.8513],[139.63194,35.85113],[139.62958,35.8512],[139.62832,35.85087],[139.62506,35.84861],[139.6228,35.84654]]},"properties":{"name":"鴻沼川"}},
{"type":"Feature","geometry":{"type":"LineString","coordinates":[[138.89928,36.01917],[138.90022,36.01919],[138.9007,36.01889],[138.90168,36.01784],[138.90227,36.0175],[138.90507,36.01661],[138.90584,36.01619],[138.90617,36.01554],[138.90732,36.01511],[138.90867,36.01494]]},"properties":{"name":"薄川"}},
{"type":"Feature","geometry":{"type":"LineString","coordinates":[[138.90147,36.0779],[138.90157,36.07703],[138.90232,36.07605]]},"properties":{"name":"吉田川"}},
{"type":"Feature","geometry":{"type":"LineString","coordinates":[[139.44158,35.93388],[139.44214,35.93465],[139.44246,35.93562]]},"properties":{"name":"小畔川"}},
{"type":"Feature","geometry":{"type":"LineString","coordinates":[[139.83943,35.80076],[139.83795,35.80078],[139.83724,35.8006],[139.83669,35.80016],[139.83596,35.79903],[139.83457,35.79784],[139.83308,35.79586],[139.83244,35.79539],[139.83102,35.79464],[139.82875,35.79413]]},"properties":{"name":"垳川"}},
{"type":"Feature","geometry":{"type":"LineString","coordinates":[[139.72881,36.04818],[139.72988,36.04764],[139.73691,36.04666],[139.74013,36.04525],[139.74058,36.04514],[139.7433,36.04485],[139.74618,36.04498],[139.74767,36.04481],[139.74896,36.04444],[139.74936,36.04398],[139.74978,36.04202],[139.74951,36.04048]]},"properties":{"name":"安戸落悪水路"}},
{"type":"Feature","geometry":{"type":"LineString","coordinates":[[139.28926,35.95316],[139.2897,35.95299],[139.29072,35.95314],[139.29141,35.95294],[139.2917,35.95256],[139.29357,35.95246],[139.29485,35.95281]]},"properties":{"name":"柳田川"}},
{"type":"Feature","geometry":{"type":"LineString","coordinates":[[138.94816,36.01581],[138.94921,36.01571],[138.94917,36.01486],[138.94948,36.0145],[138.95049,36.01448],[138.95157,36.01427],[138.95136,36.01353],[138.95181,36.01243],[138.95289,36.01219],[138.9541,36.01147]]},"properties":{"name":"薄川"}},
{"type":"Feature","geometry":{"type":"LineString","coordinates":[[139.09316,36.06129],[139.09205,36.06276],[139.0909,36.06361],[139.08814,36.06444],[139.08741,36.06501],[139.08658,36.06709],[139.08632,36.06821]]},"properties":{"name":"荒川"}},
{"type":"Feature","geometry":{"type":"LineString","coordinates":[[139.11048,36.02311],[139.1112,36.02455],[139.11157,36.02501],[139.11168,36.02587],[139.11222,36.02689],[139.11264,36.02801],[139.11244,36.02845],[139.11174,36.02847],[139.11092,36.02822],[139.10961,36.02751],[139.1091,36.02737],[139.10758,36.02778],[139.10636,36.02835],[139.1061,36.02865]]},"properties":{"name":"横瀬川"}},
{"type":"Feature","geometry":{"type":"LineString","coordinates":[[139.75164,35.8914],[139.75338,35.88543]]},"properties":{"name":"末田落し"}},
{"type":"Feature","geometry":{"type":"LineString","coordinates":[[139.87779,35.80442],[139.88214,35.80446]]},"properties":{"name":"長戸呂川"}},
{"type":"Feature","geometry":{"type":"LineString","coordinates":[[139.40604,35.9864],[139.40688,35.98821],[139.40879,35.98878],[139.4106,35.98975],[139.41147,35.99055],[139.41294,35.99108],[139.4147,35.99134],[139.41552,35.99189],[139.41732,35.99287],[139.41788,35.99362],[139.41921,35.99401],[139.41985,35.99391],[139.42059,35.99433]]},"properties":{"name":"越辺川"}},
{"type":"Feature","geometry":{"type":"LineString","coordinates":[[139.42953,36.11261],[139.43071,36.1114],[139.43195,36.11065],[139.43256,36.11057],[139.4343,36.10889],[139.4355,36.10851],[139.4365,36.10801],[139.43756,36.10689],[139.43817,36.10534],[139.43856,36.10507],[139.4402,36.10461]]},"properties":{"name":"元荒川"}},
{"type":"Feature","geometry":{"type":"LineString","coordinates":[[139.18856,35.86033],[139.18894,35.85969],[139.18997,35.85847],[139.19171,35.85756],[139.19194,35.8565],[139.19239,35.85592],[139.19497,35.85505],[139.19671,35.8542],[139.19875,35.85362],[139.19961,35.85227],[139.20066,35.8516],[139.20139,35.85064],[139.20221,35.84987],[139.20258,35.84997],[139.20312,35.85073],[139.20447,35.85153],[139.20463,35.85209],[139.20433,35.85386],[139.20406,35.85474],[139.20423,35.85515],[139.20667,35.85718],[139.20751,35.85755],[139.20782,35.85733],[139.20781,35.85654],[139.20834,35.85589],[139.20903,35.85555],[139.21068,35.85551],[139.21156,35.85629],[139.21146,35.85897],[139.212,35.85948],[139.21343,35.85943],[139.21671,35.85811],[139.21751,35.85806],[139.21936,35.85909],[139.21998,35.85955],[139.22101,35.86096],[139.22155,35.8612]]},"properties":{"name":"入間川"}},
{"type":"Feature","geometry":{"type":"LineString","coordinates":[[138.77407,35.99445],[138.77516,35.99481],[138.77619,35.99475],[138.77705,35.99407],[138.77881,35.99404]]},"properties":{"name":"中津川"}},
{"type":"Feature","geometry":{"type":"LineString","coordinates":[[139.44275,35.91059],[139.44377,35.91104],[139.44428,35.9118],[139.44535,35.91279],[139.44587,35.91305],[139.44624,35.91421],[139.44607,35.91466],[139.44672,35.91502],[139.44785,35.91516],[139.44901,35.9159],[139.44949,35.91673],[139.45119,35.91844]]},"properties":{"name":"入間川"}},
{"type":"Feature","geometry":{"type":"LineString","coordinates":[[138.92559,36.06172],[138.92675,36.06134],[138.92881,36.06137],[138.92994,36.06156],[138.93233,36.06169],[138.93233,36.06108],[138.93307,36.0602],[138.9339,36.06036],[138.93532,36.06106],[138.93585,36.06114],[138.93694,36.06036],[138.93847,36.05942],[138.93881,36.05874],[138.93949,36.0583],[138.93932,36.05729],[138.9401,36.0556],[138.94049,36.05518]]},"properties":{"name":"吉田川"}},
{"type":"Feature","geometry":{"type":"LineString","coordinates":[[139.41724,36.14021],[139.42148,36.14048]]},"properties":{"name":"忍川"}},
{"type":"Feature","geometry":{"type":"LineString","coordinates":[[139.40478,35.8621],[139.40482,35.86217]]},"properties":{"name":"入間川"}},
{"type":"Feature","geometry":{"type":"LineString","coordinates":[[139.2117,36.0252],[139.21216,36.02577],[139.21188,36.02718],[139.21212,36.02755],[139.21286,36.02789],[139.21324,36.02892],[139.2144,36.02944],[139.21498,36.03043],[139.21486,36.03107],[139.2153,36.03134],[139.21759,36.03125],[139.21926,36.03168],[139.22091,36.03188],[139.22199,36.03363],[139.22291,36.03404],[139.22391,36.03393],[139.22444,36.03436],[139.22484,36.03531],[139.22488,36.03658],[139.22517,36.03778]]},"properties":{"name":"館川"}},
{"type":"Feature","geometry":{"type":"LineString","coordinates":[[139.28221,36.07424],[139.28296,36.07476],[139.28469,36.07514],[139.2856,36.07498],[139.29017,36.07367],[139.29072,36.07363],[139.29454,36.07375],[139.29554,36.07351],[139.29667,36.07354],[139.29737,36.07378],[139.29838,36.07364]]},"properties":{"name":"新川"}},
{"type":"Feature","geometry":{"type":"LineString","coordinates":[[139.62788,35.7842],[139.62936,35.78564]]},"properties":{"name":"白子川"}},
{"type":"Feature","geometry":{"type":"LineString","coordinates":[[139.37887,35.88012],[139.38159,35.88127],[139.38284,35.8821],[139.38485,35.88379],[139.38618,35.88524],[139.38681,35.8855],[139.389,35.88573],[139.38979,35.88612],[139.38994,35.88692],[139.3897,35.88826],[139.39004,35.88922],[139.39058,35.88978],[139.39259,35.89118],[139.3932,35.89226],[139.39306,35.89441],[139.39349,35.8954],[139.39422,35.89596],[139.39476,35.89669],[139.39521,35.89782],[139.39579,35.89852],[139.39759,35.89995],[139.39827,35.9012],[139.40046,35.90274],[139.40124,35.90285],[139.40219,35.90263],[139.40293,35.90277],[139.40461,35.90457],[139.40699,35.90591],[139.40838,35.90704],[139.41023,35.9078],[139.41184,35.908],[139.41276,35.909],[139.4133,35.90939],[139.41472,35.90978],[139.41556,35.91082],[139.41981,35.912],[139.42037,35.91224],[139.42086,35.91297],[139.42079,35.91444],[139.42138,35.91625],[139.42079,35.91879]]},"properties":{"name":"南小畔川"}},
{"type":"Feature","geometry":{"type":"LineString","coordinates":[[139.22517,36.03778],[139.22649,36.0375],[139.22822,36.03763],[139.22953,36.03817],[139.22993,36.03861],[139.23154,36.03911],[139.23244,36.0397],[139.23292,36.04065],[139.23322,36.04207],[139.2332,36.04268],[139.23378,36.0434],[139.23559,36.04391],[139.2368,36.04389],[139.23825,36.04431],[139.23923,36.04444],[139.24054,36.04397],[139.24125,36.04436]]},"properties":{"name":"槻川"}},
{"type":"Feature","geometry":{"type":"LineString","coordinates":[[139.71182,35.79204],[139.71585,35.79206],[139.71892,35.79198],[139.72115,35.79144],[139.72448,35.78953],[139.72665,35.78885],[139.72921,35.78867],[139.73109,35.78874]]},"properties":{"name":"荒川"}},
{"type":"Feature","geometry":{"type":"LineString","coordinates":[[139.31161,35.95562],[139.31214,35.95546],[139.31426,35.95575],[139.31518,35.95623],[139.31639,35.95601]]},"properties":{"name":"越辺川"}},
{"type":"Feature","geometry":{"type":"LineString","coordinates":[[139.2181,35.99446],[139.21895,35.99558],[139.21883,35.99669],[139.21936,35.99717],[139.221,35.99674],[139.22192,35.99703],[139.22235,35.99737],[139.22441,35.99747],[139.2255,35.99787]]},"properties":{"name":"都幾川"}},
{"type":"Feature","geometry":{"type":"LineString","coordinates":[[139.72393,35.94552],[139.7265,35.94391],[139.72731,35.94313],[139.72795,35.94164],[139.7291,35.93936],[139.72996,35.9379]]},"properties":{"name":"元荒川"}},
{"type":"Feature","geometry":{"type":"LineString","coordinates":[[139.60673,35.9455],[139.60581,35.9462],[139.6048,35.94769],[139.60377,35.94855]]},"properties":{"name":"逆川"}},
{"type":"Feature","geometry":{"type":"LineString","coordinates":[[139.65396,35.80543],[139.65386,35.804]]},"properties":{"name":"笹目川"}},
{"type":"Feature","geometry":{"type":"LineString","coordinates":[[139.24993,36.00365],[139.25086,36.00389],[139.25154,36.0045],[139.25335,36.00541],[139.25427,36.00548],[139.25589,36.00522],[139.2578,36.00525],[139.25877,36.00507],[139.25947,36.00474],[139.26153,36.00432],[139.26234,36.00433],[139.26292,36.00484]]},"properties":{"name":"都幾川"}},
{"type":"Feature","geometry":{"type":"LineString","coordinates":[[139.81632,35.92876],[139.81411,35.9277],[139.8119,35.92709],[139.80982,35.92666],[139.80798,35.92597],[139.80674,35.92516],[139.80574,35.92434],[139.80482,35.92293],[139.80449,35.92132],[139.80449,35.92036],[139.80488,35.91903]]},"properties":{"name":"大落古利根川"}},
{"type":"Feature","geometry":{"type":"LineString","coordinates":[[139.15234,35.95332],[139.15466,35.95401],[139.15512,35.95425],[139.15572,35.9553],[139.15594,35.95608],[139.15651,35.95647],[139.1554,35.95714],[139.15544,35.95785],[139.15439,35.95859],[139.15492,35.95909]]},"properties":{"name":"横瀬川"}},
{"type":"Feature","geometry":{"type":"LineString","coordinates":[[139.71224,36.03452],[139.71363,36.03396],[139.72051,36.03091],[139.72186,36.03016],[139.72381,36.0282],[139.72568,36.02692],[139.72701,36.02634],[139.72885,36.02624],[139.73172,36.02641],[139.73268,36.0262],[139.7334,36.02585],[139.73558,36.02416],[139.73686,36.02216],[139.73821,36.02125],[139.74318,36.02028],[139.74423,36.01959],[139.74468,36.01889],[139.74502,36.01744],[139.74569,36.01621],[139.74676,36.01552],[139.74952,36.01456],[139.75149,36.01377],[139.75265,36.01277],[139.75311,36.01178],[139.75299,36.01003],[139.752,36.00871]]},"properties":{"name":"大落古利根川"}},
{"type":"Feature","geometry":{"type":"LineString","coordinates":[[139.06446,35.97976],[139.06328,35.98028],[139.06244,35.98025],[139.06163,35.97995],[139.06045,35.97888],[139.0591,35.97799],[139.05834,35.97767],[139.05736,35.97761],[139.05617,35.97818],[139.05543,35.9789],[139.05518,35.97966],[139.05542,35.98081],[139.05629,35.98176]]},"properties":{"name":"荒川"}},
{"type":"Feature","geometry":{"type":"LineString","coordinates":[[139.29706,36.13434],[139.3001,36.13554],[139.30329,36.13654]]},"properties":{"name":"荒川"}},
{"type":"Feature","geometry":{"type":"LineString","coordinates":[[139.47857,36.0231],[139.47863,36.02294]]},"properties":{"name":"台山排水路"}},
{"type":"Feature","geometry":{"type":"LineString","coordinates":[[139.1064,35.98718],[139.10482,35.98793],[139.10451,35.98855]]},"properties":{"name":"横瀬川"}},
{"type":"Feature","geometry":{"type":"LineString","coordinates":[[139.45768,36.16802],[139.45741,36.16655],[139.45791,36.16557],[139.45876,36.16449],[139.45975,36.16402],[139.46149,36.16299],[139.46387,36.16041],[139.46479,36.15966],[139.46516,36.15786],[139.46524,36.15316],[139.46523,36.15035],[139.46506,36.14888],[139.46541,36.14718],[139.46393,36.1449],[139.46376,36.14423]]},"properties":{"name":"酒巻導水路"}},
{"type":"Feature","geometry":{"type":"LineString","coordinates":[[139.05471,36.11005],[139.05487,36.11014]]},"properties":{"name":"浦山川"}},
{"type":"Feature","geometry":{"type":"LineString","coordinates":[[139.03608,36.04415],[139.03702,36.04341],[139.03736,36.04118]]},"properties":{"name":"吉田川"}},
{"type":"Feature","geometry":{"type":"LineString","coordinates":[[139.47187,36.13114],[139.47186,36.13089]]},"properties":{"name":"忍川"}},
{"type":"Feature","geometry":{"type":"LineString","coordinates":[[139.31908,35.84407],[139.31933,35.84339],[139.32091,35.8416],[139.32229,35.84032],[139.323,35.83982],[139.32444,35.83803]]},"properties":{"name":"入間川"}},
{"type":"Feature","geometry":{"type":"LineString","coordinates":[[139.51062,35.93349],[139.51129,35.93314],[139.51234,35.93184]]},"properties":{"name":"九十川"}},
{"type":"Feature","geometry":{"type":"LineString","coordinates":[[139.65276,36.03134],[139.65324,36.03107]]},"properties":{"name":"隼人堀川"}},
{"type":"Feature","geometry":{"type":"LineString","coordinates":[[139.66995,36.2077],[139.67362,36.20494],[139.67633,36.20305],[139.67917,36.20142],[139.68084,36.2007],[139.68276,36.20009],[139.68405,36.19949],[139.68486,36.1988]]},"properties":{"name":"谷田川"}},
{"type":"Feature","geometry":{"type":"LineString","coordinates":[[139.08898,36.22554],[139.08995,36.22635],[139.09028,36.22712],[139.09048,36.22813],[139.09105,36.22914],[139.09119,36.23269],[139.09076,36.23362]]},"properties":{"name":"神流川"}},
{"type":"Feature","geometry":{"type":"LineString","coordinates":[[139.87837,35.80241],[139.88078,35.80244]]},"properties":{"name":"寄巻川"}},
{"type":"Feature","geometry":{"type":"LineString","coordinates":[[139.76007,35.98815],[139.76121,35.98767]]},"properties":{"name":"旧倉松落（幸松川）"}},
{"type":"Feature","geometry":{"type":"LineString","coordinates":[[139.80953,35.90386],[139.81795,35.89925],[139.81858,35.89887]]},"properties":{"name":"新方川"}},
{"type":"Feature","geometry":{"type":"LineString","coordinates":[[139.06468,36.18875],[139.06519,36.18911]]},"properties":{"name":"神流川"}},
{"type":"Feature","geometry":{"type":"LineString","coordinates":[[139.81581,35.93461],[139.81653,35.93357],[139.81797,35.93212],[139.81825,35.93163],[139.81817,35.93052],[139.81739,35.92954],[139.81632,35.92876]]},"properties":{"name":"大落古利根川"}},
{"type":"Feature","geometry":{"type":"LineString","coordinates":[[139.22155,35.8612],[139.22279,35.8615],[139.22386,35.8621],[139.22489,35.86243],[139.22689,35.86264],[139.22791,35.86244],[139.22831,35.86218],[139.22808,35.86149],[139.22833,35.85987]]},"properties":{"name":"入間川"}},
{"type":"Feature","geometry":{"type":"LineString","coordinates":[[139.28586,35.93933],[139.28811,35.93941],[139.28936,35.93978],[139.28997,35.93964]]},"properties":{"name":"毛呂川"}},
{"type":"Feature","geometry":{"type":"LineString","coordinates":[[139.61751,35.79279],[139.61661,35.7941],[139.61615,35.79553]]},"properties":{"name":"谷中川"}},
{"type":"Feature","geometry":{"type":"LineString","coordinates":[[139.88374,35.81781],[139.88404,35.81782],[139.88405,35.81782],[139.88506,35.81785],[139.88621,35.81794],[139.88654,35.81782]]},"properties":{"name":"三郷放水路"}},
{"type":"Feature","geometry":{"type":"LineString","coordinates":[[139.33459,35.9888],[139.33461,35.98741],[139.33492,35.98687],[139.33651,35.98562],[139.33678,35.985],[139.33651,35.98421]]},"properties":{"name":"大橋川"}},
{"type":"Feature","geometry":{"type":"LineString","coordinates":[[139.73772,35.92795],[139.73944,35.92768],[139.74062,35.92789],[139.74189,35.92866],[139.74294,35.92899],[139.74457,35.92882],[139.75007,35.92671],[139.75132,35.92601],[139.75441,35.92403],[139.75515,35.92333],[139.75569,35.92259],[139.75616,35.92136],[139.7565,35.91984],[139.7572,35.91815],[139.75775,35.91753],[139.75832,35.91727],[139.76222,35.91667],[139.76303,35.91663],[139.76526,35.91685],[139.76702,35.91718],[139.76747,35.91712],[139.76912,35.91591],[139.77221,35.91325],[139.77283,35.91206],[139.77312,35.91022],[139.77363,35.90933],[139.77429,35.90879],[139.77536,35.9082],[139.77811,35.90743],[139.77851,35.90706],[139.77862,35.90636],[139.77797,35.90526],[139.77639,35.90421],[139.77462,35.90387],[139.77225,35.90363],[139.77093,35.90326],[139.77023,35.90266],[139.77036,35.90167],[139.77115,35.90016],[139.77199,35.89899],[139.77271,35.8982],[139.77409,35.89724],[139.77545,35.89665],[139.77767,35.89552],[139.77934,35.89487],[139.78032,35.89469],[139.78163,35.89477],[139.78306,35.89519],[139.78484,35.89618],[139.78607,35.89744],[139.78642,35.89773],[139.78684,35.89788]]},"properties":{"name":"元荒川"}},
{"type":"Feature","geometry":{"type":"LineString","coordinates":[[139.46529,36.07082],[139.46656,36.07],[139.4668,36.06949]]},"properties":{"name":"荒川"}},
{"type":"Feature","geometry":{"type":"LineString","coordinates":[[139.26948,35.97018],[139.26999,35.97083],[139.27131,35.97104],[139.27189,35.97127],[139.27404,35.97167],[139.27455,35.9721],[139.27496,35.97369],[139.27528,35.97423]]},"properties":{"name":"越辺川"}},
{"type":"Feature","geometry":{"type":"LineString","coordinates":[[139.15169,35.87627],[139.15231,35.8761],[139.15247,35.87562],[139.15354,35.87476],[139.15563,35.87507]]},"properties":{"name":"有間川"}},
{"type":"Feature","geometry":{"type":"LineString","coordinates":[[139.30215,36.01238],[139.30251,36.01419],[139.30367,36.016]]},"properties":{"name":"都幾川"}},
{"type":"Feature","geometry":{"type":"LineString","coordinates":[[139.19176,35.92983],[139.19229,35.93017],[139.1932,35.93026],[139.19379,35.93055],[139.19431,35.93039],[139.19506,35.92963],[139.19547,35.92859],[139.19691,35.92747],[139.19775,35.92725],[139.19842,35.92773],[139.19838,35.92862],[139.19908,35.92897],[139.19999,35.92793],[139.19978,35.92627],[139.19945,35.92551]]},"properties":{"name":"高麗川"}},
{"type":"Feature","geometry":{"type":"LineString","coordinates":[[139.68385,36.13888],[139.68335,36.13788]]},"properties":{"name":"稲荷木落"}},
{"type":"Feature","geometry":{"type":"LineString","coordinates":[[139.11876,36.26567],[139.11918,36.26603],[139.12071,36.26647],[139.12136,36.26642],[139.12246,36.26782],[139.12332,36.26864],[139.12378,36.26939]]},"properties":{"name":"神流川"}},
{"type":"Feature","geometry":{"type":"LineString","coordinates":[[139.80203,35.85068],[139.80261,35.84917]]},"properties":{"name":"綾瀬川"}},
{"type":"Feature","geometry":{"type":"LineString","coordinates":[[139.45757,35.94561],[139.45843,35.94615]]},"properties":{"name":"小畔川"}},
{"type":"Feature","geometry":{"type":"LineString","coordinates":[[139.39736,35.81254],[139.39841,35.81336],[139.39923,35.81438],[139.39996,35.81658],[139.40068,35.81798],[139.40074,35.81906],[139.40101,35.81962],[139.40185,35.82058]]},"properties":{"name":"不老川"}},
{"type":"Feature","geometry":{"type":"LineString","coordinates":[[139.45119,35.91844],[139.45165,35.91884],[139.45287,35.9195],[139.45321,35.91976]]},"properties":{"name":"入間川"}},
{"type":"Feature","geometry":{"type":"LineString","coordinates":[[139.75677,35.84383],[139.75647,35.84313],[139.75664,35.84235],[139.75647,35.84124],[139.75645,35.83972],[139.7561,35.83911],[139.75614,35.83857],[139.75658,35.83801],[139.7569,35.83715],[139.75752,35.83619],[139.75887,35.8348],[139.75893,35.8339],[139.75856,35.83337],[139.75777,35.83314],[139.75661,35.83331]]},"properties":{"name":"前野宿川"}},
{"type":"Feature","geometry":{"type":"LineString","coordinates":[[139.87368,35.80368],[139.87353,35.80168],[139.8731,35.80081],[139.87349,35.80016],[139.8728,35.79945],[139.8724,35.7983],[139.87107,35.79768],[139.86913,35.79741],[139.86417,35.79658]]},"properties":{"name":"下第二大場川"}},
{"type":"Feature","geometry":{"type":"LineString","coordinates":[[139.49523,36.05344],[139.49678,36.05206],[139.4979,36.05072]]},"properties":{"name":"荒川"}},
{"type":"Feature","geometry":{"type":"LineString","coordinates":[[139.54992,35.84755],[139.55362,35.84988],[139.55462,35.85037],[139.55696,35.85109],[139.55855,35.85109],[139.56128,35.85033]]},"properties":{"name":"富士見江川"}},
{"type":"Feature","geometry":{"type":"LineString","coordinates":[[139.07097,36.0621],[139.0724,36.06232],[139.07412,36.06279],[139.07478,36.06319],[139.07592,36.0636]]},"properties":{"name":"赤平川"}},
{"type":"Feature","geometry":{"type":"LineString","coordinates":[[139.63424,36.14775],[139.63583,36.14707],[139.63679,36.14633],[139.63854,36.14406],[139.63941,36.14305]]},"properties":{"name":""}},
{"type":"Feature","geometry":{"type":"LineString","coordinates":[[139.31014,36.20077],[139.31212,36.20045],[139.31659,36.19834],[139.31768,36.19813],[139.31866,36.19828],[139.31945,36.19883],[139.32011,36.19978],[139.3219,36.2027],[139.32345,36.20428]]},"properties":{"name":"福川"}},
{"type":"Feature","geometry":{"type":"LineString","coordinates":[[138.85235,35.9373],[138.85322,35.93758],[138.85381,35.93802],[138.85429,35.93878],[138.85631,35.93994],[138.85695,35.94053],[138.8573,35.94131]]},"properties":{"name":"荒川"}},
{"type":"Feature","geometry":{"type":"LineString","coordinates":[[139.30224,35.88614],[139.30492,35.8862],[139.30724,35.88651],[139.3079,35.8863],[139.30845,35.88537],[139.3085,35.88371],[139.30874,35.88295],[139.30845,35.88171],[139.30872,35.88113],[139.30948,35.88048],[139.31055,35.8802],[139.31219,35.88043],[139.31348,35.8811],[139.31406,35.88182],[139.31437,35.88291],[139.31424,35.88378],[139.31383,35.88473],[139.31308,35.88533],[139.31226,35.88523],[139.31151,35.88573],[139.31178,35.88622],[139.31213,35.88796],[139.31289,35.88839],[139.31381,35.88851],[139.31586,35.88836],[139.31722,35.89101],[139.31813,35.89234],[139.31906,35.8924],[139.31994,35.89133],[139.32105,35.89058],[139.32175,35.89047],[139.32258,35.89123],[139.32283,35.89188],[139.32266,35.89281],[139.3235,35.89283],[139.32433,35.89211],[139.32564,35.89184],[139.32634,35.89214],[139.32666,35.89271],[139.32603,35.893],[139.32533,35.8936],[139.32507,35.89413],[139.32527,35.89489],[139.32506,35.89526],[139.32417,35.89564],[139.32384,35.89609],[139.32445,35.89698],[139.32617,35.89785],[139.32684,35.89843],[139.32688,35.89931],[139.32642,35.89971],[139.3256,35.89989],[139.32443,35.89941],[139.32375,35.89875],[139.32335,35.89999],[139.32242,35.90138],[139.32255,35.90273],[139.32312,35.90334],[139.32469,35.90417],[139.32583,35.90502],[139.32516,35.9057],[139.32375,35.90598],[139.32332,35.90633],[139.3244,35.90719],[139.32651,35.90846],[139.32787,35.90898],[139.32867,35.91019],[139.32903,35.91106],[139.32926,35.91217],[139.33011,35.91357],[139.33301,35.91609],[139.33328,35.91649],[139.33437,35.91737],[139.33446,35.9182],[139.33408,35.91933],[139.33199,35.91992],[139.33032,35.92075],[139.3296,35.92174],[139.32978,35.92241],[139.33172,35.92331],[139.33297,35.92349],[139.33367,35.92344],[139.33508,35.92296],[139.33573,35.92304],[139.33682,35.92271],[139.33772,35.92209],[139.33947,35.92194],[139.34016,35.92227],[139.34065,35.92305],[139.34064,35.92409],[139.33949,35.9261],[139.339,35.92761],[139.33903,35.9287],[139.33981,35.93039],[139.34097,35.9308],[139.34283,35.93107],[139.34409,35.93088],[139.34504,35.93023],[139.34642,35.9295],[139.34712,35.92946],[139.34781,35.92984],[139.34867,35.92983],[139.3497,35.93022],[139.34983,35.93076],[139.34918,35.93189],[139.34868,35.93315],[139.34862,35.93481],[139.3496,35.93561],[139.35191,35.93653],[139.35355,35.93674],[139.35471,35.9371],[139.35538,35.93764],[139.35614,35.93853],[139.35635,35.93936]]},"properties":{"name":"高麗川"}},
{"type":"Feature","geometry":{"type":"LineString","coordinates":[[139.69993,36.04119],[139.70136,36.04193],[139.70309,36.04243],[139.70402,36.04245]]},"properties":{"name":"備前堀川"}},
{"type":"Feature","geometry":{"type":"LineString","coordinates":[[139.81972,35.79977],[139.81972,35.79909],[139.82013,35.79818],[139.82074,35.79734],[139.82244,35.79573],[139.82345,35.79527],[139.82666,35.79419],[139.82744,35.79382]]},"properties":{"name":"綾瀬川"}},
{"type":"Feature","geometry":{"type":"LineString","coordinates":[[139.45303,36.16904],[139.45501,36.16822],[139.45768,36.16802]]},"properties":{"name":"星川"}},
{"type":"Feature","geometry":{"type":"LineString","coordinates":[[139.61863,35.84252],[139.61799,35.8419]]},"properties":{"name":"鴻沼川"}},
{"type":"Feature","geometry":{"type":"LineString","coordinates":[[139.178,36.01355],[139.17778,36.01421],[139.17707,36.01459],[139.17595,36.0148]]},"properties":{"name":"槻川"}},
{"type":"Feature","geometry":{"type":"LineString","coordinates":[[139.15345,36.21266],[139.15626,36.2138],[139.15733,36.2146],[139.15765,36.21529]]},"properties":{"name":"女堀川"}},
{"type":"Feature","geometry":{"type":"LineString","coordinates":[[139.15492,35.95909],[139.15583,35.95888],[139.15753,35.95922],[139.15817,35.95893],[139.15816,35.95829]]},"properties":{"name":"横瀬川"}},
{"type":"Feature","geometry":{"type":"LineString","coordinates":[[139.60112,35.86516],[139.60165,35.86394],[139.6031,35.86026],[139.60508,35.85719]]},"properties":{"name":"鴨川"}},
{"type":"Feature","geometry":{"type":"LineString","coordinates":[[139.80163,35.91365],[139.80091,35.91333]]},"properties":{"name":"逆川"}},
{"type":"Feature","geometry":{"type":"LineString","coordinates":[[139.45386,36.0805],[139.45603,36.07934],[139.45667,36.0789],[139.45727,36.0774],[139.45808,36.07584],[139.45896,36.07458],[139.45952,36.07423],[139.46086,36.07384],[139.46203,36.07332],[139.465,36.07124],[139.46529,36.07082]]},"properties":{"name":"荒川"}},
{"type":"Feature","geometry":{"type":"LineString","coordinates":[[139.50501,36.02762],[139.50482,36.02666],[139.50483,36.025],[139.5041,36.02364],[139.50188,36.02122],[139.50147,36.02054],[139.50102,36.019],[139.50081,36.01773],[139.50063,36.01533],[139.5006,36.01298]]},"properties":{"name":"荒川"}},
{"type":"Feature","geometry":{"type":"LineString","coordinates":[[139.44528,36.08286],[139.44786,36.08353],[139.44937,36.08411],[139.44985,36.08401],[139.45167,36.08321],[139.45377,36.08153],[139.45366,36.08105],[139.45386,36.0805]]},"properties":{"name":"荒川"}},
{"type":"Feature","geometry":{"type":"LineString","coordinates":[[139.16178,36.26],[139.16358,36.261]]},"properties":{"name":"御陣場川"}},
{"type":"Feature","geometry":{"type":"LineString","coordinates":[[138.88669,36.04838],[138.88685,36.04826]]},"properties":{"name":"赤平川"}},
{"type":"Feature","geometry":{"type":"LineString","coordinates":[[138.77881,35.99404],[138.78097,35.99377],[138.78165,35.99337],[138.78166,35.99273],[138.7823,35.99288],[138.78257,35.99347],[138.78268,35.99473],[138.78317,35.99495],[138.78436,35.9947],[138.785,35.99431],[138.78638,35.99303],[138.7875,35.9927],[138.78831,35.99185],[138.78877,35.99196],[138.78898,35.99247],[138.78977,35.99355],[138.79036,35.99355],[138.79117,35.99286]]},"properties":{"name":"中津川"}},
{"type":"Feature","geometry":{"type":"LineString","coordinates":[[139.49947,36.13465],[139.50135,36.13402],[139.50277,36.13294],[139.5034,36.13266],[139.50666,36.13162],[139.50918,36.13049],[139.51021,36.12951],[139.51184,36.12756],[139.51336,36.12623],[139.51458,36.12536],[139.5164,36.12439],[139.51726,36.12368],[139.51783,36.12243],[139.51854,36.1213],[139.51867,36.12083]]},"properties":{"name":"長野落"}},
{"type":"Feature","geometry":{"type":"LineString","coordinates":[[139.18225,35.88518],[139.18257,35.88251],[139.18325,35.8813],[139.18374,35.87993],[139.18453,35.87921],[139.18536,35.8789],[139.18556,35.87801],[139.18457,35.87713],[139.1847,35.87675],[139.1854,35.87652],[139.18588,35.87559],[139.1859,35.87477],[139.18732,35.87355],[139.18724,35.8727],[139.18481,35.87169],[139.18451,35.87142],[139.18454,35.87077]]},"properties":{"name":"入間川"}},
{"type":"Feature","geometry":{"type":"LineString","coordinates":[[139.58064,35.93506],[139.58004,35.93419],[139.5796,35.93289],[139.57851,35.9316],[139.57775,35.93052],[139.5761,35.92895]]},"properties":{"name":"滝沼川"}},
{"type":"Feature","geometry":{"type":"LineString","coordinates":[[139.82323,35.81441],[139.82292,35.81014],[139.82264,35.80871]]},"properties":{"name":"綾瀬川"}},
{"type":"Feature","geometry":{"type":"LineString","coordinates":[[139.29557,35.93179],[139.29577,35.93212],[139.29654,35.93221],[139.29813,35.93368],[139.29917,35.93442],[139.29929,35.93482],[139.29909,35.93566],[139.30064,35.93611],[139.30095,35.93643],[139.30117,35.93847],[139.30074,35.93939],[139.30081,35.93978],[139.30213,35.94033],[139.30175,35.94105],[139.30196,35.94219]]},"properties":{"name":"阿諏訪川"}},
{"type":"Feature","geometry":{"type":"LineString","coordinates":[[139.46464,36.0981],[139.46484,36.09739],[139.46493,36.09608],[139.46551,36.09513],[139.46569,36.09393],[139.46609,36.09324],[139.46679,36.09252],[139.46751,36.09234]]},"properties":{"name":"元荒川"}},
{"type":"Feature","geometry":{"type":"LineString","coordinates":[[139.43189,35.90396],[139.43194,35.90405]]},"properties":{"name":"入間川"}},
{"type":"Feature","geometry":{"type":"LineString","coordinates":[[139.86325,35.79652],[139.8604,35.79632],[139.85948,35.79567]]},"properties":{"name":"下第二大場川"}},
{"type":"Feature","geometry":{"type":"LineString","coordinates":[[138.97439,35.9165],[138.97345,35.91713],[138.97208,35.91743],[138.97149,35.91827],[138.97085,35.91855],[138.97025,35.91914],[138.96909,35.91986],[138.96804,35.92087],[138.96789,35.92195],[138.96812,35.92299],[138.96781,35.92346],[138.96722,35.92354],[138.96631,35.92318],[138.96589,35.92328],[138.96558,35.9242]]},"properties":{"name":"大血川"}},
{"type":"Feature","geometry":{"type":"LineString","coordinates":[[139.75064,36.0527],[139.75491,36.04917],[139.75539,36.04911]]},"properties":{"name":"神扇落"}},
{"type":"Feature","geometry":{"type":"LineString","coordinates":[[139.4782,36.0996],[139.47858,36.09893],[139.47945,36.09778],[139.47959,36.09679]]},"properties":{"name":"武蔵水路"}},
{"type":"Feature","geometry":{"type":"LineString","coordinates":[[138.96589,36.05803],[138.96646,36.06002],[138.96772,36.06049],[138.9684,36.06033]]},"properties":{"name":"吉田川"}},
{"type":"Feature","geometry":{"type":"LineString","coordinates":[[139.74087,36.04097],[139.74268,36.04068],[139.74419,36.04058],[139.74445,36.04041]]},"properties":{"name":"大島新田調整池"}},
{"type":"Feature","geometry":{"type":"LineString","coordinates":[[139.84399,35.84053],[139.84403,35.83775],[139.84433,35.83583],[139.84497,35.83404],[139.8451,35.83301],[139.84555,35.83143],[139.84599,35.83046],[139.84701,35.82893],[139.84849,35.82721]]},"properties":{"name":"中川"}},
{"type":"Feature","geometry":{"type":"LineString","coordinates":[[139.17595,36.0148],[139.1753,36.01554],[139.17458,36.01571]]},"properties":{"name":"槻川"}},
{"type":"Feature","geometry":{"type":"LineString","coordinates":[[139.68729,35.97556],[139.69187,35.97471],[139.69312,35.97442],[139.69475,35.97387],[139.69581,35.97267],[139.69613,35.9716],[139.69633,35.96979],[139.69661,35.96908],[139.69743,35.96817],[139.69968,35.96593],[139.70039,35.96533],[139.70529,35.96284],[139.70781,35.96147]]},"properties":{"name":"元荒川"}},
{"type":"Feature","geometry":{"type":"LineString","coordinates":[[139.71254,35.87122],[139.71351,35.86897],[139.71356,35.8668],[139.71376,35.86588],[139.71382,35.86279]]},"properties":{"name":"芝川"}},
{"type":"Feature","geometry":{"type":"LineString","coordinates":[[139.3405,36.02532],[139.3416,36.02515],[139.3423,36.02527],[139.34459,36.02521],[139.34495,36.02501]]},"properties":{"name":"都幾川"}},
{"type":"Feature","geometry":{"type":"LineString","coordinates":[[139.18291,35.93877],[139.18328,35.93866],[139.18445,35.93744],[139.18564,35.93733],[139.18614,35.93751],[139.18657,35.93708],[139.18644,35.93669]]},"properties":{"name":"高麗川"}},
{"type":"Feature","geometry":{"type":"LineString","coordinates":[[139.74089,35.88751],[139.74328,35.88597],[139.74496,35.88536],[139.7463,35.88447],[139.74685,35.88393],[139.74732,35.88357],[139.74741,35.88298],[139.74801,35.8819],[139.74869,35.88141],[139.75169,35.88034],[139.75271,35.8797]]},"properties":{"name":"綾瀬川"}},
{"type":"Feature","geometry":{"type":"LineString","coordinates":[[139.7816,35.8329],[139.78189,35.83136],[139.78329,35.82973],[139.78376,35.8278],[139.78446,35.8269],[139.78709,35.82509],[139.78718,35.8249],[139.78737,35.82163],[139.78789,35.82049],[139.78848,35.81961]]},"properties":{"name":"辰井川"}},
{"type":"Feature","geometry":{"type":"LineString","coordinates":[[139.76,35.99278],[139.75985,35.99195],[139.75983,35.99055],[139.76007,35.98815]]},"properties":{"name":"旧倉松落（幸松川）"}},
{"type":"Feature","geometry":{"type":"LineString","coordinates":[[139.59499,35.92199],[139.59477,35.92092],[139.59515,35.91821],[139.5956,35.91729],[139.59703,35.91485],[139.59872,35.91281],[139.59922,35.91182],[139.59886,35.90986],[139.59737,35.90786],[139.59716,35.90707],[139.59822,35.9059],[139.59852,35.90535],[139.59842,35.9047],[139.59768,35.90376],[139.59747,35.90309],[139.59729,35.90109],[139.5967,35.9001]]},"properties":{"name":"鴨川"}},
{"type":"Feature","geometry":{"type":"LineString","coordinates":[[139.79948,35.91742],[139.80009,35.9153],[139.80022,35.91502],[139.80053,35.91459],[139.80083,35.91413],[139.80126,35.91353],[139.80137,35.91334]]},"properties":{"name":"新方川"}},
{"type":"Feature","geometry":{"type":"LineString","coordinates":[[139.29177,35.97311],[139.29224,35.97242],[139.29275,35.97218],[139.29268,35.97157],[139.29325,35.97073]]},"properties":{"name":""}},
{"type":"Feature","geometry":{"type":"LineString","coordinates":[[139.4133,35.87699],[139.41398,35.87783],[139.41446,35.87917]]},"properties":{"name":"入間川"}},
{"type":"Feature","geometry":{"type":"LineString","coordinates":[[139.07694,36.00841],[139.077,36.0106],[139.07794,36.01268],[139.07907,36.01394],[139.07958,36.01415],[139.08145,36.01431],[139.08208,36.01455],[139.08374,36.01572],[139.08419,36.01644],[139.08558,36.01749],[139.08641,36.01848],[139.08726,36.01985]]},"properties":{"name":"荒川"}},
{"type":"Feature","geometry":{"type":"LineString","coordinates":[[139.26622,36.21106],[139.26702,36.21109],[139.26827,36.21061],[139.27148,36.20776],[139.27264,36.20718]]},"properties":{"name":"福川"}},
{"type":"Feature","geometry":{"type":"LineString","coordinates":[[139.78137,35.99087],[139.78125,35.98997],[139.78146,35.98572]]},"properties":{"name":"中川"}},
{"type":"Feature","geometry":{"type":"LineString","coordinates":[[139.81858,35.89887],[139.82232,35.8968]]},"properties":{"name":"新方川"}},
{"type":"Feature","geometry":{"type":"LineString","coordinates":[[138.8023,35.99664],[138.80504,35.99829],[138.80547,35.99876],[138.80553,35.99936],[138.80631,35.99986],[138.80768,35.9996],[138.80841,35.99968],[138.80907,36.00071],[138.80941,36.00099],[138.81089,36.00098],[138.81213,36.00019],[138.81401,35.99915],[138.81626,35.99946],[138.81644,35.99871],[138.81699,35.99856],[138.81747,35.99901],[138.81753,35.99996],[138.81833,36.00036],[138.81904,36.00045]]},"properties":{"name":"中津川"}},
{"type":"Feature","geometry":{"type":"LineString","coordinates":[[139.77035,35.98186],[139.77149,35.98121],[139.77284,35.98014],[139.77322,35.97955],[139.77403,35.97751],[139.77432,35.97528],[139.77471,35.97343],[139.77458,35.97249],[139.77397,35.97109],[139.77309,35.9695],[139.77268,35.96787]]},"properties":{"name":"大落古利根川"}},
{"type":"Feature","geometry":{"type":"LineString","coordinates":[[139.14631,35.97551],[139.14587,35.97667],[139.14488,35.9767],[139.14429,35.97627],[139.1437,35.97616],[139.1422,35.97675],[139.14122,35.97746]]},"properties":{"name":"横瀬川"}},
{"type":"Feature","geometry":{"type":"LineString","coordinates":[[139.06691,36.01898],[139.06823,36.01963],[139.06849,36.02007],[139.0684,36.02079],[139.06847,36.02253],[139.06936,36.02301],[139.0698,36.02345],[139.07027,36.0247],[139.07036,36.02542],[139.07133,36.02609],[139.07268,36.02732],[139.07267,36.02794],[139.07297,36.02868],[139.07293,36.02916],[139.07331,36.02966],[139.07439,36.0293],[139.07507,36.02972],[139.07592,36.02969],[139.0762,36.03051],[139.07679,36.0309],[139.07754,36.03018]]},"properties":{"name":"蒔田川"}},
{"type":"Feature","geometry":{"type":"LineString","coordinates":[[139.70866,36.09932],[139.70945,36.09985],[139.71055,36.10032],[139.71167,36.10048],[139.71251,36.10036]]},"properties":{"name":"中川"}},
{"type":"Feature","geometry":{"type":"LineString","coordinates":[[139.64903,36.02672],[139.64906,36.026],[139.6497,36.02311],[139.65037,36.02081],[139.65043,36.01941],[139.65024,36.01791],[139.64966,36.01588],[139.64944,36.01481],[139.64962,36.01288],[139.65028,36.01081],[139.65128,36.00927],[139.65116,36.00837],[139.65013,36.00658],[139.64937,36.00499],[139.64923,36.00417],[139.64937,36.00224],[139.6496,36.00141],[139.6507,35.99877],[139.6527,35.99516],[139.65313,35.99479],[139.65449,35.9943]]},"properties":{"name":"元荒川"}},
{"type":"Feature","geometry":{"type":"LineString","coordinates":[[139.76849,35.9377],[139.76929,35.93787],[139.77338,35.93783]]},"properties":{"name":"新方川"}},
{"type":"Feature","geometry":{"type":"LineString","coordinates":[[139.22569,36.11728],[139.2266,36.1173],[139.22777,36.11754],[139.22999,36.11831],[139.23338,36.11825],[139.23488,36.11833]]},"properties":{"name":"荒川"}},
{"type":"Feature","geometry":{"type":"LineString","coordinates":[[139.07835,35.91831],[139.07795,35.91841],[139.07659,35.91823],[139.07495,35.91877],[139.07286,35.91896],[139.07128,35.91975],[139.07058,35.92046],[139.07054,35.92106]]},"properties":{"name":"浦山川"}},
{"type":"Feature","geometry":{"type":"LineString","coordinates":[[139.62311,35.85433],[139.61782,35.85305],[139.61592,35.85272]]},"properties":{"name":"油面川"}},
{"type":"Feature","geometry":{"type":"LineString","coordinates":[[139.61799,35.8419],[139.61884,35.84069],[139.61824,35.83948],[139.61701,35.83828],[139.61582,35.83655],[139.61543,35.83476],[139.61322,35.83269],[139.61284,35.83214],[139.61268,35.83132],[139.61283,35.83087]]},"properties":{"name":"鴨川"}},
{"type":"Feature","geometry":{"type":"LineString","coordinates":[[138.91453,35.9267],[138.91509,35.92732],[138.91454,35.9279],[138.91461,35.92882]]},"properties":{"name":"大洞川"}},
{"type":"Feature","geometry":{"type":"LineString","coordinates":[[138.9651,36.05686],[138.96589,36.05803]]},"properties":{"name":"吉田川"}},
{"type":"Feature","geometry":{"type":"LineString","coordinates":[[139.2502,36.11269],[139.25271,36.11392],[139.25375,36.11475],[139.25392,36.1152],[139.25388,36.11674],[139.25335,36.11799],[139.25314,36.11962]]},"properties":{"name":"新吉野川"}},
{"type":"Feature","geometry":{"type":"LineString","coordinates":[[139.62267,36.18745],[139.63978,36.17933]]},"properties":{"name":"利根川"}},
{"type":"Feature","geometry":{"type":"LineString","coordinates":[[139.41492,36.13999],[139.41724,36.14021]]},"properties":{"name":"忍川"}},
{"type":"Feature","geometry":{"type":"LineString","coordinates":[[139.77559,35.85959],[139.77882,35.85942],[139.77952,35.85945],[139.78273,35.86001],[139.78458,35.86016],[139.78524,35.86034]]},"properties":{"name":"綾瀬川"}},
{"type":"Feature","geometry":{"type":"LineString","coordinates":[[139.66747,35.95927],[139.66935,35.95883],[139.6704,35.95848],[139.67099,35.95799],[139.67177,35.95668],[139.67317,35.95453],[139.6739,35.95359],[139.67838,35.94828],[139.67887,35.94642],[139.67846,35.94527],[139.67837,35.94408],[139.67848,35.94245],[139.67909,35.94134],[139.67914,35.94039],[139.67993,35.93955],[139.68111,35.93904]]},"properties":{"name":"深作川"}},
{"type":"Feature","geometry":{"type":"LineString","coordinates":[[139.17908,36.07255],[139.17919,36.07204],[139.18022,36.07069]]},"properties":{"name":"大内沢川"}},
{"type":"Feature","geometry":{"type":"LineString","coordinates":[[139.41339,36.05426],[139.41708,36.05231],[139.41755,36.05186],[139.4185,36.04996],[139.41982,36.04848],[139.42015,36.04775],[139.42015,36.04584],[139.41923,36.04479],[139.41915,36.04437],[139.41921,36.04103]]},"properties":{"name":"滑川"}},
{"type":"Feature","geometry":{"type":"LineString","coordinates":[[139.18761,36.24479],[139.18875,36.24445],[139.19132,36.24397],[139.19256,36.24413],[139.19388,36.24501],[139.19463,36.24503],[139.19734,36.24398],[139.19799,36.24325],[139.19836,36.24188],[139.19893,36.24106],[139.19974,36.24043],[139.20034,36.24024],[139.2011,36.24042],[139.20212,36.24117],[139.20256,36.24127],[139.20436,36.24123],[139.20566,36.24063],[139.20809,36.23779],[139.20858,36.23736],[139.20947,36.23702],[139.21027,36.23696]]},"properties":{"name":"元小山川"}},
{"type":"Feature","geometry":{"type":"LineString","coordinates":[[139.41299,35.83049],[139.41386,35.8316],[139.4145,35.83208],[139.41565,35.83242],[139.41815,35.83446],[139.41927,35.83504]]},"properties":{"name":"不老川"}},
{"type":"Feature","geometry":{"type":"LineString","coordinates":[[139.20312,35.98659],[139.20422,35.98676],[139.20603,35.98647],[139.20724,35.9873]]},"properties":{"name":"都幾川"}},
{"type":"Feature","geometry":{"type":"LineString","coordinates":[[139.17019,36.18165],[139.17251,36.18234],[139.1732,36.18283],[139.17386,36.18404],[139.17456,36.18473],[139.17555,36.18531],[139.17664,36.18553],[139.17766,36.18553],[139.17884,36.18575],[139.18024,36.18637],[139.18159,36.18672],[139.1835,36.18678],[139.18455,36.18642],[139.18537,36.18589],[139.18716,36.18601],[139.18844,36.18562],[139.18919,36.18564],[139.18979,36.18594]]},"properties":{"name":"志戸川"}},
{"type":"Feature","geometry":{"type":"LineString","coordinates":[[139.68339,36.05977],[139.68419,36.05815],[139.68463,36.05769]]},"properties":{"name":"中落堀川"}},
{"type":"Feature","geometry":{"type":"LineString","coordinates":[[139.78718,35.96838],[139.79248,35.96443],[139.79467,35.96272],[139.79763,35.96058]]},"properties":{"name":"中川"}},
{"type":"Feature","geometry":{"type":"LineString","coordinates":[[139.78157,36.00003],[139.78346,35.99874],[139.78371,35.99848]]},"properties":{"name":"中川"}},
{"type":"Feature","geometry":{"type":"LineString","coordinates":[[139.53651,35.91911],[139.53576,35.91861],[139.53505,35.91844],[139.53398,35.91758],[139.5334,35.91683],[139.53306,35.91602],[139.53304,35.91517],[139.53387,35.91378],[139.53425,35.91347],[139.53582,35.91297],[139.5374,35.9129],[139.53779,35.91338]]},"properties":{"name":""}},
{"type":"Feature","geometry":{"type":"LineString","coordinates":[[138.84107,35.97019],[138.84035,35.96937],[138.84049,35.96866],[138.84107,35.96853],[138.84175,35.96873],[138.84233,35.96846],[138.8429,35.96778],[138.84333,35.96666],[138.84479,35.96553]]},"properties":{"name":"中津川"}},
{"type":"Feature","geometry":{"type":"LineString","coordinates":[[138.9541,36.01147],[138.95475,36.0112],[138.95574,36.01107],[138.95621,36.01071],[138.95702,36.01074],[138.95789,36.01025],[138.95818,36.00956],[138.95869,36.00932],[138.9601,36.00934],[138.9606,36.00883],[138.96177,36.00849],[138.96174,36.00916],[138.96247,36.01],[138.96247,36.01127],[138.96349,36.01138],[138.96383,36.01179],[138.96514,36.01196],[138.96582,36.01308],[138.96717,36.01301],[138.96794,36.01269],[138.9681,36.01329],[138.96667,36.01377],[138.96639,36.01442],[138.9683,36.01464],[138.9704,36.01519],[138.97021,36.01578],[138.9704,36.01636],[138.97087,36.01653]]},"properties":{"name":"薄川"}},
{"type":"Feature","geometry":{"type":"LineString","coordinates":[[139.51492,35.92741],[139.51481,35.92713],[139.51574,35.92561],[139.51549,35.92499]]},"properties":{"name":"伊佐沼"}},
{"type":"Feature","geometry":{"type":"LineString","coordinates":[[138.89898,36.07938],[138.90147,36.0779]]},"properties":{"name":"吉田川"}},
{"type":"Feature","geometry":{"type":"LineString","coordinates":[[139.1114,35.97962],[139.11096,35.98],[139.10968,35.98049],[139.1084,35.98067]]},"properties":{"name":"横瀬川"}},
{"type":"Feature","geometry":{"type":"LineString","coordinates":[[139.25945,35.89435],[139.26061,35.89391],[139.26102,35.89347],[139.26119,35.89283],[139.2612,35.89151],[139.26163,35.89044]]},"properties":{"name":"高麗川"}},
{"type":"Feature","geometry":{"type":"LineString","coordinates":[[139.27981,35.84057],[139.28057,35.84054]]},"properties":{"name":"直竹川"}},
{"type":"Feature","geometry":{"type":"LineString","coordinates":[[139.26271,35.94897],[139.26338,35.9495],[139.26327,35.95119]]},"properties":{"name":"越辺川"}},
{"type":"Feature","geometry":{"type":"LineString","coordinates":[[139.04243,36.08356],[139.043,36.08327],[139.04476,36.08313]]},"properties":{"name":"日野沢川"}},
{"type":"Feature","geometry":{"type":"LineString","coordinates":[[139.85123,35.82537],[139.85264,35.82469],[139.85479,35.82388],[139.85765,35.82341],[139.85932,35.82327],[139.86247,35.82337]]},"properties":{"name":"中川"}},
{"type":"Feature","geometry":{"type":"LineString","coordinates":[[138.98622,36.08351],[138.98652,36.08294],[138.98615,36.08237],[138.98614,36.08185],[138.98484,36.08087],[138.98474,36.08033],[138.98364,36.0795],[138.98375,36.07833],[138.98424,36.0774],[138.98415,36.07669],[138.9849,36.07542],[138.98413,36.07427],[138.98427,36.07386],[138.98573,36.07317],[138.98604,36.07251],[138.98668,36.07215],[138.98706,36.07098],[138.98824,36.06953],[138.98815,36.06881],[138.99122,36.06753],[138.9915,36.06712],[138.99173,36.06614],[138.99233,36.06602],[138.99323,36.06553],[138.99402,36.06543],[138.99503,36.06571],[138.99574,36.06481],[138.99642,36.06453],[138.9975,36.06454],[138.99785,36.06432],[138.99841,36.06337],[138.99898,36.0632]]},"properties":{"name":"石間川"}},
{"type":"Feature","geometry":{"type":"LineString","coordinates":[[139.53911,36.07944],[139.54365,36.07832]]},"properties":{"name":"野通川"}},
{"type":"Feature","geometry":{"type":"LineString","coordinates":[[139.1289,36.27249],[139.12978,36.27374],[139.1298,36.27478],[139.13012,36.2757],[139.13127,36.27718],[139.13231,36.27759],[139.13365,36.279],[139.13415,36.27914],[139.13634,36.27838],[139.13751,36.27851],[139.13871,36.27898]]},"properties":{"name":"神流川"}},
{"type":"Feature","geometry":{"type":"LineString","coordinates":[[138.92611,35.94435],[138.92679,35.94462],[138.92772,35.94467],[138.92955,35.94453],[138.93038,35.94465]]},"properties":{"name":"荒川"}},
{"type":"Feature","geometry":{"type":"LineString","coordinates":[[139.86881,35.81744],[139.88374,35.81781]]},"properties":{"name":"三郷放水路"}},
{"type":"Feature","geometry":{"type":"LineString","coordinates":[[139.03063,36.06582],[139.02954,36.06477],[139.02959,36.06371],[139.02877,36.06376],[139.02792,36.06345],[139.02656,36.06232],[139.02683,36.0615],[139.02603,36.06088],[139.0261,36.06005],[139.02575,36.0595],[139.02577,36.05867],[139.02626,36.05809],[139.02601,36.05699],[139.02667,36.05594],[139.02653,36.05453],[139.02673,36.05397],[139.02758,36.05256],[139.02795,36.05069],[139.02863,36.05015],[139.02957,36.04976],[139.0303,36.0499],[139.03119,36.04966],[139.03162,36.04869],[139.03254,36.04845],[139.03342,36.04748],[139.03372,36.0467],[139.03519,36.04576],[139.0361,36.04461],[139.03608,36.04415]]},"properties":{"name":"阿熊川"}},
{"type":"Feature","geometry":{"type":"LineString","coordinates":[[139.31517,35.84833],[139.31618,35.8471],[139.31908,35.84407]]},"properties":{"name":"入間川"}},
{"type":"Feature","geometry":{"type":"LineString","coordinates":[[139.7897,35.93196],[139.79183,35.92974]]},"properties":{"name":"新方川"}},
{"type":"Feature","geometry":{"type":"LineString","coordinates":[[139.53546,36.06696],[139.53598,36.06568],[139.53768,36.06496],[139.53822,36.06403],[139.53881,36.0638],[139.54014,36.06395],[139.54155,36.06293],[139.54246,36.06263],[139.54482,36.06261],[139.54745,36.06229],[139.54942,36.06186],[139.54984,36.06155]]},"properties":{"name":"元荒川"}},
{"type":"Feature","geometry":{"type":"LineString","coordinates":[[139.04912,36.15243],[139.05121,36.15224],[139.05488,36.15255],[139.05538,36.15274],[139.05696,36.15265],[139.06042,36.1522],[139.06147,36.15239]]},"properties":{"name":"神流川"}},
{"type":"Feature","geometry":{"type":"LineString","coordinates":[[139.17826,36.24806],[139.17997,36.2472],[139.18272,36.24602],[139.18398,36.24571],[139.18538,36.24563],[139.18609,36.24544],[139.18761,36.24479]]},"properties":{"name":"元小山川"}},
{"type":"Feature","geometry":{"type":"LineString","coordinates":[[139.54502,35.95271],[139.54542,35.95216],[139.54478,35.94917],[139.54492,35.94735]]},"properties":{"name":"荒川"}},
{"type":"Feature","geometry":{"type":"LineString","coordinates":[[139.79792,35.92186],[139.79868,35.91986],[139.79948,35.91742]]},"properties":{"name":"新方川"}},
{"type":"Feature","geometry":{"type":"LineString","coordinates":[[139.5102,35.95512],[139.51591,35.95354],[139.5179,35.95312]]},"properties":{"name":"入間川"}},
{"type":"Feature","geometry":{"type":"LineString","coordinates":[[139.29728,36.2053],[139.29878,36.20538],[139.30164,36.20416],[139.30363,36.20348],[139.30479,36.2029],[139.30591,36.20177],[139.30928,36.20086]]},"properties":{"name":"福川"}},
{"type":"Feature","geometry":{"type":"LineString","coordinates":[[139.35421,35.97583],[139.35501,35.97624],[139.35703,35.97654],[139.35802,35.97632],[139.35894,35.9768],[139.36002,35.97663],[139.36075,35.97627],[139.36181,35.97673],[139.36364,35.97695],[139.36636,35.97707],[139.36926,35.97773],[139.36997,35.97799]]},"properties":{"name":"越辺川"}},
{"type":"Feature","geometry":{"type":"LineString","coordinates":[[139.82019,35.80224],[139.82031,35.80134]]},"properties":{"name":"綾瀬川"}},
{"type":"Feature","geometry":{"type":"LineString","coordinates":[[139.77584,35.95531],[139.77627,35.95449],[139.77609,35.95374]]},"properties":{"name":"備後川"}},
{"type":"Feature","geometry":{"type":"LineString","coordinates":[[139.70446,35.84492],[139.7044,35.84332],[139.70399,35.84205],[139.70448,35.84147],[139.70514,35.83988],[139.70587,35.83405],[139.70618,35.82978]]},"properties":{"name":"緑川"}},
{"type":"Feature","geometry":{"type":"LineString","coordinates":[[139.08537,36.17742],[139.08497,36.17802],[139.08499,36.17863],[139.08465,36.17916],[139.08468,36.17985],[139.08428,36.18147]]},"properties":{"name":"女堀川"}},
{"type":"Feature","geometry":{"type":"LineString","coordinates":[[139.29177,35.85977],[139.29245,35.85931],[139.29429,35.85923],[139.29541,35.85862],[139.29797,35.85795],[139.29851,35.85795],[139.30054,35.85755],[139.30174,35.8564]]},"properties":{"name":"入間川"}},
{"type":"Feature","geometry":{"type":"LineString","coordinates":[[139.76832,36.00208],[139.77002,35.99979],[139.77109,35.99824]]},"properties":{"name":"倉松川"}},
{"type":"Feature","geometry":{"type":"LineString","coordinates":[[138.81809,35.90697],[138.81883,35.90715],[138.81969,35.90792],[138.81974,35.90893],[138.82088,35.90925],[138.82148,35.90962],[138.82115,35.91017],[138.82116,35.91072]]},"properties":{"name":"豆焼川"}},
{"type":"Feature","geometry":{"type":"LineString","coordinates":[[139.70117,35.88966],[139.70136,35.88941],[139.7023,35.88576],[139.70287,35.88474],[139.70442,35.8828],[139.70522,35.88166],[139.70683,35.87965],[139.70745,35.87904],[139.70881,35.8783],[139.71012,35.87726],[139.71072,35.87661],[139.71106,35.87593]]},"properties":{"name":"芝川"}},
{"type":"Feature","geometry":{"type":"LineString","coordinates":[[139.02184,36.01025],[139.02362,36.01],[139.02607,36.00901],[139.02861,36.00864]]},"properties":{"name":"赤平川"}},
{"type":"Feature","geometry":{"type":"LineString","coordinates":[[139.12097,36.1937],[139.12242,36.19377],[139.12368,36.19521],[139.12651,36.19641],[139.12698,36.19667]]},"properties":{"name":"女堀川"}},
{"type":"Feature","geometry":{"type":"LineString","coordinates":[[139.41582,35.88271],[139.41703,35.88427],[139.41792,35.8862],[139.41898,35.8889],[139.41975,35.89042],[139.41957,35.89108],[139.42107,35.89329],[139.42162,35.8935],[139.42203,35.8931]]},"properties":{"name":"入間川"}},
{"type":"Feature","geometry":{"type":"LineString","coordinates":[[139.28524,36.04586],[139.28589,36.04502],[139.28617,36.04424],[139.2861,36.04348],[139.28582,36.04294],[139.28316,36.04189],[139.28225,36.04164],[139.2796,36.04138],[139.27863,36.04096],[139.27702,36.03935],[139.27683,36.03854],[139.27702,36.03787],[139.27796,36.03659]]},"properties":{"name":"槻川"}},
{"type":"Feature","geometry":{"type":"LineString","coordinates":[[139.55364,35.90077],[139.55345,35.89989],[139.55266,35.89883],[139.55171,35.89808],[139.55135,35.89679]]},"properties":{"name":"びん沼川"}},
{"type":"Feature","geometry":{"type":"LineString","coordinates":[[139.77753,35.95888],[139.7791,35.95799]]},"properties":{"name":"大落古利根川"}},
{"type":"Feature","geometry":{"type":"LineString","coordinates":[[139.77109,35.99824],[139.77301,35.99534]]},"properties":{"name":"倉松川"}},
{"type":"Feature","geometry":{"type":"LineString","coordinates":[[139.13563,36.20761],[139.13759,36.20842],[139.1424,36.20833],[139.1444,36.20887],[139.14634,36.20874],[139.14757,36.20906],[139.14879,36.20906],[139.14985,36.21034],[139.15023,36.21131],[139.15152,36.21159],[139.15345,36.21266]]},"properties":{"name":"女堀川"}},
{"type":"Feature","geometry":{"type":"LineString","coordinates":[[139.51572,35.92434],[139.51614,35.92333],[139.5175,35.92147]]},"properties":{"name":"伊佐沼"}},
{"type":"Feature","geometry":{"type":"LineString","coordinates":[[139.3848,36.14322],[139.3885,36.1421]]},"properties":{"name":"星川"}},
{"type":"Feature","geometry":{"type":"LineString","coordinates":[[139.61639,35.81177],[139.61785,35.81032],[139.6189,35.80954]]},"properties":{"name":"新河岸川"}},
{"type":"Feature","geometry":{"type":"LineString","coordinates":[[139.15469,35.93552],[139.15511,35.93609],[139.15579,35.93812],[139.1556,35.93889],[139.15509,35.93934],[139.15522,35.94008],[139.15472,35.94079],[139.1547,35.94167],[139.15446,35.94313],[139.15419,35.94387],[139.15476,35.94456],[139.15384,35.94487],[139.15363,35.94522],[139.15407,35.94693],[139.15377,35.94817]]},"properties":{"name":"横瀬川"}},
{"type":"Feature","geometry":{"type":"LineString","coordinates":[[139.39438,36.10219],[139.39539,36.10092],[139.39591,36.10045],[139.39814,36.09875],[139.39893,36.09852]]},"properties":{"name":"和田吉野川"}},
{"type":"Feature","geometry":{"type":"LineString","coordinates":[[139.70533,35.82105],[139.70257,35.82113],[139.70085,35.81942]]},"properties":{"name":"緑川"}},
{"type":"Feature","geometry":{"type":"LineString","coordinates":[[139.68179,36.1783],[139.67961,36.17683],[139.6789,36.17595],[139.67882,36.17495],[139.67929,36.17405],[139.68085,36.17304],[139.68195,36.17265],[139.68585,36.17172],[139.6864,36.17152],[139.687,36.17094]]},"properties":{"name":"旧川"}},
{"type":"Feature","geometry":{"type":"LineString","coordinates":[[138.92725,35.95401],[138.92816,35.95408],[138.92913,35.95366],[138.92974,35.95293],[138.93037,35.95178],[138.93132,35.95188],[138.93253,35.95145],[138.93327,35.95144],[138.93532,35.95244]]},"properties":{"name":"中津川"}},
{"type":"Feature","geometry":{"type":"LineString","coordinates":[[139.37364,35.84365],[139.37308,35.84461],[139.37158,35.84564],[139.37094,35.84628],[139.37061,35.84733],[139.37075,35.8477],[139.37199,35.84858],[139.37317,35.84913],[139.37423,35.84928]]},"properties":{"name":"入間川"}},
{"type":"Feature","geometry":{"type":"LineString","coordinates":[[139.39056,36.22005],[139.39252,36.21998],[139.39426,36.21978],[139.39523,36.21908],[139.39654,36.21417],[139.39662,36.21399],[139.40035,36.20963],[139.4014,36.20882],[139.4021,36.20797],[139.40404,36.20434]]},"properties":{"name":"備前渠（備前渠川・備前渠用水路）"}},
{"type":"Feature","geometry":{"type":"LineString","coordinates":[[139.51003,35.93241],[139.51067,35.93128]]},"properties":{"name":""}},
{"type":"Feature","geometry":{"type":"LineString","coordinates":[[139.53299,36.08393],[139.53527,36.08046],[139.53598,36.08004],[139.53911,36.07944]]},"properties":{"name":"野通川"}},
{"type":"Feature","geometry":{"type":"LineString","coordinates":[[139.09887,36.16058],[139.09995,36.16054],[139.10112,36.16188],[139.1013,36.16295],[139.10133,36.1645],[139.10157,36.16537],[139.10217,36.16589]]},"properties":{"name":"小山川"}},
{"type":"Feature","geometry":{"type":"LineString","coordinates":[[139.7774,35.87855],[139.78076,35.87793]]},"properties":{"name":"出羽堀（出羽堀連絡管）"}},
{"type":"Feature","geometry":{"type":"LineString","coordinates":[[139.26405,36.02263],[139.26504,36.02232],[139.26519,36.02268],[139.26619,36.02341],[139.2668,36.02309],[139.26779,36.02297],[139.26818,36.02244],[139.2692,36.02199],[139.26945,36.02141],[139.27037,36.02127],[139.27107,36.02063]]},"properties":{"name":"雀川"}},
{"type":"Feature","geometry":{"type":"LineString","coordinates":[[139.03736,36.04118],[139.03838,36.03985],[139.03895,36.03975],[139.03952,36.04048],[139.03928,36.04121],[139.03994,36.04173],[139.04166,36.04177],[139.04229,36.04219],[139.04251,36.04283]]},"properties":{"name":"吉田川"}},
{"type":"Feature","geometry":{"type":"LineString","coordinates":[[139.5042,36.03313],[139.50483,36.03102],[139.50504,36.02901],[139.50501,36.02762]]},"properties":{"name":"荒川"}},
{"type":"Feature","geometry":{"type":"LineString","coordinates":[[139.51067,35.93128],[139.5129,35.92743],[139.51301,35.92733],[139.51332,35.92714],[139.51357,35.92695]]},"properties":{"name":""}},
{"type":"Feature","geometry":{"type":"LineString","coordinates":[[139.76208,35.86549],[139.76326,35.86401],[139.7636,35.86337],[139.76446,35.86051],[139.76453,35.86028]]},"properties":{"name":"伝右川"}},
{"type":"Feature","geometry":{"type":"LineString","coordinates":[[138.87169,36.07421],[138.87171,36.07518],[138.87213,36.07548],[138.87333,36.07588],[138.87506,36.07623],[138.87547,36.07656],[138.87637,36.07676],[138.87806,36.07735],[138.87946,36.07848],[138.88105,36.07846],[138.88249,36.07825],[138.88327,36.07795],[138.88575,36.07758]]},"properties":{"name":"藤倉川"}},
{"type":"Feature","geometry":{"type":"LineString","coordinates":[[139.55078,35.88417],[139.55109,35.88369]]},"properties":{"name":"びん沼川"}},
{"type":"Feature","geometry":{"type":"LineString","coordinates":[[139.5179,35.95312],[139.52014,35.95253]]},"properties":{"name":"入間川"}},
{"type":"Feature","geometry":{"type":"LineString","coordinates":[[139.33764,35.83589],[139.33791,35.8356]]},"properties":{"name":"入間川"}},
{"type":"Feature","geometry":{"type":"LineString","coordinates":[[139.50925,35.96154],[139.51026,35.96094],[139.51158,35.96064],[139.51191,35.96036],[139.51317,35.95985],[139.51421,35.95973],[139.51556,35.95922],[139.51707,35.95885]]},"properties":{"name":"横塚川"}},
{"type":"Feature","geometry":{"type":"LineString","coordinates":[[139.36308,36.12009],[139.36418,36.12033],[139.36523,36.12005],[139.36717,36.12002],[139.36824,36.11956],[139.36868,36.11921],[139.36854,36.11793],[139.36871,36.11632],[139.36946,36.11553],[139.37265,36.11453],[139.37476,36.11419],[139.37554,36.11385],[139.377,36.11285],[139.37813,36.11224],[139.38014,36.11166],[139.38214,36.11164],[139.38274,36.11133],[139.38367,36.11001],[139.38451,36.10843],[139.38543,36.10748]]},"properties":{"name":"和田吉野川"}},
{"type":"Feature","geometry":{"type":"LineString","coordinates":[[139.2255,35.99787],[139.22644,35.99749],[139.22721,35.99763],[139.22819,35.99811],[139.22861,35.99884],[139.22835,35.99983],[139.22875,36.00034]]},"properties":{"name":"都幾川"}},
{"type":"Feature","geometry":{"type":"LineString","coordinates":[[139.41856,36.18851],[139.41994,36.18881]]},"properties":{"name":"北河原用水路"}},
{"type":"Feature","geometry":{"type":"LineString","coordinates":[[139.61504,36.08182],[139.61542,36.08067],[139.61762,36.0786],[139.61803,36.07834],[139.61977,36.07775],[139.62192,36.07654],[139.62455,36.07456],[139.62667,36.07235],[139.62888,36.06964],[139.62918,36.06939]]},"properties":{"name":"備前堀川"}},
{"type":"Feature","geometry":{"type":"LineString","coordinates":[[139.60183,35.87666],[139.6016,35.87488]]},"properties":{"name":"鴨川"}},
{"type":"Feature","geometry":{"type":"LineString","coordinates":[[139.12723,36.02638],[139.12693,36.02688],[139.12629,36.02719],[139.12597,36.02694],[139.12494,36.02495],[139.12261,36.02539],[139.12164,36.02591],[139.12103,36.02649],[139.1203,36.02674],[139.11992,36.02605],[139.11916,36.02626],[139.11826,36.02544],[139.11759,36.02547]]},"properties":{"name":"定峰川"}},
{"type":"Feature","geometry":{"type":"LineString","coordinates":[[139.28792,36.0874],[139.28908,36.08683],[139.28997,36.08551],[139.29006,36.08473],[139.29047,36.08359],[139.29033,36.08155],[139.29054,36.08111],[139.29199,36.07999],[139.2923,36.07958],[139.29297,36.07783],[139.29352,36.07725],[139.29569,36.07633],[139.29651,36.0758],[139.29838,36.07364]]},"properties":{"name":"市野川"}},
{"type":"Feature","geometry":{"type":"LineString","coordinates":[[139.82005,35.95103],[139.82018,35.95099]]},"properties":{"name":"中川"}},
{"type":"Feature","geometry":{"type":"LineString","coordinates":[[139.52373,36.10683],[139.52345,36.10588],[139.52182,36.10232],[139.52162,36.10168],[139.52173,36.10098],[139.52219,36.10012],[139.52829,36.09088],[139.52916,36.08968],[139.53299,36.08393]]},"properties":{"name":"野通川"}},
{"type":"Feature","geometry":{"type":"LineString","coordinates":[[139.16476,35.90051],[139.16531,35.89984],[139.16665,35.89916],[139.16786,35.89919],[139.16783,35.90059],[139.16903,35.90058],[139.16943,35.90036],[139.16848,35.89919],[139.16914,35.89847],[139.16856,35.89733],[139.16923,35.89682],[139.17158,35.89623],[139.17244,35.8957],[139.17326,35.89476]]},"properties":{"name":"入間川"}},
{"type":"Feature","geometry":{"type":"LineString","coordinates":[[139.1781,36.04786],[139.17709,36.04912],[139.17764,36.05026],[139.17778,36.05097],[139.17755,36.05282]]},"properties":{"name":"槻川"}},
{"type":"Feature","geometry":{"type":"LineString","coordinates":[[139.1955,36.09966],[139.19515,36.10003],[139.19593,36.10044],[139.19595,36.10138],[139.19518,36.10129],[139.19478,36.10259]]},"properties":{"name":""}},
{"type":"Feature","geometry":{"type":"LineString","coordinates":[[139.81685,35.85075],[139.81863,35.85058]]},"properties":{"name":"古綾瀬川"}},
{"type":"Feature","geometry":{"type":"LineString","coordinates":[[139.76287,36.00044],[139.76225,35.9992],[139.7616,35.99754],[139.76123,35.99618]]},"properties":{"name":"旧倉松第二調整池"}},
{"type":"Feature","geometry":{"type":"LineString","coordinates":[[139.75218,35.98465],[139.75375,35.98385],[139.75549,35.98331],[139.75651,35.98316],[139.75936,35.98316],[139.76138,35.9835],[139.76252,35.98357]]},"properties":{"name":"大落古利根川"}},
{"type":"Feature","geometry":{"type":"LineString","coordinates":[[139.54271,35.9128],[139.54479,35.91021],[139.54673,35.90879]]},"properties":{"name":"入間川"}},
{"type":"Feature","geometry":{"type":"LineString","coordinates":[[139.60749,36.08637],[139.61086,36.08516],[139.61233,36.08446],[139.61442,36.08263],[139.61504,36.08182]]},"properties":{"name":"備前堀川"}},
{"type":"Feature","geometry":{"type":"LineString","coordinates":[[139.774,35.99391],[139.77553,35.99161],[139.77696,35.98974],[139.77906,35.9857],[139.78071,35.98275],[139.78168,35.98233]]},"properties":{"name":"倉松川"}},
{"type":"Feature","geometry":{"type":"LineString","coordinates":[[139.22536,35.84295],[139.22674,35.84321],[139.22964,35.84344],[139.23072,35.84406]]},"properties":{"name":""}},
{"type":"Feature","geometry":{"type":"LineString","coordinates":[[139.18236,36.26554],[139.1839,36.26507],[139.18896,36.26406],[139.19148,36.26361]]},"properties":{"name":""}},
{"type":"Feature","geometry":{"type":"LineString","coordinates":[[139.83667,35.90698],[139.83686,35.90684]]},"properties":{"name":"大落古利根川"}},
{"type":"Feature","geometry":{"type":"LineString","coordinates":[[138.92651,36.03309],[138.92738,36.03297],[138.92836,36.03163],[138.92895,36.03155],[138.92979,36.03212],[138.9309,36.03202],[138.93136,36.03259],[138.93218,36.0327],[138.93354,36.03324]]},"properties":{"name":"赤平川"}},
{"type":"Feature","geometry":{"type":"LineString","coordinates":[[139.82018,35.95099],[139.82201,35.94906],[139.82461,35.94599]]},"properties":{"name":"中川"}},
{"type":"Feature","geometry":{"type":"LineString","coordinates":[[139.11858,36.11459],[139.11782,36.11511],[139.1171,36.11587],[139.11549,36.11661],[139.11518,36.11701],[139.11512,36.11806],[139.11405,36.11948],[139.11383,36.12156]]},"properties":{"name":"荒川"}},
{"type":"Feature","geometry":{"type":"LineString","coordinates":[[139.793,35.80583],[139.79306,35.80544]]},"properties":{"name":"辰井川"}},
{"type":"Feature","geometry":{"type":"LineString","coordinates":[[139.41381,36.01632],[139.41703,36.0155],[139.42086,36.01431],[139.423,36.0137],[139.42481,36.01334],[139.42529,36.01315],[139.42787,36.01142],[139.43072,36.01022],[139.43247,36.00941],[139.43311,36.00894],[139.43464,36.00744],[139.43549,36.00624],[139.43627,36.00442]]},"properties":{"name":"新江川"}},
{"type":"Feature","geometry":{"type":"LineString","coordinates":[[139.06147,36.15239],[139.06216,36.15272],[139.06237,36.15325],[139.06207,36.15403],[139.06137,36.15467],[139.06116,36.15524],[139.06206,36.15712],[139.06241,36.15757]]},"properties":{"name":"神流川"}},
{"type":"Feature","geometry":{"type":"LineString","coordinates":[[138.89497,36.02007],[138.89553,36.01988],[138.89824,36.01948],[138.89928,36.01917]]},"properties":{"name":"薄川"}},
{"type":"Feature","geometry":{"type":"LineString","coordinates":[[139.60719,36.15942],[139.60907,36.15857],[139.61107,36.15782],[139.61247,36.15668],[139.62021,36.1531],[139.62134,36.15273],[139.62346,36.15234],[139.62498,36.15186],[139.63424,36.14775]]},"properties":{"name":"新槐堀川"}},
{"type":"Feature","geometry":{"type":"LineString","coordinates":[[139.05487,36.11014],[139.05644,36.11104],[139.05688,36.11183],[139.05726,36.11206],[139.05785,36.11311],[139.05812,36.11398],[139.05904,36.11492],[139.05963,36.11535],[139.06023,36.11607]]},"properties":{"name":"浦山川"}},
{"type":"Feature","geometry":{"type":"LineString","coordinates":[[139.33073,35.95503],[139.33089,35.95464],[139.33209,35.95358],[139.33575,35.95255],[139.33793,35.95313],[139.33859,35.95386],[139.33818,35.95463],[139.33815,35.95587],[139.33715,35.95646],[139.33717,35.95705],[139.33873,35.95788],[139.33953,35.95807],[139.34215,35.95817],[139.34255,35.95878],[139.34302,35.9619],[139.34243,35.96326],[139.34149,35.96472],[139.34184,35.96616],[139.34259,35.96731],[139.34382,35.9677],[139.34466,35.96777]]},"properties":{"name":"越辺川"}},
{"type":"Feature","geometry":{"type":"LineString","coordinates":[[139.45502,36.14411],[139.45705,36.14405],[139.46241,36.14471],[139.46318,36.14462],[139.46376,36.14423],[139.46583,36.14188],[139.46681,36.14134],[139.46752,36.14076],[139.46792,36.14005],[139.47042,36.13616],[139.47109,36.13481],[139.47123,36.13334],[139.47187,36.13114]]},"properties":{"name":"忍川"}},
{"type":"Feature","geometry":{"type":"LineString","coordinates":[[139.17837,36.06094],[139.18112,36.06245],[139.18324,36.06343],[139.18463,36.06449]]},"properties":{"name":"槻川"}},
{"type":"Feature","geometry":{"type":"LineString","coordinates":[[139.26508,35.9636],[139.26581,35.96551],[139.26612,35.96579],[139.26729,35.96621],[139.26809,35.96765],[139.26848,35.96932],[139.26973,35.96965],[139.26948,35.97018]]},"properties":{"name":"越辺川"}},
{"type":"Feature","geometry":{"type":"LineString","coordinates":[[139.85217,35.84646],[139.8522,35.84581]]},"properties":{"name":"二郷半領用水路"}},
{"type":"Feature","geometry":{"type":"LineString","coordinates":[[139.84234,35.90156],[139.84212,35.90149]]},"properties":{"name":"木売落"}},
{"type":"Feature","geometry":{"type":"LineString","coordinates":[[139.31868,36.05585],[139.31921,36.05483],[139.31989,36.05403],[139.32128,36.05314],[139.32236,36.05301],[139.3244,36.05346],[139.32536,36.05355],[139.32662,36.05326],[139.32832,36.0533]]},"properties":{"name":"市野川"}},
{"type":"Feature","geometry":{"type":"LineString","coordinates":[[139.42326,36.18919],[139.42553,36.18931],[139.42752,36.18904]]},"properties":{"name":"北河原用水路"}},
{"type":"Feature","geometry":{"type":"LineString","coordinates":[[139.71505,35.96389],[139.71661,35.96277],[139.71706,35.96296]]},"properties":{"name":"古隅田川"}},
{"type":"Feature","geometry":{"type":"LineString","coordinates":[[139.63668,36.14244],[139.63747,36.14225],[139.64067,36.14186]]},"properties":{"name":"中川"}},
{"type":"Feature","geometry":{"type":"LineString","coordinates":[[139.82461,35.94599],[139.82546,35.94496],[139.82682,35.94355],[139.82902,35.94066],[139.83041,35.93945]]},"properties":{"name":"中川"}},
{"type":"Feature","geometry":{"type":"LineString","coordinates":[[139.34972,35.97423],[139.35194,35.9736],[139.35297,35.97383],[139.35352,35.97489],[139.35364,35.97574],[139.35421,35.97583]]},"properties":{"name":"鳩川"}},
{"type":"Feature","geometry":{"type":"LineString","coordinates":[[139.46078,35.94898],[139.46075,35.94894]]},"properties":{"name":"小畔川"}},
{"type":"Feature","geometry":{"type":"LineString","coordinates":[[139.73912,35.98453],[139.73968,35.98474]]},"properties":{"name":"古隅田川"}},
{"type":"Feature","geometry":{"type":"LineString","coordinates":[[139.22264,36.04923],[139.22374,36.04908]]},"properties":{"name":"槻川"}},
{"type":"Feature","geometry":{"type":"LineString","coordinates":[[139.79961,35.85719],[139.7999,35.85641]]},"properties":{"name":"蒲生愛宕川"}},
{"type":"Feature","geometry":{"type":"LineString","coordinates":[[139.61447,35.77075],[139.61575,35.7707],[139.61725,35.77025]]},"properties":{"name":"白子川"}},
{"type":"Feature","geometry":{"type":"LineString","coordinates":[[139.63863,35.93064],[139.6387,35.9303],[139.63813,35.92947],[139.63848,35.92814]]},"properties":{"name":"見沼代用水西緑"}},
{"type":"Feature","geometry":{"type":"LineString","coordinates":[[139.63848,35.92814],[139.63888,35.92686]]},"properties":{"name":"見沼代用水西縁"}},
{"type":"Feature","geometry":{"type":"LineString","coordinates":[[139.65212,35.93744],[139.65303,35.93724],[139.65375,35.93654],[139.65551,35.93535],[139.65721,35.93504],[139.65777,35.93439],[139.65824,35.93437]]},"properties":{"name":"加田屋川"}},
{"type":"Feature","geometry":{"type":"LineString","coordinates":[[139.65044,35.93989],[139.65008,35.93915],[139.6506,35.93801],[139.65212,35.93744]]},"properties":{"name":"加田屋川"}},
{"type":"Feature","geometry":{"type":"LineString","coordinates":[[139.65824,35.93437],[139.66154,35.93371],[139.66235,35.93418],[139.66349,35.9343],[139.66458,35.93316]]},"properties":{"name":"加田屋川"}},
{"type":"Feature","geometry":{"type":"LineString","coordinates":[[139.65052,35.94011],[139.65044,35.93989]]},"properties":{"name":"加田屋川"}},
{"type":"Feature","geometry":{"type":"LineString","coordinates":[[139.61566,35.90359],[139.61649,35.9027]]},"properties":{"name":"鴻沼川"}},
{"type":"Feature","geometry":{"type":"LineString","coordinates":[[139.61649,35.9027],[139.61771,35.9023]]},"properties":{"name":"鴻沼川"}},
{"type":"Feature","geometry":{"type":"LineString","coordinates":[[139.61771,35.9023],[139.61893,35.90119],[139.61905,35.90088],[139.62012,35.8967],[139.62115,35.89424],[139.62218,35.89312],[139.62271,35.89128],[139.62335,35.88811],[139.62549,35.88396],[139.62597,35.88318],[139.62754,35.88019]]},"properties":{"name":"鴻沼川"}},
{"type":"Feature","geometry":{"type":"LineString","coordinates":[[139.70685,35.86792],[139.70712,35.867],[139.70762,35.86612],[139.70763,35.8654]]},"properties":{"name":"見沼代用水西縁"}},
{"type":"Feature","geometry":{"type":"LineString","coordinates":[[139.69437,35.8876],[139.69439,35.88667],[139.69316,35.88578],[139.69297,35.88419],[139.69375,35.88394],[139.69504,35.88381],[139.69541,35.88342]]},"properties":{"name":"見沼代用水西縁"}},
{"type":"Feature","geometry":{"type":"LineString","coordinates":[[139.64412,35.9036],[139.64469,35.90299],[139.64485,35.90233],[139.6454,35.90177],[139.6449,35.90103],[139.64416,35.90085],[139.64398,35.8994],[139.64331,35.89922],[139.6427,35.89879],[139.64304,35.89788],[139.64417,35.89724]]},"properties":{"name":"見沼代用水西縁"}},
{"type":"Feature","geometry":{"type":"LineString","coordinates":[[139.70017,35.87846],[139.70057,35.87881],[139.70196,35.87844],[139.70262,35.87688],[139.70329,35.87633],[139.70431,35.87502]]},"properties":{"name":"見沼代用水西縁"}},
{"type":"Feature","geometry":{"type":"LineString","coordinates":[[139.6768,35.89221],[139.67766,35.89223],[139.67875,35.89195],[139.68012,35.89177],[139.68186,35.89055],[139.68259,35.8895],[139.68348,35.88924],[139.68479,35.88963],[139.68795,35.89107],[139.68914,35.89136],[139.69048,35.89142],[139.69131,35.89122],[139.69251,35.89068],[139.69307,35.89059],[139.69508,35.89077],[139.69625,35.89043],[139.69732,35.88969],[139.69737,35.88937],[139.69677,35.8883],[139.69594,35.88811],[139.69579,35.88877],[139.69517,35.88894],[139.69448,35.88831],[139.69437,35.8876]]},"properties":{"name":"見沼代用水西縁"}},
{"type":"Feature","geometry":{"type":"LineString","coordinates":[[139.6966,35.88158],[139.69776,35.87997],[139.69818,35.87869],[139.69904,35.8779],[139.69979,35.8778],[139.70017,35.87846]]},"properties":{"name":"見沼代用水西縁"}},
{"type":"Feature","geometry":{"type":"LineString","coordinates":[[139.63803,35.92565],[139.63778,35.92525],[139.63799,35.92298]]},"properties":{"name":"見沼代用水西縁"}},
{"type":"Feature","geometry":{"type":"LineString","coordinates":[[139.64782,35.89277],[139.64979,35.89099],[139.65069,35.89047],[139.65126,35.8896],[139.65248,35.88964],[139.65311,35.89],[139.65517,35.89059],[139.65731,35.89088],[139.65756,35.89082]]},"properties":{"name":"見沼代用水西縁"}},
{"type":"Feature","geometry":{"type":"LineString","coordinates":[[139.70767,35.87179],[139.70831,35.87068],[139.70916,35.86961],[139.70931,35.86891],[139.70841,35.86869],[139.70711,35.86871],[139.70685,35.86792]]},"properties":{"name":"見沼代用水西縁"}},
{"type":"Feature","geometry":{"type":"LineString","coordinates":[[139.70205,35.85692],[139.70217,35.85624],[139.70282,35.85444],[139.70404,35.85057]]},"properties":{"name":"六ヶ村用水"}},
{"type":"Feature","geometry":{"type":"LineString","coordinates":[[139.64268,35.91087],[139.64351,35.91104],[139.64392,35.91044],[139.64441,35.90901],[139.64441,35.90855],[139.64365,35.90831],[139.64319,35.90789],[139.64388,35.9072],[139.64353,35.90558],[139.64411,35.90486],[139.64412,35.9036]]},"properties":{"name":"見沼代用水西縁"}},
{"type":"Feature","geometry":{"type":"LineString","coordinates":[[139.70431,35.87502],[139.70485,35.87491],[139.70603,35.87545],[139.70725,35.87502],[139.70755,35.87462],[139.70742,35.87352],[139.70745,35.87213],[139.70767,35.87179]]},"properties":{"name":"見沼代用水西縁"}},
{"type":"Feature","geometry":{"type":"LineString","coordinates":[[139.63859,35.9163],[139.63915,35.91494],[139.64038,35.91269],[139.64148,35.91155],[139.64268,35.91087]]},"properties":{"name":"見沼代用水西縁"}},
{"type":"Feature","geometry":{"type":"LineString","coordinates":[[139.65756,35.89082],[139.65857,35.89057],[139.65989,35.89049],[139.66264,35.89049],[139.66296,35.89063],[139.66317,35.89153],[139.66425,35.89314],[139.66506,35.89393],[139.66643,35.89424]]},"properties":{"name":"見沼代用水西縁"}},
{"type":"Feature","geometry":{"type":"LineString","coordinates":[[139.70687,35.86331],[139.70694,35.86261],[139.70616,35.86206],[139.70481,35.8621],[139.70358,35.86104],[139.70432,35.8604],[139.70452,35.85993],[139.70416,35.85939],[139.703,35.85954],[139.70266,35.85908],[139.70307,35.85755],[139.70284,35.85712],[139.70205,35.85692],[139.70054,35.8571],[139.70012,35.85791],[139.69951,35.85835],[139.69804,35.85742],[139.69747,35.85722],[139.69741,35.8564],[139.69616,35.85558],[139.69503,35.85463],[139.69407,35.85432],[139.69259,35.8528],[139.69277,35.85037],[139.69197,35.84876]]},"properties":{"name":"見沼代用水西縁"}},
{"type":"Feature","geometry":{"type":"LineString","coordinates":[[139.63799,35.92298],[139.63857,35.92236],[139.63979,35.92136],[139.63912,35.92008],[139.63837,35.9195],[139.6379,35.91863],[139.63859,35.9163]]},"properties":{"name":"見沼代用水西縁"}},
{"type":"Feature","geometry":{"type":"LineString","coordinates":[[139.64417,35.89724],[139.6446,35.89659],[139.64539,35.89608],[139.64615,35.89506],[139.64522,35.89355],[139.6456,35.89299],[139.64637,35.89304],[139.64689,35.8936],[139.6474,35.89337],[139.64782,35.89277]]},"properties":{"name":"見沼代用水西縁"}},
{"type":"Feature","geometry":{"type":"LineString","coordinates":[[139.75012,35.83715],[139.75089,35.83791],[139.75105,35.83852],[139.75071,35.84059],[139.75112,35.8406]]},"properties":{"name":""}},
{"type":"Feature","geometry":{"type":"LineString","coordinates":[[139.62936,35.78564],[139.63176,35.78798]]},"properties":{"name":"白子川"}},
{"type":"Feature","geometry":{"type":"LineString","coordinates":[[139.60377,35.94855],[139.60172,35.95007],[139.6007,35.95104]]},"properties":{"name":"逆川"}},
{"type":"Feature","geometry":{"type":"LineString","coordinates":[[139.52014,36.12101],[139.52132,36.11998],[139.52237,36.11954],[139.52672,36.11796],[139.52791,36.11805],[139.5286,36.1184]]},"properties":{"name":"星川;見沼代用水"}},
{"type":"Feature","geometry":{"type":"LineString","coordinates":[[139.47477,36.16537],[139.47653,36.16568],[139.47797,36.16571],[139.47955,36.16548],[139.48092,36.16478]]},"properties":{"name":"星川"}},
{"type":"Feature","geometry":{"type":"LineString","coordinates":[[139.75254,36.00111],[139.75226,35.99491],[139.753,35.99138]]},"properties":{"name":"南側用水路"}},
{"type":"Feature","geometry":{"type":"LineString","coordinates":[[139.51232,36.17263],[139.51282,36.17184],[139.5129,36.17045],[139.51254,36.16913]]},"properties":{"name":"会の川"}},
{"type":"Feature","geometry":{"type":"LineString","coordinates":[[139.59135,36.15476],[139.59412,36.15394],[139.60188,36.15143]]},"properties":{"name":"手子堀川"}},
{"type":"Feature","geometry":{"type":"LineString","coordinates":[[139.59086,36.15479],[139.59135,36.15476]]},"properties":{"name":"手子堀川"}},
{"type":"Feature","geometry":{"type":"LineString","coordinates":[[139.86184,35.7945],[139.8638,35.79449],[139.86776,35.79625],[139.8701,35.79685],[139.87148,35.79711],[139.87271,35.79708],[139.87343,35.79691],[139.87504,35.79622],[139.87593,35.79548],[139.87724,35.79458],[139.87728,35.79385],[139.87663,35.79254],[139.87593,35.79203],[139.87416,35.79115],[139.87296,35.7903],[139.87174,35.78922],[139.87126,35.7885],[139.87099,35.78769],[139.87109,35.78484],[139.87196,35.7832],[139.87363,35.78144],[139.87431,35.78132],[139.8757,35.78082],[139.8774,35.78089],[139.87855,35.78116]]},"properties":{"name":"小合溜井"}},
{"type":"Feature","geometry":{"type":"LineString","coordinates":[[139.47442,36.13033],[139.47258,36.12695],[139.47235,36.12566],[139.47259,36.12457]]},"properties":{"name":"武蔵水路"}},
{"type":"Feature","geometry":{"type":"LineString","coordinates":[[139.46925,35.79236],[139.47124,35.79283],[139.47399,35.79412],[139.47627,35.79449],[139.48017,35.79501],[139.48146,35.79564],[139.48232,35.79583],[139.48443,35.79567],[139.485,35.79537],[139.48579,35.79434],[139.48681,35.79408],[139.48849,35.79468],[139.48983,35.79554],[139.49148,35.79595],[139.49303,35.79566],[139.49418,35.79562],[139.49734,35.79474],[139.49942,35.79461],[139.50011,35.79465],[139.50195,35.79544],[139.50945,35.79918],[139.51137,35.80134],[139.51306,35.80343],[139.51327,35.8047],[139.51384,35.80548],[139.51548,35.80626],[139.51633,35.80639],[139.51905,35.80534],[139.52065,35.80488],[139.52154,35.80492],[139.5222,35.80522],[139.52271,35.80513],[139.52327,35.80465],[139.52523,35.80472],[139.52671,35.80534],[139.52847,35.8067],[139.52882,35.80676],[139.53086,35.80657],[139.53233,35.80687],[139.53315,35.80672],[139.53484,35.80602],[139.53526,35.80535],[139.53699,35.80442],[139.53768,35.80444]]},"properties":{"name":"東川"}},
{"type":"Feature","geometry":{"type":"LineString","coordinates":[[139.63176,35.78798],[139.63281,35.78885],[139.63645,35.79023],[139.63709,35.79062]]},"properties":{"name":"白子川"}},
{"type":"Feature","geometry":{"type":"LineString","coordinates":[[139.61154,35.76962],[139.61239,35.77062],[139.61293,35.77079],[139.61447,35.77075]]},"properties":{"name":"白子川"}},
{"type":"Feature","geometry":{"type":"LineString","coordinates":[[139.77923,35.83302],[139.7802,35.83307],[139.7816,35.8329]]},"properties":{"name":""}},
{"type":"Feature","geometry":{"type":"LineString","coordinates":[[139.87184,35.91589],[139.87398,35.91351],[139.8756,35.91206],[139.87624,35.91136],[139.87798,35.90894],[139.87882,35.9076],[139.87978,35.90551],[139.88022,35.90432],[139.88118,35.90334],[139.88271,35.90217],[139.88449,35.9002],[139.88598,35.89812],[139.88629,35.89723],[139.88866,35.89397],[139.88982,35.89189],[139.89044,35.89056],[139.89161,35.88853],[139.89213,35.88688],[139.89302,35.88481],[139.8933,35.88179],[139.89366,35.87997],[139.89432,35.87751],[139.89488,35.87615],[139.89598,35.87429],[139.89678,35.87319],[139.89767,35.8713],[139.89813,35.86979],[139.89962,35.86597],[139.89987,35.86519],[139.90004,35.86393],[139.89998,35.86327],[139.8995,35.8621],[139.89812,35.86006],[139.89768,35.85925],[139.89677,35.85542],[139.89613,35.85365],[139.89577,35.85298],[139.89441,35.85126],[139.89346,35.85026],[139.89242,35.84891],[139.8922,35.84814],[139.89153,35.84674],[139.89034,35.8447],[139.88979,35.84337],[139.88958,35.8424],[139.88949,35.84028],[139.88986,35.83738],[139.8896,35.83568],[139.88908,35.83428],[139.88854,35.83205],[139.8886,35.8299],[139.88883,35.82898],[139.88883,35.82725],[139.88859,35.82559],[139.8881,35.8241],[139.88823,35.82303],[139.88901,35.82148],[139.89018,35.81938],[139.89066,35.81788],[139.89066,35.81593],[139.89077,35.81315],[139.89036,35.81083],[139.88997,35.80981],[139.88902,35.80794],[139.88886,35.80725],[139.88916,35.80518],[139.88956,35.80413],[139.89047,35.80268],[139.89079,35.80185],[139.89099,35.80039],[139.89081,35.79898],[139.89046,35.79811],[139.88968,35.79694],[139.88843,35.79543],[139.88822,35.79449],[139.88873,35.79307],[139.88983,35.79129],[139.89041,35.7897],[139.89094,35.78856],[139.89353,35.78171],[139.89365,35.78027],[139.89289,35.77877],[139.89201,35.77803],[139.88749,35.77579],[139.88273,35.77324],[139.88168,35.77259],[139.88092,35.77188],[139.88018,35.77069],[139.87955,35.76889],[139.87945,35.76806],[139.87969,35.76665],[139.88043,35.76506],[139.88247,35.76236],[139.88276,35.76151],[139.8832,35.75863],[139.88347,35.75811],[139.88552,35.75546],[139.88648,35.75466],[139.88807,35.75289],[139.89122,35.74949],[139.8931,35.74806],[139.89724,35.74605],[139.89813,35.74555],[139.8991,35.74456],[139.8998,35.74321],[139.90066,35.74055],[139.90102,35.73822],[139.90091,35.73763],[139.90023,35.73558],[139.89978,35.73457],[139.89784,35.73151],[139.89729,35.72977],[139.89713,35.72801],[139.89734,35.72631],[139.8976,35.72498],[139.89811,35.72399],[139.89886,35.72324],[139.90022,35.7223],[139.90417,35.71914],[139.90537,35.7177],[139.90746,35.71481],[139.90785,35.71437],[139.91009,35.71257],[139.91209,35.71161],[139.91336,35.71078],[139.91575,35.70869],[139.9162,35.70814],[139.91634,35.70736]]},"properties":{"name":"江戸川"}},
{"type":"Feature","geometry":{"type":"LineString","coordinates":[[139.61065,35.91065],[139.61089,35.90969],[139.61169,35.90821],[139.61323,35.90626],[139.61369,35.90584],[139.61467,35.9044],[139.61566,35.90359]]},"properties":{"name":"鴻沼川"}},
{"type":"Feature","geometry":{"type":"LineString","coordinates":[[139.61915,35.78215],[139.61928,35.78221]]},"properties":{"name":"谷中川"}},
{"type":"Feature","geometry":{"type":"LineString","coordinates":[[139.61928,35.78221],[139.61986,35.78251]]},"properties":{"name":"谷中川"}},
{"type":"Feature","geometry":{"type":"LineString","coordinates":[[139.61615,35.79553],[139.61596,35.79581]]},"properties":{"name":"谷中川"}},
{"type":"Feature","geometry":{"type":"LineString","coordinates":[[139.61577,35.79609],[139.61564,35.79623]]},"properties":{"name":"谷中川"}},
{"type":"Feature","geometry":{"type":"LineString","coordinates":[[139.61596,35.79581],[139.61577,35.79609]]},"properties":{"name":"谷中川"}},
{"type":"Feature","geometry":{"type":"LineString","coordinates":[[139.61564,35.79623],[139.61505,35.7972]]},"properties":{"name":"谷中川"}},
{"type":"Feature","geometry":{"type":"LineString","coordinates":[[139.86804,35.82537],[139.86855,35.82504],[139.87121,35.82275],[139.87201,35.82107],[139.87223,35.82032]]},"properties":{"name":"二郷半領用水路"}},
{"type":"Feature","geometry":{"type":"LineString","coordinates":[[139.87821,35.86587],[139.87879,35.86464],[139.87976,35.86301],[139.88079,35.86071],[139.88083,35.85999],[139.88026,35.85851],[139.87863,35.85459],[139.87857,35.85257],[139.8788,35.85179],[139.87947,35.85039],[139.87953,35.84953]]},"properties":{"name":"大場川"}},
{"type":"Feature","geometry":{"type":"LineString","coordinates":[[139.75872,35.89868],[139.7567,35.90008],[139.75223,35.89932]]},"properties":{"name":"第二末田落し"}},
{"type":"Feature","geometry":{"type":"LineString","coordinates":[[139.75223,35.89932],[139.75201,35.8992],[139.75156,35.89735]]},"properties":{"name":"第二末田落し"}},
{"type":"Feature","geometry":{"type":"LineString","coordinates":[[139.75021,35.8983],[139.75156,35.89735],[139.75136,35.89656],[139.75097,35.89382],[139.75164,35.8914]]},"properties":{"name":"末田落し"}},
{"type":"Feature","geometry":{"type":"LineString","coordinates":[[139.72985,35.85224],[139.72975,35.85168],[139.72855,35.85025],[139.72865,35.84969],[139.72757,35.84753]]},"properties":{"name":"笹根川"}},
{"type":"Feature","geometry":{"type":"LineString","coordinates":[[139.72849,35.82829],[139.72796,35.82593],[139.72753,35.82437],[139.72681,35.82418],[139.72684,35.82375],[139.72739,35.82253]]},"properties":{"name":"永堀川"}},
{"type":"Feature","geometry":{"type":"LineString","coordinates":[[139.72739,35.82253],[139.72723,35.82199]]},"properties":{"name":"永堀川"}},
{"type":"Feature","geometry":{"type":"LineString","coordinates":[[139.66458,35.93316],[139.66513,35.93142],[139.66777,35.92789],[139.66882,35.92742],[139.67642,35.92664]]},"properties":{"name":"加田屋川"}},
{"type":"Feature","geometry":{"type":"LineString","coordinates":[[139.66863,35.83599],[139.66838,35.83561],[139.66837,35.83422]]},"properties":{"name":""}},
{"type":"Feature","geometry":{"type":"LineString","coordinates":[[139.76446,35.86051],[139.76533,35.86043],[139.7677,35.86089]]},"properties":{"name":"一の橋放水路"}},
{"type":"Feature","geometry":{"type":"LineString","coordinates":[[139.789,35.81774],[139.78887,35.81741],[139.78904,35.81602],[139.78991,35.81532],[139.79111,35.815],[139.79094,35.81372],[139.79067,35.81306],[139.79107,35.81216],[139.79083,35.81113],[139.79157,35.80952],[139.79201,35.80915],[139.79262,35.80802],[139.79246,35.80689],[139.79287,35.80643],[139.793,35.80583]]},"properties":{"name":"辰井川"}},
{"type":"Feature","geometry":{"type":"LineString","coordinates":[[139.78848,35.81961],[139.7885,35.81946]]},"properties":{"name":"辰井川"}},
{"type":"Feature","geometry":{"type":"LineString","coordinates":[[139.65096,35.84586],[139.6509,35.84564],[139.65133,35.83884],[139.65161,35.83744],[139.65293,35.83572]]},"properties":{"name":"笹目川"}},
{"type":"Feature","geometry":{"type":"LineString","coordinates":[[139.67164,35.8131],[139.67079,35.81288],[139.67001,35.81208]]},"properties":{"name":"上戸田川"}},
{"type":"Feature","geometry":{"type":"LineString","coordinates":[[139.78672,35.89825],[139.7868,35.89795],[139.78701,35.89736]]},"properties":{"name":"逆川"}},
{"type":"Feature","geometry":{"type":"LineString","coordinates":[[139.78701,35.89736],[139.78737,35.89638],[139.78814,35.89576],[139.79071,35.8945],[139.79106,35.89426],[139.79151,35.89311],[139.79158,35.89135],[139.79213,35.88975],[139.79283,35.88894],[139.7935,35.88855],[139.79468,35.8882],[139.79686,35.88777]]},"properties":{"name":"逆川"}},
{"type":"Feature","geometry":{"type":"LineString","coordinates":[[139.55046,35.91772],[139.54972,35.91729],[139.54935,35.91614],[139.54902,35.91562],[139.54818,35.91487],[139.54484,35.91372]]},"properties":{"name":"滝沼川"}},
{"type":"Feature","geometry":{"type":"LineString","coordinates":[[139.2921,36.21736],[139.29443,36.2179],[139.29575,36.2183],[139.29726,36.21835],[139.29979,36.21901],[139.30063,36.21933],[139.30228,36.22087],[139.30299,36.22097],[139.30477,36.22182],[139.30539,36.22161],[139.30934,36.22182],[139.31044,36.22136],[139.31256,36.22088],[139.31297,36.22094],[139.31615,36.22095],[139.32676,36.22223],[139.33231,36.2228],[139.33328,36.22282],[139.33487,36.22257],[139.33746,36.22278],[139.33804,36.22327],[139.34113,36.22363],[139.34412,36.22369],[139.35308,36.22316],[139.35459,36.22296]]},"properties":{"name":"備前渠（備前渠川・備前渠用水路）"}},
{"type":"Feature","geometry":{"type":"LineString","coordinates":[[139.2913,36.21715],[139.2921,36.21736]]},"properties":{"name":"備前渠（備前渠川・備前渠用水路）"}},
{"type":"Feature","geometry":{"type":"LineString","coordinates":[[139.19741,36.11922],[139.19777,36.11907],[139.19831,36.11828],[139.19898,36.11772],[139.19989,36.11746],[139.20115,36.11736],[139.20134,36.1177],[139.20095,36.11824],[139.20119,36.11854],[139.20193,36.11832],[139.20266,36.11842],[139.20297,36.11806],[139.20356,36.1181],[139.20473,36.11777]]},"properties":{"name":""}},
{"type":"Feature","geometry":{"type":"LineString","coordinates":[[139.41927,35.83504],[139.42137,35.83513],[139.42199,35.83527],[139.42333,35.83591],[139.42404,35.83607],[139.42502,35.836],[139.42693,35.83677],[139.42787,35.83732],[139.42883,35.83765],[139.43397,35.84021],[139.43474,35.84088],[139.43608,35.84126],[139.43799,35.84106],[139.43939,35.84138],[139.43994,35.84182],[139.44073,35.84303],[139.44307,35.84427],[139.44494,35.84643],[139.44533,35.84837],[139.44565,35.8492]]},"properties":{"name":"不老川"}},
{"type":"Feature","geometry":{"type":"LineString","coordinates":[[139.82246,35.8085],[139.82228,35.80824],[139.8213,35.80667],[139.82063,35.80541],[139.82015,35.80289],[139.82019,35.80224]]},"properties":{"name":"綾瀬川"}},
{"type":"Feature","geometry":{"type":"LineString","coordinates":[[139.76519,35.81524],[139.76659,35.81599],[139.76746,35.81627],[139.76839,35.81629],[139.77104,35.81614],[139.77198,35.81597],[139.77291,35.81543],[139.77745,35.81061]]},"properties":{"name":"毛長川"}},
{"type":"Feature","geometry":{"type":"LineString","coordinates":[[139.76389,35.81756],[139.76436,35.81739],[139.76604,35.81573],[139.76659,35.81599]]},"properties":{"name":"見沼代用水東縁"}},
{"type":"Feature","geometry":{"type":"LineString","coordinates":[[139.64042,35.8025],[139.64379,35.80182],[139.64563,35.80102],[139.64787,35.80036],[139.6495,35.80006],[139.65188,35.79999],[139.65445,35.80031]]},"properties":{"name":"荒川"}},
{"type":"Feature","geometry":{"type":"LineString","coordinates":[[139.64024,35.79555],[139.64062,35.7972],[139.64156,35.7979]]},"properties":{"name":"白子川"}},
{"type":"Feature","geometry":{"type":"LineString","coordinates":[[139.70416,35.84749],[139.70599,35.8478]]},"properties":{"name":"藤右衛門放水路"}},
{"type":"Feature","geometry":{"type":"LineString","coordinates":[[138.9588,36.12444],[138.95959,36.12398]]},"properties":{"name":"神流川"}},
{"type":"Feature","geometry":{"type":"LineString","coordinates":[[139.05768,36.1738],[139.05749,36.17444],[139.05718,36.17714],[139.05695,36.17787]]},"properties":{"name":"神流川"}},
{"type":"Feature","geometry":{"type":"LineString","coordinates":[[139.19148,36.26361],[139.19875,36.26051],[139.20177,36.25997],[139.20418,36.25915],[139.20715,36.25841],[139.21529,36.25547],[139.21969,36.25498],[139.22498,36.25501]]},"properties":{"name":"利根川"}},
{"type":"Feature","geometry":{"type":"LineString","coordinates":[[139.49089,35.78058],[139.49136,35.78022],[139.49266,35.78015]]},"properties":{"name":"柳瀬川"}},
{"type":"Feature","geometry":{"type":"LineString","coordinates":[[139.49266,35.78015],[139.49217,35.78097],[139.49362,35.78144]]},"properties":{"name":"柳瀬川"}},
{"type":"Feature","geometry":{"type":"LineString","coordinates":[[139.50787,35.7841],[139.50747,35.78519],[139.5084,35.78627],[139.50938,35.78637],[139.51093,35.78599],[139.51206,35.78523]]},"properties":{"name":"柳瀬川"}},
{"type":"Feature","geometry":{"type":"LineString","coordinates":[[139.51886,35.78811],[139.52114,35.78782],[139.52259,35.78808],[139.52312,35.7885],[139.52542,35.79141],[139.52679,35.79244],[139.52771,35.79293]]},"properties":{"name":"柳瀬川"}},
{"type":"Feature","geometry":{"type":"LineString","coordinates":[[139.49027,35.7793],[139.49073,35.77946],[139.4906,35.78058],[139.49089,35.78058]]},"properties":{"name":"柳瀬川"}},
{"type":"Feature","geometry":{"type":"LineString","coordinates":[[139.28112,35.84028],[139.28168,35.83967],[139.28237,35.83775],[139.28301,35.83679]]},"properties":{"name":"直竹川"}},
{"type":"Feature","geometry":{"type":"LineString","coordinates":[[139.28057,35.84054],[139.28112,35.84028]]},"properties":{"name":"直竹川"}},
{"type":"Feature","geometry":{"type":"LineString","coordinates":[[139.74365,36.00052],[139.74409,35.99901],[139.74478,35.99779],[139.74503,35.99701],[139.74517,35.99557]]},"properties":{"name":"大落古利根川"}},
{"type":"Feature","geometry":{"type":"LineString","coordinates":[[139.69886,36.05068],[139.69772,36.04944],[139.69768,36.04825]]},"properties":{"name":"大落古利根川"}},
{"type":"Feature","geometry":{"type":"LineString","coordinates":[[139.70902,36.03804],[139.70951,36.03629],[139.71065,36.03522],[139.71224,36.03452]]},"properties":{"name":"大落古利根川"}},
{"type":"Feature","geometry":{"type":"LineString","coordinates":[[139.69768,36.04825],[139.70004,36.04582],[139.70095,36.04516]]},"properties":{"name":"大落古利根川"}},
{"type":"Feature","geometry":{"type":"LineString","coordinates":[[139.68375,36.04216],[139.68412,36.04207]]},"properties":{"name":"備前堀川"}},
{"type":"Feature","geometry":{"type":"LineString","coordinates":[[139.71378,36.00488],[139.71609,36.0039]]},"properties":{"name":"隼人堀川"}},
{"type":"Feature","geometry":{"type":"LineString","coordinates":[[139.69229,36.01216],[139.69336,36.01181],[139.69474,36.0111],[139.69668,36.0095],[139.6976,36.00817],[139.6983,36.0077],[139.6991,36.00772],[139.70165,36.00816],[139.70258,36.00809],[139.70444,36.00713],[139.70558,36.00688],[139.70972,36.00635],[139.71129,36.00551]]},"properties":{"name":"隼人堀川"}},
{"type":"Feature","geometry":{"type":"LineString","coordinates":[[139.71609,36.0039],[139.71939,36.00265],[139.72163,36.00223],[139.72731,36.00078],[139.72843,36.00024],[139.73043,35.99873],[139.73292,35.99795],[139.73378,35.99783],[139.73948,35.99805],[139.74054,35.99783],[139.74212,35.99717],[139.74517,35.99557]]},"properties":{"name":"隼人堀川"}},
{"type":"Feature","geometry":{"type":"LineString","coordinates":[[139.68463,36.05769],[139.68471,36.05767]]},"properties":{"name":"中落堀川"}},
{"type":"Feature","geometry":{"type":"LineString","coordinates":[[139.45708,36.0119],[139.45885,36.01176],[139.46024,36.01205],[139.46213,36.01316]]},"properties":{"name":"市野川"}},
{"type":"Feature","geometry":{"type":"LineString","coordinates":[[139.47865,36.0196],[139.4796,36.01937],[139.48122,36.01856]]},"properties":{"name":"市野川"}},
{"type":"Feature","geometry":{"type":"LineString","coordinates":[[139.84683,35.79638],[139.84661,35.79621]]},"properties":{"name":"中川"}},
{"type":"Feature","geometry":{"type":"LineString","coordinates":[[139.16766,36.27392],[139.16981,36.27427],[139.17105,36.27409],[139.173,36.2735],[139.17385,36.27274],[139.17414,36.27095],[139.17504,36.26963],[139.17734,36.26761],[139.17809,36.26707],[139.18066,36.26607]]},"properties":{"name":"烏川"}},
{"type":"Feature","geometry":{"type":"LineString","coordinates":[[139.20159,35.92198],[139.20207,35.92179],[139.20244,35.92084],[139.20276,35.92053],[139.20368,35.9202],[139.20442,35.91907],[139.20516,35.91891],[139.20616,35.91986],[139.20711,35.92011],[139.20826,35.91957],[139.20863,35.91958],[139.20857,35.92044],[139.20888,35.92136],[139.20954,35.92203],[139.21044,35.92115],[139.21078,35.92025],[139.21171,35.91899],[139.21229,35.91884],[139.2127,35.91948],[139.21418,35.92083],[139.21449,35.92026],[139.21461,35.91858],[139.21454,35.91765],[139.21481,35.91691],[139.21534,35.91632],[139.21626,35.91575],[139.21709,35.91443]]},"properties":{"name":"高麗川"}},
{"type":"Feature","geometry":{"type":"LineString","coordinates":[[139.63485,35.8931],[139.63462,35.89303]]},"properties":{"name":"高沼導水路"}},
{"type":"Feature","geometry":{"type":"LineString","coordinates":[[139.11368,36.26188],[139.11497,36.26255],[139.11559,36.26247],[139.11685,36.26318],[139.11881,36.26516],[139.11876,36.26567]]},"properties":{"name":"神流川"}},
{"type":"Feature","geometry":{"type":"LineString","coordinates":[[139.11011,36.25825],[139.11018,36.25889]]},"properties":{"name":"神流川"}},
{"type":"Feature","geometry":{"type":"LineString","coordinates":[[139.31639,35.95601],[139.31654,35.95581]]},"properties":{"name":"越辺川"}},
{"type":"Feature","geometry":{"type":"LineString","coordinates":[[139.24842,36.13124],[139.24906,36.13119],[139.25098,36.13198],[139.25147,36.13269],[139.25228,36.13293],[139.25427,36.13438],[139.25518,36.13446],[139.25659,36.13407],[139.25858,36.1342],[139.26062,36.134]]},"properties":{"name":"蟹沢排水路"}},
{"type":"Feature","geometry":{"type":"LineString","coordinates":[[139.75549,36.08312],[139.7569,36.08204],[139.75919,36.0812],[139.76102,36.08086],[139.76274,36.08035],[139.76544,36.07969]]},"properties":{"name":"中川"}},
{"type":"Feature","geometry":{"type":"LineString","coordinates":[[139.63518,35.86638],[139.63589,35.86423],[139.63703,35.86281],[139.6372,35.86175],[139.63754,35.86099],[139.63783,35.85923],[139.6385,35.85839],[139.63838,35.85729],[139.63933,35.85453],[139.63852,35.85332]]},"properties":{"name":"高沼用水東縁"}},
{"type":"Feature","geometry":{"type":"LineString","coordinates":[[138.95959,36.12398],[138.96053,36.124],[138.96107,36.12441],[138.96185,36.12548],[138.96321,36.1259],[138.96443,36.12589],[138.96581,36.1253],[138.96724,36.12412],[138.9683,36.12395],[138.96928,36.12453],[138.96986,36.1245],[138.97048,36.12405],[138.97067,36.12352],[138.9718,36.12252],[138.97342,36.12165],[138.97401,36.1208],[138.97391,36.12001],[138.97422,36.11941],[138.9758,36.11825],[138.9765,36.11723]]},"properties":{"name":"神流川"}},
{"type":"Feature","geometry":{"type":"LineString","coordinates":[[139.85823,35.86551],[139.85834,35.86502]]},"properties":{"name":"第二大場川"}},
{"type":"Feature","geometry":{"type":"LineString","coordinates":[[139.85834,35.86502],[139.85941,35.85991],[139.85992,35.85193]]},"properties":{"name":"第二大場川"}},
{"type":"Feature","geometry":{"type":"LineString","coordinates":[[139.87943,35.84887],[139.87894,35.8463],[139.87913,35.84524],[139.8805,35.84341],[139.8819,35.84248],[139.88268,35.84073],[139.88301,35.84035],[139.88411,35.8396],[139.88437,35.83847],[139.8841,35.83628],[139.884,35.83601],[139.8832,35.82867],[139.88301,35.82728],[139.88303,35.82555],[139.88345,35.82027],[139.88374,35.81819]]},"properties":{"name":"大場川"}},
{"type":"Feature","geometry":{"type":"LineString","coordinates":[[139.87953,35.84953],[139.87943,35.84887]]},"properties":{"name":"大場川"}},
{"type":"Feature","geometry":{"type":"LineString","coordinates":[[139.86822,35.85754],[139.86902,35.85759]]},"properties":{"name":"彦成川"}},
{"type":"Feature","geometry":{"type":"LineString","coordinates":[[139.86902,35.85759],[139.87006,35.85766]]},"properties":{"name":"彦成川"}},
{"type":"Feature","geometry":{"type":"LineString","coordinates":[[139.87006,35.85766],[139.87093,35.85772]]},"properties":{"name":"彦成川"}},
{"type":"Feature","geometry":{"type":"LineString","coordinates":[[139.87093,35.85772],[139.87387,35.85792],[139.87623,35.85818],[139.8782,35.85849],[139.87908,35.8585]]},"properties":{"name":"彦成川"}},
{"type":"Feature","geometry":{"type":"LineString","coordinates":[[139.75421,36.00794],[139.75269,36.00304],[139.75254,36.00111]]},"properties":{"name":"南側用水路"}},
{"type":"Feature","geometry":{"type":"LineString","coordinates":[[139.35115,35.94942],[139.35198,35.9496],[139.35276,35.94953],[139.35517,35.94863],[139.36228,35.94676],[139.36353,35.94686]]},"properties":{"name":""}},
{"type":"Feature","geometry":{"type":"LineString","coordinates":[[139.51324,35.9274],[139.51306,35.92717]]},"properties":{"name":"九十川"}},
{"type":"Feature","geometry":{"type":"LineString","coordinates":[[139.51306,35.92717],[139.51305,35.92682]]},"properties":{"name":"九十川"}},
{"type":"Feature","geometry":{"type":"LineString","coordinates":[[139.39373,36.14024],[139.39427,36.13977],[139.3956,36.13942]]},"properties":{"name":"星川"}},
{"type":"Feature","geometry":{"type":"LineString","coordinates":[[139.3956,36.13942],[139.39695,36.1391],[139.39775,36.13876],[139.39825,36.13828],[139.39922,36.13797],[139.39982,36.13828]]},"properties":{"name":"星川"}},
{"type":"Feature","geometry":{"type":"LineString","coordinates":[[139.72822,36.01661],[139.7284,36.0152],[139.72878,36.01455],[139.7309,36.01311],[139.73276,36.0125],[139.73452,36.01221],[139.73583,36.01161],[139.73643,36.01152],[139.73894,36.00944],[139.73981,36.00887]]},"properties":{"name":"姫宮落川"}},
{"type":"Feature","geometry":{"type":"LineString","coordinates":[[139.84854,35.86172],[139.84896,35.86161]]},"properties":{"name":"二郷半領用水路"}},
{"type":"Feature","geometry":{"type":"LineString","coordinates":[[139.84896,35.86161],[139.85039,35.86088],[139.85108,35.86036],[139.85155,35.85966],[139.85202,35.85755],[139.85362,35.85098]]},"properties":{"name":"二郷半領用水路"}},
{"type":"Feature","geometry":{"type":"LineString","coordinates":[[139.55796,36.11901],[139.55829,36.11885]]},"properties":{"name":"南青毛堀"}},
{"type":"Feature","geometry":{"type":"LineString","coordinates":[[139.59047,35.98702],[139.59379,35.98665],[139.59436,35.98599],[139.59478,35.98358],[139.59494,35.98325],[139.59659,35.98169],[139.59698,35.98102],[139.59746,35.97923],[139.59788,35.97864],[139.59987,35.9767],[139.60068,35.97647],[139.6034,35.97706],[139.60506,35.9765],[139.6055,35.97603],[139.60637,35.97458],[139.60865,35.97184],[139.61314,35.96664],[139.61397,35.9661],[139.61712,35.9652],[139.61837,35.96477],[139.61937,35.96385],[139.62109,35.96088],[139.62257,35.95847],[139.62627,35.95165]]},"properties":{"name":"芝川"}},
{"type":"Feature","geometry":{"type":"LineString","coordinates":[[139.61473,35.9839],[139.61656,35.98238],[139.61737,35.98122],[139.61849,35.98023],[139.61964,35.97799],[139.62105,35.97693],[139.62393,35.97558],[139.62548,35.97448],[139.62623,35.97374],[139.62666,35.97365]]},"properties":{"name":"原市沼川"}},
{"type":"Feature","geometry":{"type":"LineString","coordinates":[[139.69113,35.84645],[139.69086,35.84519],[139.69023,35.84466]]},"properties":{"name":"見沼代用水西縁"}},
{"type":"Feature","geometry":{"type":"LineString","coordinates":[[139.69197,35.84876],[139.6916,35.8481]]},"properties":{"name":"見沼代用水西縁"}},
{"type":"Feature","geometry":{"type":"LineString","coordinates":[[139.34664,36.16442],[139.3482,36.16539]]},"properties":{"name":"玉井用水"}},
{"type":"Feature","geometry":{"type":"LineString","coordinates":[[139.21209,36.13977],[139.21226,36.13982]]},"properties":{"name":"蟹沢排水路"}},
{"type":"Feature","geometry":{"type":"LineString","coordinates":[[139.77505,35.9497],[139.77486,35.94909]]},"properties":{"name":"備後川"}},
{"type":"Feature","geometry":{"type":"LineString","coordinates":[[139.77507,35.94981],[139.77505,35.9497]]},"properties":{"name":"備後川"}},
{"type":"Feature","geometry":{"type":"LineString","coordinates":[[139.17887,36.21959],[139.17918,36.21942]]},"properties":{"name":"男堀川"}},
{"type":"Feature","geometry":{"type":"LineString","coordinates":[[139.17918,36.21942],[139.17953,36.21924]]},"properties":{"name":"男堀川"}},
{"type":"Feature","geometry":{"type":"LineString","coordinates":[[139.44701,35.78132],[139.44745,35.78153],[139.44879,35.78175],[139.44934,35.78238],[139.45028,35.78296],[139.45147,35.78296],[139.45345,35.78371]]},"properties":{"name":"柳瀬川"}},
{"type":"Feature","geometry":{"type":"LineString","coordinates":[[139.45345,35.78371],[139.45404,35.78357]]},"properties":{"name":"柳瀬川"}},
{"type":"Feature","geometry":{"type":"LineString","coordinates":[[139.25761,36.16196],[139.2579,36.16201]]},"properties":{"name":"戸田川"}},
{"type":"Feature","geometry":{"type":"LineString","coordinates":[[139.24682,36.05461],[139.24705,36.05461]]},"properties":{"name":"小瀬田川"}},
{"type":"Feature","geometry":{"type":"LineString","coordinates":[[139.72757,35.84753],[139.72747,35.84742]]},"properties":{"name":"笹根川"}},
{"type":"Feature","geometry":{"type":"LineString","coordinates":[[139.65552,36.05569],[139.65633,36.05547]]},"properties":{"name":"備前前堀川"}},
{"type":"Feature","geometry":{"type":"LineString","coordinates":[[139.65228,36.05655],[139.65552,36.05569]]},"properties":{"name":"備前前堀川"}},
{"type":"Feature","geometry":{"type":"LineString","coordinates":[[139.38802,35.99785],[139.38887,35.99713]]},"properties":{"name":"九十九川"}},
{"type":"Feature","geometry":{"type":"LineString","coordinates":[[139.75661,35.83331],[139.75605,35.83351]]},"properties":{"name":"前野宿川"}},
{"type":"Feature","geometry":{"type":"LineString","coordinates":[[139.75425,35.83495],[139.75338,35.83546],[139.75218,35.83636],[139.75061,35.83691]]},"properties":{"name":"前野宿川"}},
{"type":"Feature","geometry":{"type":"LineString","coordinates":[[139.50843,35.96408],[139.50863,35.96251],[139.50909,35.96165]]},"properties":{"name":"横塚川"}},
{"type":"Feature","geometry":{"type":"LineString","coordinates":[[139.50909,35.96165],[139.50925,35.96154]]},"properties":{"name":"横塚川"}},
{"type":"Feature","geometry":{"type":"LineString","coordinates":[[139.23692,36.0721],[139.23702,36.07216]]},"properties":{"name":"木部川"}},
{"type":"Feature","geometry":{"type":"LineString","coordinates":[[139.23702,36.07216],[139.23742,36.07246],[139.23852,36.07278],[139.2404,36.07281]]},"properties":{"name":"木部川"}},
{"type":"Feature","geometry":{"type":"LineString","coordinates":[[139.66837,35.83422],[139.66836,35.83395]]},"properties":{"name":""}},
{"type":"Feature","geometry":{"type":"LineString","coordinates":[[139.66836,35.83395],[139.66832,35.83311]]},"properties":{"name":""}},
{"type":"Feature","geometry":{"type":"LineString","coordinates":[[139.87286,35.84774],[139.8735,35.84701]]},"properties":{"name":"末広戸川"}},
{"type":"Feature","geometry":{"type":"LineString","coordinates":[[139.8735,35.84701],[139.87425,35.84589]]},"properties":{"name":"末広戸川"}},
{"type":"Feature","geometry":{"type":"LineString","coordinates":[[139.74855,35.94642],[139.74859,35.94632]]},"properties":{"name":"中之堀川"}},
{"type":"Feature","geometry":{"type":"LineString","coordinates":[[139.74719,35.94918],[139.74757,35.94809],[139.74855,35.94642]]},"properties":{"name":"中之堀川"}},
{"type":"Feature","geometry":{"type":"LineString","coordinates":[[139.70615,35.82673],[139.70559,35.82459],[139.70544,35.8211]]},"properties":{"name":"緑川"}},
{"type":"Feature","geometry":{"type":"LineString","coordinates":[[139.74693,35.81919],[139.74678,35.81911]]},"properties":{"name":"毛長川放水路"}},
{"type":"Feature","geometry":{"type":"LineString","coordinates":[[139.74859,35.81997],[139.74693,35.81919]]},"properties":{"name":"毛長川放水路"}},
{"type":"Feature","geometry":{"type":"LineString","coordinates":[[139.84791,35.86477],[139.8477,35.86234],[139.84854,35.86172]]},"properties":{"name":"二郷半領用水路"}},
{"type":"Feature","geometry":{"type":"LineString","coordinates":[[139.84791,35.86491],[139.84791,35.86477]]},"properties":{"name":"二郷半用水"}},
{"type":"Feature","geometry":{"type":"LineString","coordinates":[[139.70751,35.91086],[139.70934,35.9098]]},"properties":{"name":"伝右川"}},
{"type":"Feature","geometry":{"type":"LineString","coordinates":[[139.69425,35.91826],[139.69578,35.91681],[139.69699,35.91594],[139.69829,35.91526],[139.70005,35.9149],[139.70244,35.9142],[139.70386,35.91358],[139.70493,35.91246],[139.70606,35.91191],[139.70641,35.91134],[139.70751,35.91086]]},"properties":{"name":"さいたま市見沼区膝子"}},
{"type":"Feature","geometry":{"type":"LineString","coordinates":[[139.7496,35.95644],[139.75078,35.9528]]},"properties":{"name":"安之堀川"}},
{"type":"Feature","geometry":{"type":"LineString","coordinates":[[139.75078,35.9528],[139.75175,35.95192],[139.75403,35.95044]]},"properties":{"name":"安之堀川"}},
{"type":"Feature","geometry":{"type":"LineString","coordinates":[[139.7493,35.96013],[139.7496,35.95644]]},"properties":{"name":"安之堀川"}},
{"type":"Feature","geometry":{"type":"LineString","coordinates":[[139.72591,35.96125],[139.72736,35.96215],[139.73124,35.96516],[139.73193,35.96587],[139.73299,35.96727],[139.73266,35.96794],[139.73163,35.96857],[139.73033,35.96917],[139.72899,35.96965],[139.72779,35.96987],[139.72668,35.9703],[139.72574,35.9712]]},"properties":{"name":"旧古隅田川"}},
{"type":"Feature","geometry":{"type":"LineString","coordinates":[[139.32885,36.06011],[139.32868,36.05975]]},"properties":{"name":"金血川"}},
{"type":"Feature","geometry":{"type":"LineString","coordinates":[[139.74653,35.88103],[139.74658,35.88099]]},"properties":{"name":"伝右川"}},
{"type":"Feature","geometry":{"type":"LineString","coordinates":[[139.74658,35.88099],[139.74816,35.87933],[139.74907,35.8785],[139.75032,35.8776],[139.7521,35.87668],[139.75389,35.87631],[139.75415,35.87613],[139.75676,35.87287],[139.75754,35.87134],[139.75813,35.86989],[139.75856,35.86926],[139.75979,35.86793]]},"properties":{"name":"伝右川"}},
{"type":"Feature","geometry":{"type":"LineString","coordinates":[[139.75766,35.98881],[139.75796,35.98873]]},"properties":{"name":"南側用水路"}},
{"type":"Feature","geometry":{"type":"LineString","coordinates":[[139.75796,35.98873],[139.76007,35.98815]]},"properties":{"name":"南側用水路"}},
{"type":"Feature","geometry":{"type":"LineString","coordinates":[[139.43726,36.13429],[139.43744,36.13423]]},"properties":{"name":"前谷落"}},
{"type":"Feature","geometry":{"type":"LineString","coordinates":[[139.57475,36.10009],[139.57559,36.09987]]},"properties":{"name":"備前堀川（備前堀大英寺落）"}},
{"type":"Feature","geometry":{"type":"LineString","coordinates":[[139.42605,35.77758],[139.42731,35.7774],[139.4286,35.77607]]},"properties":{"name":"柳瀬川"}},
{"type":"Feature","geometry":{"type":"LineString","coordinates":[[139.42598,35.77764],[139.42605,35.77758]]},"properties":{"name":"柳瀬川"}},
{"type":"Feature","geometry":{"type":"LineString","coordinates":[[139.72381,35.82257],[139.72408,35.82244]]},"properties":{"name":""}},
{"type":"Feature","geometry":{"type":"LineString","coordinates":[[139.72337,35.82293],[139.72381,35.82257]]},"properties":{"name":""}},
{"type":"Feature","geometry":{"type":"LineString","coordinates":[[139.87365,35.86502],[139.87384,35.86501]]},"properties":{"name":"半田川"}},
{"type":"Feature","geometry":{"type":"LineString","coordinates":[[139.87384,35.86501],[139.87856,35.86465]]},"properties":{"name":"半田川"}},
{"type":"Feature","geometry":{"type":"LineString","coordinates":[[139.39455,36.15719],[139.39596,36.1567]]},"properties":{"name":"新星川"}},
{"type":"Feature","geometry":{"type":"LineString","coordinates":[[139.40406,36.12552],[139.40545,36.12507],[139.40653,36.1251],[139.40724,36.12567],[139.40819,36.12596],[139.40924,36.12605],[139.41119,36.12569],[139.41207,36.12522],[139.41453,36.12313],[139.41591,36.12271],[139.41819,36.12235],[139.41906,36.12273],[139.42005,36.12244],[139.42061,36.12186],[139.42104,36.12088],[139.42091,36.12029],[139.42132,36.11914],[139.42104,36.11791],[139.42196,36.11677]]},"properties":{"name":"元荒川"}},
{"type":"Feature","geometry":{"type":"LineString","coordinates":[[139.28878,36.20562],[139.29005,36.20537],[139.29195,36.2054],[139.29543,36.20519],[139.29728,36.2053]]},"properties":{"name":"福川"}},
{"type":"Feature","geometry":{"type":"LineString","coordinates":[[139.70785,36.06742],[139.70774,36.0673]]},"properties":{"name":"葛西用水路"}},
{"type":"Feature","geometry":{"type":"LineString","coordinates":[[139.66788,36.09769],[139.66887,36.09644],[139.67059,36.09509],[139.67131,36.09426],[139.67372,36.08956],[139.67412,36.08777],[139.67392,36.08558],[139.67402,36.08502],[139.67465,36.0842]]},"properties":{"name":"葛西用水路"}},
{"type":"Feature","geometry":{"type":"LineString","coordinates":[[139.63831,36.12697],[139.63949,36.12659],[139.64174,36.12464],[139.64349,36.12352],[139.64613,36.1223],[139.6479,36.12051],[139.64922,36.11972],[139.65045,36.11927],[139.65458,36.11869],[139.65754,36.11889],[139.65985,36.11882],[139.66099,36.11843],[139.66263,36.11723],[139.66298,36.11634],[139.66288,36.11406],[139.66306,36.11365],[139.66397,36.1128],[139.66419,36.11216]]},"properties":{"name":"葛西用水路"}},
{"type":"Feature","geometry":{"type":"LineString","coordinates":[[139.83251,35.83624],[139.83184,35.83538],[139.83163,35.83379],[139.83171,35.83221]]},"properties":{"name":"八条用水"}},
{"type":"Feature","geometry":{"type":"LineString","coordinates":[[139.63647,36.03457],[139.63933,36.0333],[139.64138,36.03281],[139.64253,36.03215],[139.64426,36.03169],[139.6458,36.0315],[139.64725,36.03146],[139.64835,36.0317],[139.65108,36.03141],[139.65276,36.03134]]},"properties":{"name":"隼人堀川"}},
{"type":"Feature","geometry":{"type":"LineString","coordinates":[[139.5031,36.1933],[139.50359,36.19443],[139.5041,36.19498],[139.50431,36.1958],[139.50486,36.19595],[139.50603,36.19587],[139.50792,36.19543],[139.50828,36.19496],[139.50997,36.19455],[139.51326,36.19398],[139.51523,36.19355],[139.51908,36.19184]]},"properties":{"name":""}},
{"type":"Feature","geometry":{"type":"LineString","coordinates":[[139.42826,35.79244],[139.43072,35.79223],[139.4324,35.7924],[139.43297,35.79259],[139.43461,35.79267],[139.43548,35.79316],[139.43566,35.79347],[139.437,35.79345],[139.43825,35.7938],[139.43952,35.79455],[139.44044,35.79484],[139.44135,35.79485]]},"properties":{"name":"東川"}},
{"type":"Feature","geometry":{"type":"LineString","coordinates":[[139.40074,36.07385],[139.40375,36.07231],[139.40438,36.07182],[139.40477,36.07098],[139.4049,36.07019],[139.40526,36.06964],[139.40546,36.06873],[139.40529,36.06801],[139.40443,36.06679],[139.40441,36.06617],[139.40529,36.06526],[139.40587,36.06383],[139.40599,36.06254],[139.407,36.06096],[139.408,36.06018],[139.40824,36.0594],[139.40933,36.05743],[139.4105,36.05633]]},"properties":{"name":"角川"}},
{"type":"Feature","geometry":{"type":"LineString","coordinates":[[139.30683,36.13974],[139.30904,36.13926],[139.31034,36.13927],[139.31295,36.1398],[139.31438,36.13969]]},"properties":{"name":"大麻生用水"}},
{"type":"Feature","geometry":{"type":"LineString","coordinates":[[139.66643,35.89424],[139.66675,35.89387],[139.66652,35.89317],[139.66676,35.89286],[139.66788,35.89265],[139.66853,35.8934],[139.66916,35.89358],[139.6701,35.8934],[139.67075,35.89366],[139.67184,35.89353],[139.67371,35.89286],[139.67475,35.89186],[139.6768,35.89221]]},"properties":{"name":"見沼代用水西縁"}},
{"type":"Feature","geometry":{"type":"LineString","coordinates":[[139.215,36.12011],[139.22137,36.11674],[139.22336,36.11615],[139.22427,36.11602],[139.22625,36.11658],[139.22777,36.11754]]},"properties":{"name":"荒川"}},
{"type":"Feature","geometry":{"type":"LineString","coordinates":[[139.27098,36.09779],[139.2708,36.09698],[139.27119,36.09623],[139.27268,36.09554],[139.27406,36.09541],[139.27468,36.09458],[139.27587,36.09418],[139.27728,36.09442],[139.27954,36.09328],[139.28102,36.09296],[139.28139,36.09263],[139.282,36.09118],[139.28322,36.08989],[139.28359,36.08899],[139.28549,36.08794],[139.28612,36.08772],[139.28792,36.0874]]},"properties":{"name":"市野川"}},
{"type":"Feature","geometry":{"type":"LineString","coordinates":[[139.7677,35.86089],[139.76809,35.86095],[139.76933,35.86062],[139.76981,35.86068],[139.77091,35.8612],[139.77247,35.86104]]},"properties":{"name":"一の橋放水路"}},
{"type":"Feature","geometry":{"type":"LineString","coordinates":[[139.31954,36.03204],[139.31988,36.0323],[139.322,36.03325],[139.32251,36.03387],[139.32412,36.03427],[139.32558,36.03369]]},"properties":{"name":"都幾川"}},
{"type":"Feature","geometry":{"type":"LineString","coordinates":[[139.08982,36.05407],[139.09095,36.05423],[139.09059,36.05498],[139.09193,36.05478],[139.09192,36.05582],[139.09297,36.05602],[139.09371,36.05676],[139.09449,36.05708],[139.09447,36.05738],[139.09542,36.05782]]},"properties":{"name":"蒔田川"}},
{"type":"Feature","geometry":{"type":"LineString","coordinates":[[139.47896,36.10159],[139.4783,36.10014]]},"properties":{"name":"武蔵水路"}},
{"type":"Feature","geometry":{"type":"LineString","coordinates":[[139.4783,36.10014],[139.4782,36.09967],[139.4782,36.0996]]},"properties":{"name":"武蔵水路"}},
{"type":"Feature","geometry":{"type":"LineString","coordinates":[[139.34011,36.10351],[139.34232,36.10377],[139.34284,36.10375],[139.34639,36.10325],[139.34859,36.10368],[139.34928,36.10366],[139.35148,36.10325],[139.35796,36.10048],[139.35849,36.10039],[139.36326,36.1001],[139.36632,36.09981],[139.37065,36.09949],[139.3757,36.10085],[139.3768,36.10193],[139.37863,36.103],[139.3814,36.10404],[139.38469,36.10381],[139.3853,36.10316],[139.3857,36.10307],[139.38841,36.10338],[139.38875,36.10371],[139.3889,36.10459],[139.38951,36.10503],[139.39059,36.10521],[139.39226,36.10478]]},"properties":{"name":"和田川"}},
{"type":"Feature","geometry":{"type":"LineString","coordinates":[[139.80488,35.91903],[139.80441,35.91883],[139.80431,35.91834]]},"properties":{"name":"逆川"}},
{"type":"Feature","geometry":{"type":"LineString","coordinates":[[139.47885,36.02195],[139.47944,36.02138],[139.48067,36.0194]]},"properties":{"name":"台山排水路"}},
{"type":"Feature","geometry":{"type":"LineString","coordinates":[[139.56615,35.98006],[139.5693,35.97725],[139.57003,35.97622],[139.57278,35.97311],[139.57413,35.97086],[139.57579,35.96954],[139.57986,35.96757],[139.58383,35.96592],[139.5844,35.96558]]},"properties":{"name":"鴨川"}},
{"type":"Feature","geometry":{"type":"LineString","coordinates":[[139.50691,36.17677],[139.50963,36.17444],[139.51232,36.17263]]},"properties":{"name":"会の川"}},
{"type":"Feature","geometry":{"type":"LineString","coordinates":[[139.47614,36.07777],[139.47767,36.07613],[139.47813,36.07505],[139.47931,36.06576],[139.47926,36.06546]]},"properties":{"name":"武蔵水路"}},
{"type":"Feature","geometry":{"type":"LineString","coordinates":[[139.3623,36.20098],[139.36319,36.2011],[139.36411,36.20192],[139.36554,36.20193]]},"properties":{"name":"新奈良川"}},
{"type":"Feature","geometry":{"type":"LineString","coordinates":[[139.50472,35.94187],[139.5066,35.93855],[139.50825,35.93551],[139.51003,35.93241]]},"properties":{"name":""}},
{"type":"Feature","geometry":{"type":"LineString","coordinates":[[139.5266,35.93408],[139.52609,35.93097],[139.52504,35.92719],[139.52532,35.92653],[139.52635,35.92592],[139.527,35.92579],[139.52962,35.92575],[139.53029,35.92553],[139.53144,35.92452]]},"properties":{"name":""}},
{"type":"Feature","geometry":{"type":"LineString","coordinates":[[139.46564,35.9594],[139.46579,35.95971]]},"properties":{"name":"大谷川"}},
{"type":"Feature","geometry":{"type":"LineString","coordinates":[[139.4465,36.03258],[139.44604,36.03186],[139.44528,36.03148],[139.44504,36.03111],[139.4446,36.02966],[139.44438,36.02839],[139.44486,36.02737],[139.44398,36.02656],[139.44396,36.02623]]},"properties":{"name":"横見川"}},
{"type":"Feature","geometry":{"type":"LineString","coordinates":[[139.38543,36.10748],[139.38738,36.1064],[139.38907,36.10601],[139.39032,36.10593],[139.39157,36.10549],[139.39226,36.10478]]},"properties":{"name":"和田吉野川"}},
{"type":"Feature","geometry":{"type":"LineString","coordinates":[[139.37034,35.90473],[139.37182,35.90496],[139.37278,35.90532],[139.37355,35.906],[139.37436,35.90637],[139.37956,35.90596],[139.38203,35.90563],[139.38713,35.90673],[139.38864,35.90652],[139.39018,35.90613]]},"properties":{"name":"小畔川"}},
{"type":"Feature","geometry":{"type":"LineString","coordinates":[[139.37057,35.96095],[139.37112,35.96134],[139.37173,35.96211],[139.37211,35.9641],[139.37238,35.96495],[139.37355,35.96764],[139.37411,35.96808],[139.37771,35.96874],[139.37838,35.9691],[139.37856,35.96951],[139.37866,35.97327],[139.37876,35.97493],[139.37905,35.97542],[139.38158,35.97815],[139.38585,35.98027],[139.38638,35.98048],[139.38929,35.98096],[139.39316,35.98292],[139.39621,35.98423]]},"properties":{"name":"葛川"}},
{"type":"Feature","geometry":{"type":"LineString","coordinates":[[139.40373,36.0232],[139.40466,36.02248],[139.40863,36.01882]]},"properties":{"name":""}},
{"type":"Feature","geometry":{"type":"LineString","coordinates":[[139.30187,36.02943],[139.30229,36.03051],[139.3027,36.0314],[139.30224,36.03203],[139.30211,36.03273],[139.30239,36.03306],[139.3042,36.03306],[139.30488,36.03331],[139.30667,36.03326],[139.30747,36.03309],[139.30976,36.03294],[139.31211,36.03324],[139.31364,36.03301],[139.31446,36.03301],[139.31551,36.03268],[139.31676,36.03273],[139.31825,36.03256],[139.31897,36.03223],[139.31961,36.03232],[139.31988,36.0323]]},"properties":{"name":"槻川"}},
{"type":"Feature","geometry":{"type":"LineString","coordinates":[[139.39519,36.01466],[139.39722,36.01322],[139.39927,36.0124]]},"properties":{"name":"都幾川"}},
{"type":"Feature","geometry":{"type":"LineString","coordinates":[[139.40953,36.01767],[139.40977,36.01732]]},"properties":{"name":""}},
{"type":"Feature","geometry":{"type":"LineString","coordinates":[[139.40948,36.01799],[139.40953,36.01767]]},"properties":{"name":""}},
{"type":"Feature","geometry":{"type":"LineString","coordinates":[[139.162,36.17567],[139.16365,36.17672],[139.16376,36.17694],[139.16405,36.18016],[139.16423,36.18052]]},"properties":{"name":"志戸川"}},
{"type":"Feature","geometry":{"type":"LineString","coordinates":[[139.74994,35.90354],[139.75045,35.90149]]},"properties":{"name":"末田落し"}},
{"type":"Feature","geometry":{"type":"LineString","coordinates":[[139.6026,36.15655],[139.62702,36.1462],[139.63362,36.14357],[139.63668,36.14244]]},"properties":{"name":"中川"}},
{"type":"Feature","geometry":{"type":"LineString","coordinates":[[139.60542,36.14099],[139.60628,36.14132],[139.6071,36.14136],[139.6139,36.14008],[139.61769,36.13942],[139.64325,36.13459]]},"properties":{"name":"午の堀川"}},
{"type":"Feature","geometry":{"type":"LineString","coordinates":[[139.60506,36.14076],[139.60542,36.14099]]},"properties":{"name":"午の堀川"}},
{"type":"Feature","geometry":{"type":"LineString","coordinates":[[139.60188,36.15143],[139.61806,36.14623],[139.63694,36.14014],[139.64403,36.13774],[139.64452,36.13751]]},"properties":{"name":"手子堀川"}},
{"type":"Feature","geometry":{"type":"LineString","coordinates":[[139.67553,36.1899],[139.67805,36.18701],[139.67921,36.18596]]},"properties":{"name":""}},
{"type":"Feature","geometry":{"type":"LineString","coordinates":[[139.18051,36.26538],[139.18042,36.26434],[139.18393,36.26269],[139.18533,36.26193]]},"properties":{"name":"備前渠（備前渠川・備前渠用水路）"}},
{"type":"Feature","geometry":{"type":"LineString","coordinates":[[139.685,36.19886],[139.68712,36.19714],[139.68766,36.1965]]},"properties":{"name":""}},
{"type":"Feature","geometry":{"type":"LineString","coordinates":[[139.69354,35.83024],[139.69465,35.83048],[139.69941,35.83102],[139.70053,35.83101],[139.70301,35.83061],[139.70618,35.82978]]},"properties":{"name":"竪川"}},
{"type":"Feature","geometry":{"type":"LineString","coordinates":[[139.31725,35.93637],[139.31744,35.93658],[139.31744,35.93837],[139.31861,35.93897],[139.31908,35.93952],[139.31891,35.94018],[139.31845,35.94078],[139.31848,35.94125],[139.31913,35.94189],[139.31913,35.94304],[139.32006,35.94438],[139.32052,35.94578],[139.32057,35.94676]]},"properties":{"name":"大谷木川"}},
{"type":"Feature","geometry":{"type":"LineString","coordinates":[[139.31129,36.09554],[139.3143,36.09691],[139.3149,36.09696],[139.31536,36.09666],[139.31733,36.09376],[139.31863,36.09209],[139.32034,36.09158],[139.3205,36.09138],[139.32208,36.08786],[139.32256,36.08691]]},"properties":{"name":"滑川"}},
{"type":"Feature","geometry":{"type":"LineString","coordinates":[[139.14805,36.133],[139.14832,36.13328],[139.14934,36.13338],[139.15052,36.13302],[139.15119,36.13298],[139.15248,36.13327],[139.15368,36.1334],[139.15544,36.13391],[139.15627,36.13387],[139.15712,36.13342],[139.158,36.13274],[139.15813,36.1317],[139.15751,36.12968],[139.15701,36.12861],[139.15686,36.12752],[139.15636,36.12635],[139.15614,36.12523],[139.15607,36.12407],[139.15681,36.12195]]},"properties":{"name":"荒川"}},
{"type":"Feature","geometry":{"type":"LineString","coordinates":[[139.64225,35.9152],[139.64247,35.91504],[139.64259,35.91502]]},"properties":{"name":""}},
{"type":"Feature","geometry":{"type":"LineString","coordinates":[[139.64247,35.91504],[139.64215,35.91464]]},"properties":{"name":""}},
{"type":"Feature","geometry":{"type":"LineString","coordinates":[[139.64118,35.91417],[139.64209,35.9143],[139.64215,35.91464]]},"properties":{"name":""}},
{"type":"Feature","geometry":{"type":"LineString","coordinates":[[139.64363,35.91398],[139.64422,35.91401]]},"properties":{"name":""}},
{"type":"Feature","geometry":{"type":"LineString","coordinates":[[139.64363,35.91398],[139.64256,35.91378],[139.64243,35.91413]]},"properties":{"name":""}},
{"type":"Feature","geometry":{"type":"LineString","coordinates":[[139.64243,35.91413],[139.64268,35.91432]]},"properties":{"name":""}},
{"type":"Feature","geometry":{"type":"LineString","coordinates":[[139.64325,35.91517],[139.64334,35.91494]]},"properties":{"name":""}},
{"type":"Feature","geometry":{"type":"LineString","coordinates":[[139.13074,36.02323],[139.13057,36.0241],[139.13073,36.02465],[139.13019,36.02522],[139.12872,36.0259],[139.12792,36.02575],[139.12723,36.02638]]},"properties":{"name":"定峰川"}},
{"type":"Feature","geometry":{"type":"LineString","coordinates":[[139.5761,35.92895],[139.57443,35.92742],[139.57422,35.92684],[139.57398,35.92466],[139.57351,35.92424],[139.56775,35.92394],[139.56584,35.92358],[139.56436,35.92304],[139.56333,35.92251]]},"properties":{"name":"滝沼川"}},
{"type":"Feature","geometry":{"type":"LineString","coordinates":[[139.20473,36.11777],[139.20486,36.1191],[139.20577,36.12049],[139.20684,36.12077]]},"properties":{"name":"荒川"}},
{"type":"Feature","geometry":{"type":"LineString","coordinates":[[139.33604,36.1381],[139.33738,36.13903],[139.33899,36.13983],[139.34041,36.14032],[139.3414,36.14017],[139.34448,36.1385],[139.34662,36.13844],[139.34736,36.13865],[139.34773,36.13905],[139.34842,36.1392],[139.34933,36.13886],[139.35021,36.13873],[139.35132,36.1397],[139.35218,36.13998],[139.35329,36.13997],[139.35547,36.13877],[139.35759,36.13726],[139.3585,36.13682],[139.36576,36.13647],[139.36817,36.13607],[139.36962,36.13594],[139.37092,36.13611],[139.37188,36.13657],[139.37315,36.13681],[139.37515,36.13659]]},"properties":{"name":"荒川"}},
{"type":"Feature","geometry":{"type":"LineString","coordinates":[[139.47271,36.18671],[139.47282,36.1859]]},"properties":{"name":"武蔵水路"}},
{"type":"Feature","geometry":{"type":"LineString","coordinates":[[139.47335,36.18868],[139.48326,36.18929],[139.48765,36.18994],[139.49268,36.191],[139.4981,36.19233],[139.5014,36.19305],[139.5031,36.1933],[139.50528,36.19345],[139.5074,36.19324],[139.5101,36.19263]]},"properties":{"name":"利根川"}},
{"type":"Feature","geometry":{"type":"LineString","coordinates":[[139.46062,36.18964],[139.46476,36.18906],[139.46878,36.18875],[139.4725,36.18867]]},"properties":{"name":"利根川"}},
{"type":"Feature","geometry":{"type":"LineString","coordinates":[[139.47282,36.1859],[139.47298,36.18465]]},"properties":{"name":"武蔵水路"}},
{"type":"Feature","geometry":{"type":"LineString","coordinates":[[139.1495,35.90977],[139.15064,35.90954],[139.15123,35.90853],[139.15132,35.90762],[139.15192,35.90725],[139.15315,35.90749],[139.15447,35.90692],[139.15602,35.90612],[139.15723,35.90616],[139.15761,35.90568],[139.1568,35.90465],[139.15694,35.90438]]},"properties":{"name":"入間川"}},
{"type":"Feature","geometry":{"type":"LineString","coordinates":[[139.11461,36.09916],[139.11425,36.09994],[139.11352,36.10033],[139.11257,36.10058],[139.1124,36.10115],[139.11289,36.10369],[139.11296,36.10462]]},"properties":{"name":"荒川"}},
{"type":"Feature","geometry":{"type":"LineString","coordinates":[[139.60936,36.03493],[139.60918,36.03447],[139.60897,36.03388]]},"properties":{"name":"見沼代用水"}},
{"type":"Feature","geometry":{"type":"LineString","coordinates":[[138.85212,35.96439],[138.85287,35.96476],[138.85379,35.96459],[138.8545,35.96358],[138.85648,35.96352],[138.85749,35.96254],[138.85846,35.96188],[138.86239,35.96202],[138.86443,35.96019],[138.86623,35.95965],[138.86797,35.9567],[138.86916,35.95669],[138.87163,35.95786],[138.87524,35.95803],[138.88363,35.95547],[138.894,35.95625],[138.89845,35.9562]]},"properties":{"name":"中津川"}},
{"type":"Feature","geometry":{"type":"LineString","coordinates":[[139.67332,35.85641],[139.67427,35.85539],[139.67594,35.85397],[139.67607,35.85339],[139.67592,35.85221],[139.67644,35.85128],[139.67692,35.85085],[139.6809,35.84864],[139.68597,35.84654],[139.68688,35.84603],[139.68811,35.84619],[139.68914,35.84663],[139.69016,35.8468],[139.69105,35.84677]]},"properties":{"name":"藤右衛門川"}},
{"type":"Feature","geometry":{"type":"LineString","coordinates":[[139.67309,35.85669],[139.67332,35.85641]]},"properties":{"name":"藤右衛門川"}},
{"type":"Feature","geometry":{"type":"LineString","coordinates":[[139.6725,35.85732],[139.67257,35.85724]]},"properties":{"name":"藤右衛門川"}},
{"type":"Feature","geometry":{"type":"LineString","coordinates":[[139.67257,35.85724],[139.67309,35.85669]]},"properties":{"name":"藤右衛門川"}},
{"type":"Feature","geometry":{"type":"LineString","coordinates":[[139.66926,35.85938],[139.67083,35.8587],[139.67171,35.85816],[139.6725,35.85732]]},"properties":{"name":"藤右衛門川"}},
{"type":"Feature","geometry":{"type":"LineString","coordinates":[[139.17958,35.87124],[139.18076,35.87101],[139.18327,35.87157],[139.18392,35.87148],[139.18454,35.87077]]},"properties":{"name":"有間川"}},
{"type":"Feature","geometry":{"type":"LineString","coordinates":[[139.1489,35.87617],[139.14925,35.8756],[139.14991,35.87505],[139.15039,35.87498],[139.15119,35.87538],[139.1513,35.87614],[139.15169,35.87627]]},"properties":{"name":"有間川"}},
{"type":"Feature","geometry":{"type":"LineString","coordinates":[[139.67192,35.81518],[139.67164,35.8131]]},"properties":{"name":""}},
{"type":"Feature","geometry":{"type":"LineString","coordinates":[[139.3563,35.84103],[139.35647,35.84156],[139.35768,35.8422],[139.35866,35.84257],[139.36113,35.84312],[139.36298,35.84282]]},"properties":{"name":""}},
{"type":"Feature","geometry":{"type":"LineString","coordinates":[[139.87431,35.82957],[139.87501,35.82759],[139.877,35.82244],[139.87791,35.81996],[139.87869,35.81819]]},"properties":{"name":"第二大場川"}},
{"type":"Feature","geometry":{"type":"LineString","coordinates":[[139.13527,36.26895],[139.13743,36.26923],[139.13935,36.26881],[139.14119,36.26822]]},"properties":{"name":"忍保川"}},
{"type":"Feature","geometry":{"type":"LineString","coordinates":[[139.31349,35.85025],[139.31359,35.84973],[139.31439,35.84883],[139.31517,35.84833]]},"properties":{"name":"入間川"}},
{"type":"Feature","geometry":{"type":"LineString","coordinates":[[139.31218,35.85233],[139.31349,35.85025]]},"properties":{"name":"入間川"}},
{"type":"Feature","geometry":{"type":"LineString","coordinates":[[139.87454,35.84557],[139.87508,35.84493]]},"properties":{"name":"末広戸川"}},
{"type":"Feature","geometry":{"type":"LineString","coordinates":[[139.87425,35.84589],[139.87454,35.84557]]},"properties":{"name":"末広戸川"}},
{"type":"Feature","geometry":{"type":"LineString","coordinates":[[139.80294,35.91499],[139.80207,35.91393]]},"properties":{"name":"逆川"}},
{"type":"Feature","geometry":{"type":"LineString","coordinates":[[139.79768,35.88775],[139.79807,35.88731],[139.79886,35.887]]},"properties":{"name":"八条用水"}},
{"type":"Feature","geometry":{"type":"LineString","coordinates":[[139.80091,35.91333],[139.80078,35.91292]]},"properties":{"name":"逆川"}},
{"type":"Feature","geometry":{"type":"LineString","coordinates":[[139.79886,35.887],[139.80106,35.88609],[139.80384,35.88583],[139.80453,35.88598],[139.80555,35.88569],[139.80654,35.88514],[139.80832,35.88381]]},"properties":{"name":"八条用水"}},
{"type":"Feature","geometry":{"type":"LineString","coordinates":[[139.76765,35.87324],[139.76772,35.87263],[139.76744,35.87165]]},"properties":{"name":"七左ェ門川"}},
{"type":"Feature","geometry":{"type":"LineString","coordinates":[[139.76753,35.8734],[139.76765,35.87324]]},"properties":{"name":"七左ェ門川"}},
{"type":"Feature","geometry":{"type":"LineString","coordinates":[[139.81326,35.87962],[139.81455,35.87772],[139.81533,35.87628]]},"properties":{"name":"八条用水"}},
{"type":"Feature","geometry":{"type":"LineString","coordinates":[[139.81533,35.87628],[139.81597,35.87472],[139.81631,35.87299],[139.81677,35.87157],[139.81786,35.86967]]},"properties":{"name":"八条用水"}},
{"type":"Feature","geometry":{"type":"LineString","coordinates":[[139.81786,35.86967],[139.81829,35.86903]]},"properties":{"name":"八条用水"}},
{"type":"Feature","geometry":{"type":"LineString","coordinates":[[139.81829,35.86903],[139.82078,35.86611],[139.82192,35.86465],[139.82472,35.86143],[139.82511,35.8607],[139.82683,35.85875],[139.82695,35.85796],[139.82776,35.85619],[139.82785,35.85433],[139.82815,35.85361],[139.82814,35.85277],[139.82873,35.85162],[139.82919,35.85115],[139.82963,35.85029],[139.83049,35.8477],[139.83046,35.84734],[139.8312,35.84546]]},"properties":{"name":"八条用水"}},
{"type":"Feature","geometry":{"type":"LineString","coordinates":[[139.39218,35.9508],[139.39293,35.95128],[139.3959,35.95136],[139.39657,35.95174],[139.39775,35.9535],[139.39784,35.95475],[139.39706,35.95624],[139.39702,35.95778],[139.39717,35.95832],[139.3988,35.96046],[139.39936,35.96155],[139.39944,35.96392],[139.40045,35.96523],[139.40183,35.96904],[139.40246,35.97005]]},"properties":{"name":"飯盛川"}},
{"type":"Feature","geometry":{"type":"LineString","coordinates":[[139.74056,35.88712],[139.74104,35.88674]]},"properties":{"name":"伝右川"}},
{"type":"Feature","geometry":{"type":"LineString","coordinates":[[139.74104,35.88674],[139.74233,35.88552],[139.74344,35.88422]]},"properties":{"name":"伝右川"}},
{"type":"Feature","geometry":{"type":"LineString","coordinates":[[139.74344,35.88422],[139.74348,35.88417]]},"properties":{"name":"伝右川"}},
{"type":"Feature","geometry":{"type":"LineString","coordinates":[[139.74348,35.88417],[139.74653,35.88103]]},"properties":{"name":"伝右川"}},
{"type":"Feature","geometry":{"type":"LineString","coordinates":[[139.37057,36.00522],[139.37129,36.00538],[139.37401,36.004],[139.37512,36.00382],[139.37617,36.00338],[139.37731,36.00235]]},"properties":{"name":"九十九川"}},
{"type":"Feature","geometry":{"type":"LineString","coordinates":[[139.84695,35.87506],[139.84711,35.87351],[139.84736,35.87219],[139.84755,35.87028],[139.84701,35.86838],[139.84702,35.86808],[139.84778,35.86584],[139.84791,35.86491]]},"properties":{"name":"二郷半領用水路"}},
{"type":"Feature","geometry":{"type":"LineString","coordinates":[[139.84688,35.87595],[139.84695,35.87506]]},"properties":{"name":"二郷半領用水路"}},
{"type":"Feature","geometry":{"type":"LineString","coordinates":[[139.89117,35.82206],[139.88901,35.82148]]},"properties":{"name":""}},
{"type":"Feature","geometry":{"type":"LineString","coordinates":[[139.74133,35.78186],[139.74282,35.77928],[139.74527,35.77605],[139.7496,35.77333],[139.75591,35.77057],[139.75852,35.76905],[139.75968,35.76746],[139.76051,35.76428],[139.76162,35.76213],[139.76427,35.75994],[139.76849,35.75798],[139.77118,35.75736],[139.77363,35.75712],[139.77754,35.75702],[139.78279,35.7575],[139.789,35.75854],[139.79732,35.75975],[139.80064,35.75965]]},"properties":{"name":"荒川"}},
{"type":"Feature","geometry":{"type":"LineString","coordinates":[[139.46579,35.95971],[139.46619,35.9604],[139.46751,35.96073]]},"properties":{"name":"大谷川"}},
{"type":"Feature","geometry":{"type":"LineString","coordinates":[[139.4183,35.93727],[139.41832,35.93799],[139.41979,35.93977],[139.42109,35.94099],[139.42724,35.94411],[139.42812,35.94492],[139.43035,35.94793],[139.43119,35.94991],[139.4317,35.95038]]},"properties":{"name":"大谷川支線"}},
{"type":"Feature","geometry":{"type":"LineString","coordinates":[[139.41424,35.94463],[139.41493,35.94544]]},"properties":{"name":"大谷川"}},
{"type":"Feature","geometry":{"type":"LineString","coordinates":[[139.42157,35.94891],[139.42646,35.94905],[139.42704,35.94913],[139.4317,35.95038]]},"properties":{"name":"大谷川"}},
{"type":"Feature","geometry":{"type":"LineString","coordinates":[[139.38516,35.93881],[139.38584,35.93982],[139.38671,35.94195],[139.38752,35.94309],[139.38871,35.94396],[139.38897,35.94438],[139.38998,35.94745],[139.39117,35.94925]]},"properties":{"name":"飯盛川"}},
{"type":"Feature","geometry":{"type":"LineString","coordinates":[[139.39117,35.94925],[139.39218,35.9508]]},"properties":{"name":""}},
{"type":"Feature","geometry":{"type":"LineString","coordinates":[[139.10324,35.99789],[139.10293,35.99857]]},"properties":{"name":""}},
{"type":"Feature","geometry":{"type":"LineString","coordinates":[[139.18958,36.1359],[139.19009,36.136],[139.19057,36.1365],[139.1913,36.13668]]},"properties":{"name":"亀住川"}},
{"type":"Feature","geometry":{"type":"LineString","coordinates":[[139.18862,36.13583],[139.18958,36.1359]]},"properties":{"name":"亀住川"}},
{"type":"Feature","geometry":{"type":"LineString","coordinates":[[139.19956,36.13791],[139.19965,36.13785]]},"properties":{"name":"亀住川"}},
{"type":"Feature","geometry":{"type":"LineString","coordinates":[[139.19931,36.13795],[139.19956,36.13791]]},"properties":{"name":"亀住川"}},
{"type":"Feature","geometry":{"type":"LineString","coordinates":[[139.1913,36.13668],[139.19165,36.13675]]},"properties":{"name":"亀住川"}},
{"type":"Feature","geometry":{"type":"LineString","coordinates":[[139.18385,36.13681],[139.18445,36.13655],[139.18493,36.13565],[139.18591,36.13517],[139.18642,36.13512],[139.18742,36.13554],[139.18862,36.13583]]},"properties":{"name":"亀住川"}},
{"type":"Feature","geometry":{"type":"LineString","coordinates":[[139.65993,36.21415],[139.66044,36.21439]]},"properties":{"name":"谷田川"}},
{"type":"Feature","geometry":{"type":"LineString","coordinates":[[139.66044,36.21439],[139.6611,36.21462],[139.66213,36.21459]]},"properties":{"name":"谷田川"}},
{"type":"Feature","geometry":{"type":"LineString","coordinates":[[139.20059,36.25379],[139.20116,36.25335]]},"properties":{"name":"備前渠（備前渠川・備前渠用水路）"}},
{"type":"Feature","geometry":{"type":"LineString","coordinates":[[139.20116,36.25335],[139.20223,36.25256],[139.20425,36.2514],[139.20635,36.25041],[139.20824,36.2499],[139.20971,36.24968],[139.21151,36.24952],[139.21502,36.24955],[139.21613,36.24919],[139.21807,36.2481],[139.21959,36.24742],[139.22173,36.24685]]},"properties":{"name":"備前渠（備前渠川・備前渠用水路）"}},
{"type":"Feature","geometry":{"type":"LineString","coordinates":[[139.67342,36.04389],[139.68006,36.04282],[139.68375,36.04216]]},"properties":{"name":"備前堀川"}},
{"type":"Feature","geometry":{"type":"LineString","coordinates":[[139.68412,36.04207],[139.68542,36.04181],[139.68815,36.04143],[139.69147,36.04002],[139.69285,36.03973],[139.69493,36.03995],[139.69993,36.04119]]},"properties":{"name":"備前堀川"}},
{"type":"Feature","geometry":{"type":"LineString","coordinates":[[138.99533,35.94515],[138.99535,35.94576],[138.9947,35.94636],[138.99468,35.94778],[138.9939,35.94838],[138.99382,35.94925],[138.99326,35.95023],[138.99335,35.95087],[138.99428,35.95121],[138.99387,35.95259],[138.99431,35.95331],[138.99445,35.95484],[138.99414,35.95552],[138.99413,35.95645],[138.99452,35.95667],[138.9947,35.95846],[138.99539,35.95992],[138.99516,35.96058]]},"properties":{"name":"谷津川"}},
{"type":"Feature","geometry":{"type":"LineString","coordinates":[[139.85738,35.86929],[139.85767,35.86809],[139.85858,35.86741],[139.85876,35.86697],[139.85831,35.86621],[139.85823,35.86551]]},"properties":{"name":"第二大場川"}},
{"type":"Feature","geometry":{"type":"LineString","coordinates":[[139.86642,35.85741],[139.86773,35.8575]]},"properties":{"name":"彦成川"}},
{"type":"Feature","geometry":{"type":"LineString","coordinates":[[139.86773,35.8575],[139.86822,35.85754]]},"properties":{"name":"彦成川"}},
{"type":"Feature","geometry":{"type":"LineString","coordinates":[[139.88214,35.80446],[139.88408,35.80448]]},"properties":{"name":"長戸呂川"}},
{"type":"Feature","geometry":{"type":"LineString","coordinates":[[139.88408,35.80448],[139.8842,35.80449]]},"properties":{"name":"長戸呂川"}},
{"type":"Feature","geometry":{"type":"LineString","coordinates":[[139.88219,35.80143],[139.88317,35.80121],[139.88433,35.80137]]},"properties":{"name":"鷹野川"}},
{"type":"Feature","geometry":{"type":"LineString","coordinates":[[139.88433,35.80137],[139.88445,35.80138]]},"properties":{"name":"鷹野川"}},
{"type":"Feature","geometry":{"type":"LineString","coordinates":[[139.53675,35.91917],[139.53811,35.91952]]},"properties":{"name":""}},
{"type":"Feature","geometry":{"type":"LineString","coordinates":[[139.53811,35.91952],[139.53907,35.91977]]},"properties":{"name":""}},
{"type":"Feature","geometry":{"type":"LineString","coordinates":[[139.55537,35.91877],[139.55483,35.91844]]},"properties":{"name":"滝沼川"}},
{"type":"Feature","geometry":{"type":"LineString","coordinates":[[139.55483,35.91844],[139.55399,35.91807],[139.55254,35.91776],[139.55137,35.91783],[139.55046,35.91772]]},"properties":{"name":"滝沼川"}},
{"type":"Feature","geometry":{"type":"LineString","coordinates":[[139.47828,36.06432],[139.47792,36.06398]]},"properties":{"name":"武蔵水路"}},
{"type":"Feature","geometry":{"type":"LineString","coordinates":[[139.47792,36.06398],[139.4772,36.06331],[139.47705,36.06217],[139.47747,36.06161],[139.47962,36.05967]]},"properties":{"name":"武蔵水路"}},
{"type":"Feature","geometry":{"type":"LineString","coordinates":[[139.4887,36.06408],[139.48971,36.0619],[139.49132,36.06018],[139.49181,36.05776],[139.49175,36.0568]]},"properties":{"name":""}},
{"type":"Feature","geometry":{"type":"LineString","coordinates":[[139.4816,36.0718],[139.48183,36.07154]]},"properties":{"name":""}},
{"type":"Feature","geometry":{"type":"LineString","coordinates":[[139.48183,36.07154],[139.48588,36.06717],[139.48726,36.06575],[139.48819,36.06507]]},"properties":{"name":""}},
{"type":"Feature","geometry":{"type":"LineString","coordinates":[[139.43327,36.1594],[139.43335,36.15943]]},"properties":{"name":"星川"}},
{"type":"Feature","geometry":{"type":"LineString","coordinates":[[139.43233,36.1589],[139.43327,36.1594]]},"properties":{"name":"星川"}},
{"type":"Feature","geometry":{"type":"LineString","coordinates":[[139.85395,35.84968],[139.85388,35.84936]]},"properties":{"name":"二郷半領用水路"}},
{"type":"Feature","geometry":{"type":"LineString","coordinates":[[139.8531,35.84821],[139.85298,35.84805]]},"properties":{"name":"二郷半領用水路"}},
{"type":"Feature","geometry":{"type":"LineString","coordinates":[[139.85298,35.84805],[139.85237,35.84699]]},"properties":{"name":"二郷半領用水路"}},
{"type":"Feature","geometry":{"type":"LineString","coordinates":[[139.85237,35.84699],[139.85232,35.84688]]},"properties":{"name":"二郷半領用水路"}},
{"type":"Feature","geometry":{"type":"LineString","coordinates":[[139.85232,35.84688],[139.85217,35.84646]]},"properties":{"name":"二郷半領用水路"}},
{"type":"Feature","geometry":{"type":"LineString","coordinates":[[139.85388,35.84936],[139.8531,35.84821]]},"properties":{"name":"二郷半領用水路"}},
{"type":"Feature","geometry":{"type":"LineString","coordinates":[[139.87908,35.8585],[139.8801,35.85855]]},"properties":{"name":"彦成川"}},
{"type":"Feature","geometry":{"type":"LineString","coordinates":[[139.8801,35.85855],[139.88026,35.85851]]},"properties":{"name":"彦成川"}},
{"type":"Feature","geometry":{"type":"LineString","coordinates":[[139.88405,35.80245],[139.88417,35.80245]]},"properties":{"name":"寄巻川"}},
{"type":"Feature","geometry":{"type":"LineString","coordinates":[[139.88417,35.80245],[139.8843,35.80245]]},"properties":{"name":"寄巻川"}},
{"type":"Feature","geometry":{"type":"LineString","coordinates":[[139.60408,35.79217],[139.60443,35.79282],[139.6052,35.79336],[139.6068,35.79346],[139.6072,35.79318],[139.60857,35.79316],[139.60948,35.79384],[139.60956,35.79417],[139.61129,35.79535],[139.61335,35.79595],[139.61483,35.79671],[139.61505,35.7972]]},"properties":{"name":"越戸川"}},
{"type":"Feature","geometry":{"type":"LineString","coordinates":[[139.88078,35.80244],[139.88097,35.80244]]},"properties":{"name":"寄巻川"}},
{"type":"Feature","geometry":{"type":"LineString","coordinates":[[139.88097,35.80244],[139.88405,35.80245]]},"properties":{"name":"寄巻川"}},
{"type":"Feature","geometry":{"type":"LineString","coordinates":[[139.88675,35.81771],[139.88815,35.81705]]},"properties":{"name":"三郷放水路"}},
{"type":"Feature","geometry":{"type":"LineString","coordinates":[[139.88654,35.81782],[139.88675,35.81771]]},"properties":{"name":"三郷放水路"}},
{"type":"Feature","geometry":{"type":"LineString","coordinates":[[139.87223,35.82032],[139.87228,35.82012]]},"properties":{"name":"二郷半領用水路"}},
{"type":"Feature","geometry":{"type":"LineString","coordinates":[[139.61127,35.93221],[139.61152,35.93092],[139.61172,35.92874],[139.61237,35.92605],[139.61246,35.92478]]},"properties":{"name":"鴻沼川"}},
{"type":"Feature","geometry":{"type":"LineString","coordinates":[[139.61246,35.92478],[139.61246,35.92463]]},"properties":{"name":"鴻沼川"}},
{"type":"Feature","geometry":{"type":"LineString","coordinates":[[139.74643,35.78564],[139.74642,35.78552]]},"properties":{"name":"芝川"}},
{"type":"Feature","geometry":{"type":"LineString","coordinates":[[139.74642,35.78552],[139.7463,35.78464]]},"properties":{"name":"芝川"}},
{"type":"Feature","geometry":{"type":"LineString","coordinates":[[139.84616,35.797],[139.84546,35.79805],[139.84385,35.7995],[139.84243,35.80011],[139.84078,35.80036],[139.83943,35.80076]]},"properties":{"name":"垳川"}},
{"type":"Feature","geometry":{"type":"LineString","coordinates":[[139.84641,35.79681],[139.84616,35.797]]},"properties":{"name":"垳川"}},
{"type":"Feature","geometry":{"type":"LineString","coordinates":[[139.83915,35.95518],[139.83741,35.95465]]},"properties":{"name":"座生川"}},
{"type":"Feature","geometry":{"type":"LineString","coordinates":[[139.79307,35.80537],[139.79309,35.80526]]},"properties":{"name":"辰井川"}},
{"type":"Feature","geometry":{"type":"LineString","coordinates":[[139.79306,35.80544],[139.79307,35.80537]]},"properties":{"name":"辰井川"}},
{"type":"Feature","geometry":{"type":"LineString","coordinates":[[139.10324,35.99789],[139.10299,35.9991]]},"properties":{"name":"横瀬川"}},
{"type":"Feature","geometry":{"type":"LineString","coordinates":[[138.80642,36.01316],[138.80671,36.01265]]},"properties":{"name":"神流川"}},
{"type":"Feature","geometry":{"type":"LineString","coordinates":[[138.80671,36.01265],[138.8077,36.01261],[138.80811,36.01152],[138.80801,36.01095],[138.80706,36.01065],[138.806,36.00956]]},"properties":{"name":"神流川"}},
{"type":"Feature","geometry":{"type":"LineString","coordinates":[[139.82312,35.85068],[139.82358,35.84965]]},"properties":{"name":"南部葛西用水"}},
{"type":"Feature","geometry":{"type":"LineString","coordinates":[[139.83191,35.81175],[139.83281,35.81078],[139.83667,35.8087]]},"properties":{"name":"南部葛西用水"}},
{"type":"Feature","geometry":{"type":"LineString","coordinates":[[139.51867,36.12083],[139.51872,36.12053]]},"properties":{"name":"長野落"}},
{"type":"Feature","geometry":{"type":"LineString","coordinates":[[139.82875,35.79413],[139.82771,35.79413],[139.82751,35.79377]]},"properties":{"name":"垳川"}},
{"type":"Feature","geometry":{"type":"LineString","coordinates":[[139.3729,36.24264],[139.37655,36.2411],[139.37965,36.23973]]},"properties":{"name":"利根川"}},
{"type":"Feature","geometry":{"type":"LineString","coordinates":[[139.36122,36.24589],[139.36289,36.246],[139.36813,36.24508],[139.37076,36.24438],[139.37221,36.24348],[139.3729,36.24264]]},"properties":{"name":"利根川"}},
{"type":"Feature","geometry":{"type":"LineString","coordinates":[[139.34129,36.24075],[139.35268,36.24272],[139.35445,36.24347],[139.35651,36.24491],[139.3586,36.24563],[139.36122,36.24589]]},"properties":{"name":"利根川"}},
{"type":"Feature","geometry":{"type":"LineString","coordinates":[[139.38546,36.20455],[139.3855,36.2047]]},"properties":{"name":"新奈良川"}},
{"type":"Feature","geometry":{"type":"LineString","coordinates":[[139.3855,36.2047],[139.38558,36.20487]]},"properties":{"name":"新奈良川"}},
{"type":"Feature","geometry":{"type":"LineString","coordinates":[[139.44025,36.19344],[139.44211,36.19253],[139.44325,36.19225],[139.44434,36.19215],[139.44623,36.19244],[139.44905,36.1937]]},"properties":{"name":"福川"}},
{"type":"Feature","geometry":{"type":"LineString","coordinates":[[139.44021,36.19346],[139.44025,36.19344]]},"properties":{"name":"福川"}},
{"type":"Feature","geometry":{"type":"LineString","coordinates":[[139.42297,36.19746],[139.42309,36.19801]]},"properties":{"name":"奈良川"}},
{"type":"Feature","geometry":{"type":"LineString","coordinates":[[139.42309,36.19801],[139.42315,36.19831]]},"properties":{"name":"奈良川"}},
{"type":"Feature","geometry":{"type":"LineString","coordinates":[[139.18588,36.21898],[139.18786,36.21827],[139.19153,36.2182],[139.19295,36.21844],[139.19402,36.21909],[139.19495,36.21941],[139.19594,36.21953],[139.19847,36.21948],[139.19935,36.21965],[139.20137,36.22042],[139.20266,36.22118],[139.20419,36.2214],[139.20462,36.22099]]},"properties":{"name":"男堀川"}},
{"type":"Feature","geometry":{"type":"LineString","coordinates":[[139.1854,36.2188],[139.18588,36.21898]]},"properties":{"name":"男堀川"}},
{"type":"Feature","geometry":{"type":"LineString","coordinates":[[139.17986,36.21908],[139.18053,36.21876],[139.18142,36.2187],[139.1854,36.2188]]},"properties":{"name":"男堀川"}},
{"type":"Feature","geometry":{"type":"LineString","coordinates":[[139.17953,36.21924],[139.17986,36.21908]]},"properties":{"name":"男堀川"}},
{"type":"Feature","geometry":{"type":"LineString","coordinates":[[139.29047,36.26846],[139.29222,36.26707],[139.29317,36.26666],[139.29409,36.26652],[139.30037,36.26645],[139.3022,36.26633],[139.3052,36.26591],[139.30709,36.26524],[139.31107,36.26396],[139.31205,36.26348],[139.31415,36.261],[139.31483,36.26061],[139.31619,36.26046],[139.31804,36.26129],[139.3196,36.26235],[139.32094,36.26304],[139.32188,36.26333],[139.32438,36.26358],[139.32603,36.26416],[139.32802,36.2645],[139.32922,36.26452],[139.33106,36.26408],[139.33252,36.26412],[139.33456,36.2645],[139.33562,36.26453],[139.33615,36.26436],[139.3382,36.26325],[139.34236,36.26091],[139.34413,36.25983],[139.34616,36.25849],[139.34834,36.25716],[139.34959,36.25659],[139.35123,36.25624],[139.35319,36.25601],[139.35473,36.25552],[139.35606,36.25474],[139.35836,36.25382],[139.36142,36.25285],[139.36481,36.25036],[139.36703,36.24908],[139.36847,36.24879],[139.37045,36.24884],[139.37553,36.2477],[139.37624,36.24737],[139.37723,36.24653],[139.37795,36.24543],[139.3781,36.24457],[139.37897,36.24323]]},"properties":{"name":"石田川"}},
{"type":"Feature","geometry":{"type":"LineString","coordinates":[[139.84212,35.90149],[139.84203,35.9014]]},"properties":{"name":"木売落"}},
{"type":"Feature","geometry":{"type":"LineString","coordinates":[[139.8411,35.90009],[139.83979,35.89826],[139.83926,35.89811]]},"properties":{"name":"木売落"}},
{"type":"Feature","geometry":{"type":"LineString","coordinates":[[139.84213,35.90144],[139.84234,35.8983],[139.84256,35.8967],[139.84332,35.89486],[139.84537,35.89053],[139.84591,35.88875],[139.84604,35.88773]]},"properties":{"name":"二郷半領用水路"}},
{"type":"Feature","geometry":{"type":"LineString","coordinates":[[139.84683,35.87661],[139.84688,35.87595]]},"properties":{"name":"二郷半用水"}},
{"type":"Feature","geometry":{"type":"LineString","coordinates":[[139.84681,35.87682],[139.84683,35.87661]]},"properties":{"name":"二郷半用水"}},
{"type":"Feature","geometry":{"type":"LineString","coordinates":[[139.26292,36.00484],[139.26408,36.00626]]},"properties":{"name":"都幾川"}},
{"type":"Feature","geometry":{"type":"LineString","coordinates":[[139.66164,36.17054],[139.68257,36.16149],[139.69176,36.15656],[139.69622,36.15359],[139.69876,36.15125]]},"properties":{"name":"利根川"}},
{"type":"Feature","geometry":{"type":"LineString","coordinates":[[139.63978,36.17933],[139.66164,36.17054]]},"properties":{"name":"利根川"}},
{"type":"Feature","geometry":{"type":"LineString","coordinates":[[139.78634,35.8686],[139.78699,35.86587]]},"properties":{"name":"出羽堀（出羽堀第１雨水幹線）"}},
{"type":"Feature","geometry":{"type":"LineString","coordinates":[[139.02324,36.13336],[139.02376,36.1338],[139.02471,36.1341],[139.02547,36.13389],[139.02657,36.13279],[139.02615,36.13231],[139.02593,36.13126],[139.02534,36.13042],[139.02576,36.13001],[139.02697,36.12983],[139.02818,36.12998],[139.02883,36.12972],[139.02975,36.12893],[139.03048,36.12808],[139.03154,36.12735],[139.03247,36.12713],[139.03544,36.12622],[139.03679,36.12615],[139.03811,36.12648],[139.04094,36.12755],[139.04207,36.12809],[139.0425,36.12857],[139.0427,36.12979],[139.0432,36.13091],[139.043,36.13172],[139.04164,36.13316],[139.041,36.13524],[139.04104,36.1366],[139.04177,36.13822],[139.04142,36.13918],[139.0409,36.13953],[139.04129,36.14015],[139.04124,36.14123],[139.04185,36.14305],[139.04187,36.14404],[139.04233,36.14597],[139.04271,36.14799],[139.04317,36.1484],[139.04508,36.14832],[139.0456,36.1484],[139.04718,36.14934],[139.0474,36.15012],[139.04709,36.15102],[139.04739,36.15187],[139.04779,36.15216],[139.04895,36.15242]]},"properties":{"name":"神流川"}},
{"type":"Feature","geometry":{"type":"LineString","coordinates":[[139.10716,36.25459],[139.10776,36.25458],[139.10831,36.25408],[139.10909,36.25513],[139.10889,36.25538],[139.10911,36.25631],[139.10897,36.25684],[139.11011,36.25825]]},"properties":{"name":"笹川"}},
{"type":"Feature","geometry":{"type":"LineString","coordinates":[[139.88385,35.81814],[139.88386,35.81733]]},"properties":{"name":"大場川"}},
{"type":"Feature","geometry":{"type":"LineString","coordinates":[[139.6826,35.91677],[139.6852,35.91746]]},"properties":{"name":"内田川"}},
{"type":"Feature","geometry":{"type":"LineString","coordinates":[[139.39051,36.14149],[139.39246,36.1409],[139.39373,36.14024]]},"properties":{"name":"星川"}},
{"type":"Feature","geometry":{"type":"LineString","coordinates":[[139.38988,36.14168],[139.39051,36.14149]]},"properties":{"name":"星川"}},
{"type":"Feature","geometry":{"type":"LineString","coordinates":[[139.68858,36.17145],[139.6899,36.17176],[139.69143,36.17143]]},"properties":{"name":""}},
{"type":"Feature","geometry":{"type":"LineString","coordinates":[[139.68731,36.17108],[139.68858,36.17145]]},"properties":{"name":""}},
{"type":"Feature","geometry":{"type":"LineString","coordinates":[[139.67264,36.19436],[139.67462,36.19252],[139.67492,36.19205],[139.67504,36.19077],[139.67553,36.1899]]},"properties":{"name":""}},
{"type":"Feature","geometry":{"type":"LineString","coordinates":[[139.81466,35.85102],[139.81685,35.85075]]},"properties":{"name":"古綾瀬川"}},
{"type":"Feature","geometry":{"type":"LineString","coordinates":[[139.81421,35.85107],[139.81466,35.85102]]},"properties":{"name":"古綾瀬川"}},
{"type":"Feature","geometry":{"type":"LineString","coordinates":[[139.81907,35.85055],[139.82049,35.85052]]},"properties":{"name":"古綾瀬川"}},
{"type":"Feature","geometry":{"type":"LineString","coordinates":[[139.81863,35.85058],[139.81907,35.85055]]},"properties":{"name":"古綾瀬川"}},
{"type":"Feature","geometry":{"type":"LineString","coordinates":[[139.82049,35.85052],[139.82056,35.84967]]},"properties":{"name":"古綾瀬川"}},
{"type":"Feature","geometry":{"type":"LineString","coordinates":[[139.56512,36.01661],[139.56631,36.01769]]},"properties":{"name":"高野戸川"}},
{"type":"Feature","geometry":{"type":"LineString","coordinates":[[139.56434,36.01637],[139.56512,36.01661]]},"properties":{"name":"高野戸川"}},
{"type":"Feature","geometry":{"type":"LineString","coordinates":[[139.56363,36.01619],[139.56434,36.01637]]},"properties":{"name":"高野戸川"}},
{"type":"Feature","geometry":{"type":"LineString","coordinates":[[139.56335,36.01618],[139.56363,36.01619]]},"properties":{"name":"高野戸川"}},
{"type":"Feature","geometry":{"type":"LineString","coordinates":[[139.56657,36.01779],[139.56814,36.01907],[139.56969,36.01917],[139.57265,36.02062],[139.57393,36.02103],[139.57404,36.02123],[139.57372,36.02289],[139.57374,36.02391],[139.57418,36.02517],[139.57509,36.02709],[139.57616,36.02752],[139.57716,36.02773],[139.57872,36.0277]]},"properties":{"name":"高野戸川"}},
{"type":"Feature","geometry":{"type":"LineString","coordinates":[[139.56631,36.01769],[139.56657,36.01779]]},"properties":{"name":"高野戸川"}},
{"type":"Feature","geometry":{"type":"LineString","coordinates":[[139.55937,36.01798],[139.56055,36.01708],[139.56298,36.01622],[139.56335,36.01618]]},"properties":{"name":"高野戸川"}},
{"type":"Feature","geometry":{"type":"LineString","coordinates":[[139.55908,36.01817],[139.55937,36.01798]]},"properties":{"name":"高野戸川"}},
{"type":"Feature","geometry":{"type":"LineString","coordinates":[[139.70758,35.84755],[139.70844,35.84706]]},"properties":{"name":"藤右衛門放水路"}},
{"type":"Feature","geometry":{"type":"LineString","coordinates":[[139.70599,35.8478],[139.70689,35.84796],[139.70758,35.84755]]},"properties":{"name":"藤右衛門放水路"}},
{"type":"Feature","geometry":{"type":"LineString","coordinates":[[139.61896,36.07098],[139.62167,36.06786],[139.62688,36.06192]]},"properties":{"name":""}},
{"type":"Feature","geometry":{"type":"LineString","coordinates":[[139.60302,36.06023],[139.60308,36.06022]]},"properties":{"name":"星川"}},
{"type":"Feature","geometry":{"type":"LineString","coordinates":[[139.60308,36.06022],[139.60427,36.05998],[139.60558,36.05912],[139.60618,36.05894],[139.60782,36.05889],[139.61096,36.05786],[139.6138,36.05512],[139.61431,36.05414],[139.6149,36.05351],[139.61596,36.05272],[139.61663,36.0519],[139.61726,36.05035],[139.61788,36.04943],[139.61955,36.04851],[139.62104,36.04805],[139.622,36.04763],[139.62408,36.04625],[139.62614,36.04364],[139.6268,36.04329],[139.62983,36.04247],[139.63126,36.04245],[139.63254,36.04213],[139.63416,36.04196],[139.63504,36.04144],[139.63719,36.04118],[139.63792,36.04099],[139.63922,36.04033],[139.6413,36.0401],[139.64265,36.04031],[139.64326,36.04019],[139.64387,36.03962],[139.64411,36.03883],[139.64428,36.0371],[139.64492,36.03646],[139.64771,36.03506],[139.64919,36.03474],[139.65142,36.03506],[139.65195,36.03493],[139.6524,36.03439],[139.65351,36.03222],[139.65324,36.03143]]},"properties":{"name":"星川"}},
{"type":"Feature","geometry":{"type":"LineString","coordinates":[[139.60265,36.0597],[139.60265,36.05969]]},"properties":{"name":"見沼代用水"}},
{"type":"Feature","geometry":{"type":"LineString","coordinates":[[139.60265,36.05969],[139.60266,36.05817],[139.60192,36.05724],[139.60058,36.05675],[139.59946,36.05611],[139.5988,36.05499],[139.59868,36.0538],[139.59943,36.05274],[139.60102,36.0513],[139.603,36.04834],[139.60538,36.04642],[139.60585,36.04587],[139.60712,36.04328],[139.60752,36.04159]]},"properties":{"name":"見沼代用水"}},
{"type":"Feature","geometry":{"type":"LineString","coordinates":[[139.67465,36.0842],[139.67573,36.08326],[139.67699,36.08252],[139.67886,36.08094],[139.67959,36.07979],[139.68078,36.07891],[139.68242,36.07839],[139.68364,36.07828],[139.69224,36.07522],[139.69264,36.07521],[139.69484,36.07568],[139.69597,36.07609],[139.70057,36.07836],[139.70123,36.07852],[139.70293,36.07834],[139.70492,36.07779],[139.70604,36.07709],[139.70822,36.07481],[139.70903,36.07328],[139.70915,36.07261],[139.70851,36.07029],[139.70877,36.06932],[139.70864,36.06884],[139.70785,36.06742]]},"properties":{"name":"葛西用水路"}},
{"type":"Feature","geometry":{"type":"LineString","coordinates":[[139.68471,36.05767],[139.68752,36.05741],[139.69312,36.05677],[139.69526,36.0564],[139.6963,36.05631],[139.69923,36.05573]]},"properties":{"name":"中落堀川"}},
{"type":"Feature","geometry":{"type":"LineString","coordinates":[[139.70774,36.0673],[139.70773,36.06728]]},"properties":{"name":""}},
{"type":"Feature","geometry":{"type":"LineString","coordinates":[[139.70773,36.06728],[139.70747,36.06698],[139.70624,36.06622],[139.70542,36.06499],[139.70432,36.06382],[139.70353,36.06337],[139.70202,36.06073],[139.69887,36.05778]]},"properties":{"name":"葛西用水路"}},
{"type":"Feature","geometry":{"type":"LineString","coordinates":[[139.70544,35.8211],[139.70533,35.82105]]},"properties":{"name":"緑川"}},
{"type":"Feature","geometry":{"type":"LineString","coordinates":[[139.70763,35.8654],[139.70756,35.86523]]},"properties":{"name":"見沼代用水西縁"}},
{"type":"Feature","geometry":{"type":"LineString","coordinates":[[139.70756,35.86523],[139.70674,35.8643],[139.70687,35.86331]]},"properties":{"name":"見沼代用水西縁"}},
{"type":"Feature","geometry":{"type":"LineString","coordinates":[[139.44143,35.80575],[139.44181,35.80574],[139.44327,35.80634],[139.44418,35.80729]]},"properties":{"name":"砂川堀"}},
{"type":"Feature","geometry":{"type":"LineString","coordinates":[[139.84203,35.9014],[139.84204,35.90118]]},"properties":{"name":"木売落（旧流路）"}},
{"type":"Feature","geometry":{"type":"LineString","coordinates":[[139.84209,35.90048],[139.84233,35.89708],[139.84322,35.8948],[139.84528,35.89048],[139.84578,35.88886],[139.84593,35.88784],[139.84641,35.88335],[139.84673,35.87948]]},"properties":{"name":"木売落（旧流路）"}},
{"type":"Feature","geometry":{"type":"LineString","coordinates":[[139.84208,35.90059],[139.84209,35.90048]]},"properties":{"name":"木売落（旧流路）"}},
{"type":"Feature","geometry":{"type":"LineString","coordinates":[[139.84204,35.90118],[139.84208,35.90059]]},"properties":{"name":"木売落（旧流路）"}},
{"type":"Feature","geometry":{"type":"LineString","coordinates":[[139.74998,36.03995],[139.75731,36.03782]]},"properties":{"name":"安戸落悪水路"}},
{"type":"Feature","geometry":{"type":"LineString","coordinates":[[139.74951,36.04048],[139.74942,36.04011],[139.7487,36.03876],[139.74883,36.0384]]},"properties":{"name":""}},
{"type":"Feature","geometry":{"type":"LineString","coordinates":[[139.74951,36.04048],[139.74998,36.03995]]},"properties":{"name":"安戸落悪水路"}},
{"type":"Feature","geometry":{"type":"LineString","coordinates":[[139.85366,35.90211],[139.8559,35.89936],[139.8594,35.89521],[139.86042,35.8945],[139.86095,35.89375],[139.86116,35.89282],[139.86169,35.89194],[139.86381,35.89027],[139.86425,35.88946],[139.86541,35.88461],[139.86601,35.88282],[139.86664,35.88021]]},"properties":{"name":"大場川"}},
{"type":"Feature","geometry":{"type":"LineString","coordinates":[[139.77338,35.93783],[139.77443,35.93781]]},"properties":{"name":"新方川"}},
{"type":"Feature","geometry":{"type":"LineString","coordinates":[[139.77443,35.93781],[139.77558,35.93791],[139.77734,35.9378]]},"properties":{"name":"新方川"}},
{"type":"Feature","geometry":{"type":"LineString","coordinates":[[139.74322,35.78261],[139.74315,35.78258]]},"properties":{"name":"芝川"}},
{"type":"Feature","geometry":{"type":"LineString","coordinates":[[139.74344,35.78271],[139.74322,35.78261]]},"properties":{"name":"芝川"}},
{"type":"Feature","geometry":{"type":"LineString","coordinates":[[139.74315,35.78258],[139.74133,35.78186]]},"properties":{"name":"芝川"}},
{"type":"Feature","geometry":{"type":"LineString","coordinates":[[139.67658,35.92658],[139.67718,35.92635]]},"properties":{"name":"加田屋川"}},
{"type":"Feature","geometry":{"type":"LineString","coordinates":[[139.67642,35.92664],[139.67658,35.92658]]},"properties":{"name":"加田屋川"}},
{"type":"Feature","geometry":{"type":"LineString","coordinates":[[139.67718,35.92635],[139.67727,35.92632]]},"properties":{"name":"加田屋川"}},
{"type":"Feature","geometry":{"type":"LineString","coordinates":[[139.67727,35.92632],[139.67892,35.92573],[139.67966,35.92482],[139.68029,35.92327],[139.68187,35.92224],[139.6852,35.91746]]},"properties":{"name":"加田屋川"}},
{"type":"Feature","geometry":{"type":"LineString","coordinates":[[138.79845,35.99373],[138.80003,35.99362],[138.80083,35.99381],[138.80128,35.99423],[138.80176,35.99513],[138.80195,35.99629],[138.8023,35.99664]]},"properties":{"name":"中津川"}},
{"type":"Feature","geometry":{"type":"LineString","coordinates":[[139.63103,35.94841],[139.63157,35.94785],[139.63454,35.94417],[139.63671,35.94167],[139.63741,35.94054],[139.63847,35.93937],[139.64089,35.93731],[139.64176,35.93528],[139.64163,35.93228],[139.64143,35.93133],[139.64171,35.93062],[139.64143,35.92965],[139.64142,35.92853]]},"properties":{"name":"芝川"}},
{"type":"Feature","geometry":{"type":"LineString","coordinates":[[139.63061,35.94878],[139.63103,35.94841]]},"properties":{"name":"芝川"}},
{"type":"Feature","geometry":{"type":"LineString","coordinates":[[139.47934,36.08336],[139.47919,36.08306]]},"properties":{"name":"武蔵水路"}},
{"type":"Feature","geometry":{"type":"LineString","coordinates":[[139.47919,36.08306],[139.47853,36.08183],[139.47614,36.07923],[139.47598,36.07872]]},"properties":{"name":"武蔵水路"}},
{"type":"Feature","geometry":{"type":"LineString","coordinates":[[139.47925,36.06542],[139.47828,36.06432]]},"properties":{"name":"武蔵水路"}},
{"type":"Feature","geometry":{"type":"LineString","coordinates":[[139.47926,36.06546],[139.47925,36.06542]]},"properties":{"name":"武蔵水路"}},
{"type":"Feature","geometry":{"type":"LineString","coordinates":[[139.47266,36.07982],[139.47283,36.07931],[139.47343,36.079]]},"properties":{"name":"足立北部一号排水路"}},
{"type":"Feature","geometry":{"type":"LineString","coordinates":[[139.70053,35.81909],[139.69959,35.81635],[139.69929,35.81519]]},"properties":{"name":"緑川"}},
{"type":"Feature","geometry":{"type":"LineString","coordinates":[[139.70085,35.81942],[139.70053,35.81909]]},"properties":{"name":"緑川"}},
{"type":"Feature","geometry":{"type":"LineString","coordinates":[[139.7463,35.78464],[139.74476,35.78338],[139.74344,35.78271]]},"properties":{"name":"芝川"}},
{"type":"Feature","geometry":{"type":"LineString","coordinates":[[139.1091,36.163],[139.10922,36.16351],[139.11089,36.16462],[139.11151,36.16575],[139.11266,36.16641],[139.11251,36.167]]},"properties":{"name":"間瀬川"}},
{"type":"Feature","geometry":{"type":"LineString","coordinates":[[139.10919,36.16276],[139.1091,36.163]]},"properties":{"name":"間瀬川"}},
{"type":"Feature","geometry":{"type":"LineString","coordinates":[[139.68486,36.1988],[139.68489,36.19877]]},"properties":{"name":"谷田川"}},
{"type":"Feature","geometry":{"type":"LineString","coordinates":[[139.68489,36.19877],[139.68696,36.19696],[139.68766,36.1965]]},"properties":{"name":"谷田川"}},
{"type":"Feature","geometry":{"type":"LineString","coordinates":[[139.63062,35.87959],[139.63064,35.87919],[139.63235,35.87729],[139.63423,35.87446],[139.63448,35.87328],[139.63384,35.87038],[139.63344,35.86923],[139.63339,35.86835],[139.63454,35.86726]]},"properties":{"name":"高沼用水東縁"}},
{"type":"Feature","geometry":{"type":"LineString","coordinates":[[139.63461,35.8672],[139.63518,35.86638]]},"properties":{"name":"高沼用水東縁"}},
{"type":"Feature","geometry":{"type":"LineString","coordinates":[[139.63454,35.86726],[139.63461,35.8672]]},"properties":{"name":"高沼用水東縁"}},
{"type":"Feature","geometry":{"type":"LineString","coordinates":[[139.77554,35.95572],[139.77568,35.95558]]},"properties":{"name":"備後川"}},
{"type":"Feature","geometry":{"type":"LineString","coordinates":[[139.77568,35.95558],[139.77584,35.95531]]},"properties":{"name":"備後川"}},
{"type":"Feature","geometry":{"type":"LineString","coordinates":[[139.77606,35.95363],[139.77569,35.95225]]},"properties":{"name":"備後川"}},
{"type":"Feature","geometry":{"type":"LineString","coordinates":[[139.77609,35.95374],[139.77606,35.95363]]},"properties":{"name":"備後川"}},
{"type":"Feature","geometry":{"type":"LineString","coordinates":[[139.76121,35.99608],[139.76068,35.99438],[139.76012,35.99311]]},"properties":{"name":"旧倉松落（幸松川）"}},
{"type":"Feature","geometry":{"type":"LineString","coordinates":[[139.76012,35.99311],[139.76,35.99278]]},"properties":{"name":"旧倉松落（幸松川）"}},
{"type":"Feature","geometry":{"type":"LineString","coordinates":[[139.753,35.99138],[139.75369,35.9903],[139.7546,35.98965]]},"properties":{"name":"南側用水路"}},
{"type":"Feature","geometry":{"type":"LineString","coordinates":[[139.55693,36.13726],[139.55904,36.13737],[139.56233,36.13696],[139.56483,36.13685],[139.56611,36.13727],[139.56927,36.13692],[139.57296,36.13728],[139.57438,36.13705]]},"properties":{"name":"会の川"}},
{"type":"Feature","geometry":{"type":"LineString","coordinates":[[139.55665,36.13727],[139.55693,36.13726]]},"properties":{"name":"会の川"}},
{"type":"Feature","geometry":{"type":"LineString","coordinates":[[139.79921,35.91737],[139.79948,35.91742]]},"properties":{"name":"御料堀"}},
{"type":"Feature","geometry":{"type":"LineString","coordinates":[[139.79911,35.91735],[139.79921,35.91737]]},"properties":{"name":"御料堀"}},
{"type":"Feature","geometry":{"type":"LineString","coordinates":[[139.7646,36.00464],[139.76307,36.0007],[139.76298,36.00063]]},"properties":{"name":"旧倉松落（幸松川）"}},
{"type":"Feature","geometry":{"type":"LineString","coordinates":[[139.76292,36.00053],[139.76287,36.00044]]},"properties":{"name":"旧倉松落（幸松川）"}},
{"type":"Feature","geometry":{"type":"LineString","coordinates":[[139.76123,35.99618],[139.76122,35.99611]]},"properties":{"name":"旧倉松落（幸松川）"}},
{"type":"Feature","geometry":{"type":"LineString","coordinates":[[139.76122,35.99611],[139.76121,35.99608]]},"properties":{"name":"旧倉松落"}},
{"type":"Feature","geometry":{"type":"LineString","coordinates":[[139.76298,36.00063],[139.76292,36.00053]]},"properties":{"name":"旧倉松落（幸松川）"}},
{"type":"Feature","geometry":{"type":"LineString","coordinates":[[139.86417,35.79658],[139.86325,35.79652]]},"properties":{"name":"下第二大場川"}},
{"type":"Feature","geometry":{"type":"LineString","coordinates":[[139.84203,35.9014],[139.8411,35.90009]]},"properties":{"name":"木売落"}},
{"type":"Feature","geometry":{"type":"LineString","coordinates":[[139.83926,35.89811],[139.83883,35.89799]]},"properties":{"name":"木売落"}},
{"type":"Feature","geometry":{"type":"LineString","coordinates":[[139.83799,35.82446],[139.83924,35.82344],[139.83983,35.8226],[139.84204,35.82017]]},"properties":{"name":""}},
{"type":"Feature","geometry":{"type":"LineString","coordinates":[[139.83228,35.82998],[139.83248,35.82978]]},"properties":{"name":""}},
{"type":"Feature","geometry":{"type":"LineString","coordinates":[[139.8404,35.80816],[139.83988,35.80694]]},"properties":{"name":"八条用水"}},
{"type":"Feature","geometry":{"type":"LineString","coordinates":[[139.84039,35.80824],[139.8404,35.80816]]},"properties":{"name":"八条用水"}},
{"type":"Feature","geometry":{"type":"LineString","coordinates":[[139.84029,35.8086],[139.84039,35.80824]]},"properties":{"name":"八条用水"}},
{"type":"Feature","geometry":{"type":"LineString","coordinates":[[139.84014,35.80913],[139.84029,35.8086]]},"properties":{"name":"八条用水"}},
{"type":"Feature","geometry":{"type":"LineString","coordinates":[[139.84004,35.80952],[139.84014,35.80913]]},"properties":{"name":"八条用水"}},
{"type":"Feature","geometry":{"type":"LineString","coordinates":[[139.84001,35.80965],[139.84004,35.80952]]},"properties":{"name":"八条用水"}},
{"type":"Feature","geometry":{"type":"LineString","coordinates":[[139.83982,35.81033],[139.84001,35.80965]]},"properties":{"name":"八条用水"}},
{"type":"Feature","geometry":{"type":"LineString","coordinates":[[139.83979,35.81045],[139.83982,35.81033]]},"properties":{"name":"八条用水"}},
{"type":"Feature","geometry":{"type":"LineString","coordinates":[[139.83958,35.81123],[139.83979,35.81045]]},"properties":{"name":"八条用水"}},
{"type":"Feature","geometry":{"type":"LineString","coordinates":[[139.83954,35.81134],[139.83958,35.81123]]},"properties":{"name":"八条用水"}},
{"type":"Feature","geometry":{"type":"LineString","coordinates":[[139.83881,35.81244],[139.83954,35.81134]]},"properties":{"name":"八条用水"}},
{"type":"Feature","geometry":{"type":"LineString","coordinates":[[139.83871,35.8126],[139.83876,35.81252]]},"properties":{"name":"八条用水"}},
{"type":"Feature","geometry":{"type":"LineString","coordinates":[[139.83844,35.81301],[139.83851,35.8129]]},"properties":{"name":"八条用水"}},
{"type":"Feature","geometry":{"type":"LineString","coordinates":[[139.72357,35.83596],[139.7233,35.83571]]},"properties":{"name":"笹根川"}},
{"type":"Feature","geometry":{"type":"LineString","coordinates":[[139.7233,35.83571],[139.72307,35.83551]]},"properties":{"name":"笹根川"}},
{"type":"Feature","geometry":{"type":"LineString","coordinates":[[139.72367,35.83605],[139.72357,35.83596]]},"properties":{"name":"笹根川"}},
{"type":"Feature","geometry":{"type":"LineString","coordinates":[[139.06948,36.19693],[139.07004,36.19777],[139.07282,36.19962]]},"properties":{"name":"九郷用水"}},
{"type":"Feature","geometry":{"type":"LineString","coordinates":[[139.06563,36.19071],[139.06553,36.19157]]},"properties":{"name":"九郷用水"}},
{"type":"Feature","geometry":{"type":"LineString","coordinates":[[139.06553,36.19157],[139.06553,36.19158]]},"properties":{"name":"九郷用水"}},
{"type":"Feature","geometry":{"type":"LineString","coordinates":[[139.2556,36.25928],[139.25638,36.25886],[139.25801,36.25843],[139.25926,36.25768],[139.26025,36.25677],[139.26187,36.25502],[139.26251,36.25402],[139.26919,36.24937]]},"properties":{"name":"広瀬川"}},
{"type":"Feature","geometry":{"type":"LineString","coordinates":[[139.26668,36.24945],[139.26919,36.24937],[139.27756,36.2487]]},"properties":{"name":"利根川"}},
{"type":"Feature","geometry":{"type":"LineString","coordinates":[[139.67975,35.84235],[139.67922,35.84232]]},"properties":{"name":"見沼代用水西縁"}},
{"type":"Feature","geometry":{"type":"LineString","coordinates":[[139.68252,35.84246],[139.67975,35.84235]]},"properties":{"name":"見沼代用水西縁"}},
{"type":"Feature","geometry":{"type":"LineString","coordinates":[[139.68478,35.84302],[139.68373,35.84251],[139.68252,35.84246]]},"properties":{"name":"見沼代用水西縁"}},
{"type":"Feature","geometry":{"type":"LineString","coordinates":[[139.68536,35.84259],[139.68478,35.84302]]},"properties":{"name":"見沼代用水西縁"}},
{"type":"Feature","geometry":{"type":"LineString","coordinates":[[139.68695,35.84265],[139.68536,35.84259]]},"properties":{"name":"見沼代用水西縁"}},
{"type":"Feature","geometry":{"type":"LineString","coordinates":[[139.68735,35.84266],[139.68695,35.84265]]},"properties":{"name":"見沼代用水西縁"}},
{"type":"Feature","geometry":{"type":"LineString","coordinates":[[139.69023,35.84466],[139.68909,35.84373]]},"properties":{"name":""}},
{"type":"Feature","geometry":{"type":"LineString","coordinates":[[139.68752,35.84266],[139.68735,35.84266]]},"properties":{"name":"見沼代用水西縁"}},
{"type":"Feature","geometry":{"type":"LineString","coordinates":[[139.68785,35.84272],[139.68752,35.84266]]},"properties":{"name":"見沼代用水西縁"}},
{"type":"Feature","geometry":{"type":"LineString","coordinates":[[139.68909,35.84373],[139.68785,35.84272]]},"properties":{"name":"見沼代用水西縁"}},
{"type":"Feature","geometry":{"type":"LineString","coordinates":[[139.6916,35.8481],[139.6912,35.84784]]},"properties":{"name":"見沼代用水西縁"}},
{"type":"Feature","geometry":{"type":"LineString","coordinates":[[139.69112,35.84692],[139.69112,35.84686],[139.69113,35.84645]]},"properties":{"name":"見沼代用水西縁"}},
{"type":"Feature","geometry":{"type":"LineString","coordinates":[[139.69112,35.84715],[139.69112,35.84692]]},"properties":{"name":"見沼代用水西縁"}},
{"type":"Feature","geometry":{"type":"LineString","coordinates":[[139.69103,35.84724],[139.69112,35.84715]]},"properties":{"name":"見沼代用水西縁"}},
{"type":"Feature","geometry":{"type":"LineString","coordinates":[[139.69112,35.84761],[139.69103,35.84724]]},"properties":{"name":"見沼代用水西縁"}},
{"type":"Feature","geometry":{"type":"LineString","coordinates":[[139.6912,35.84784],[139.69112,35.84761]]},"properties":{"name":"見沼代用水西縁"}},
{"type":"Feature","geometry":{"type":"LineString","coordinates":[[139.87316,35.80449],[139.87368,35.80368]]},"properties":{"name":"二郷半領用水路"}},
{"type":"Feature","geometry":{"type":"LineString","coordinates":[[139.76733,35.87144],[139.76718,35.87126]]},"properties":{"name":"七左ェ門川"}},
{"type":"Feature","geometry":{"type":"LineString","coordinates":[[139.76744,35.87165],[139.76733,35.87144]]},"properties":{"name":"七左ェ門川"}},
{"type":"Feature","geometry":{"type":"LineString","coordinates":[[139.78325,35.86165],[139.78505,35.8608]]},"properties":{"name":"新川都市下水路（末田用水路）"}},
{"type":"Feature","geometry":{"type":"LineString","coordinates":[[139.78505,35.8608],[139.78517,35.86053]]},"properties":{"name":"新川都市下水路（末田用水路）"}},
{"type":"Feature","geometry":{"type":"LineString","coordinates":[[139.78517,35.86053],[139.78524,35.86034]]},"properties":{"name":""}},
{"type":"Feature","geometry":{"type":"LineString","coordinates":[[139.12378,36.26939],[139.12463,36.27079],[139.12665,36.27194],[139.12821,36.27211],[139.1289,36.27249]]},"properties":{"name":"神流川"}},
{"type":"Feature","geometry":{"type":"LineString","coordinates":[[139.11018,36.25889],[139.11196,36.26081],[139.11368,36.26188]]},"properties":{"name":"神流川"}},
{"type":"Feature","geometry":{"type":"LineString","coordinates":[[139.41446,35.87917],[139.41471,35.88034],[139.41582,35.88271]]},"properties":{"name":"入間川"}},
{"type":"Feature","geometry":{"type":"LineString","coordinates":[[139.41898,35.8889],[139.41998,35.88942],[139.4211,35.89189],[139.42203,35.8931]]},"properties":{"name":""}},
{"type":"Feature","geometry":{"type":"LineString","coordinates":[[139.45321,35.91976],[139.45381,35.92175]]},"properties":{"name":""}},
{"type":"Feature","geometry":{"type":"LineString","coordinates":[[139.45165,35.91884],[139.45194,35.91924],[139.45287,35.9195]]},"properties":{"name":""}},
{"type":"Feature","geometry":{"type":"LineString","coordinates":[[139.75531,35.83389],[139.75492,35.83434]]},"properties":{"name":"前野宿川"}},
{"type":"Feature","geometry":{"type":"LineString","coordinates":[[139.75492,35.83434],[139.75485,35.83442]]},"properties":{"name":"前野宿川"}},
{"type":"Feature","geometry":{"type":"LineString","coordinates":[[139.75605,35.83351],[139.75538,35.83381]]},"properties":{"name":"前野宿川"}},
{"type":"Feature","geometry":{"type":"LineString","coordinates":[[139.75538,35.83381],[139.75531,35.83389]]},"properties":{"name":"前野宿川"}},
{"type":"Feature","geometry":{"type":"LineString","coordinates":[[139.75485,35.83442],[139.7543,35.83491]]},"properties":{"name":"前野宿川"}},
{"type":"Feature","geometry":{"type":"LineString","coordinates":[[139.7543,35.83491],[139.75425,35.83495]]},"properties":{"name":"前野宿川"}},
{"type":"Feature","geometry":{"type":"LineString","coordinates":[[139.74899,35.83592],[139.74814,35.83457]]},"properties":{"name":"前野宿川"}},
{"type":"Feature","geometry":{"type":"LineString","coordinates":[[139.75054,35.83693],[139.75035,35.83703]]},"properties":{"name":"前野宿川"}},
{"type":"Feature","geometry":{"type":"LineString","coordinates":[[139.75061,35.83691],[139.75054,35.83693]]},"properties":{"name":"前野宿川"}},
{"type":"Feature","geometry":{"type":"LineString","coordinates":[[139.75035,35.83703],[139.75012,35.83715],[139.74998,35.83688]]},"properties":{"name":"前野宿川"}},
{"type":"Feature","geometry":{"type":"LineString","coordinates":[[139.74998,35.83688],[139.74971,35.83662]]},"properties":{"name":"前野宿川"}},
{"type":"Feature","geometry":{"type":"LineString","coordinates":[[139.74971,35.83662],[139.74906,35.836]]},"properties":{"name":"前野宿川"}},
{"type":"Feature","geometry":{"type":"LineString","coordinates":[[139.74904,35.83597],[139.74899,35.83592]]},"properties":{"name":"前野宿川"}},
{"type":"Feature","geometry":{"type":"LineString","coordinates":[[139.74906,35.836],[139.74904,35.83597]]},"properties":{"name":"前野宿川"}},
{"type":"Feature","geometry":{"type":"LineString","coordinates":[[139.39256,36.15797],[139.39455,36.15719]]},"properties":{"name":"新星川"}},
{"type":"Feature","geometry":{"type":"LineString","coordinates":[[139.39596,36.1567],[139.39727,36.15638]]},"properties":{"name":"新星川"}},
{"type":"Feature","geometry":{"type":"LineString","coordinates":[[139.43744,36.13423],[139.43773,36.13413]]},"properties":{"name":"前谷落"}},
{"type":"Feature","geometry":{"type":"LineString","coordinates":[[139.43773,36.13413],[139.43786,36.13408]]},"properties":{"name":"前谷落"}},
{"type":"Feature","geometry":{"type":"LineString","coordinates":[[139.45064,36.12838],[139.45124,36.12811]]},"properties":{"name":"前谷落"}},
{"type":"Feature","geometry":{"type":"LineString","coordinates":[[139.43786,36.13408],[139.43898,36.13369],[139.44301,36.13177]]},"properties":{"name":"前谷落"}},
{"type":"Feature","geometry":{"type":"LineString","coordinates":[[139.44311,36.13173],[139.44324,36.13167]]},"properties":{"name":"前谷落"}},
{"type":"Feature","geometry":{"type":"LineString","coordinates":[[139.44324,36.13167],[139.44338,36.13161]]},"properties":{"name":"前谷落"}},
{"type":"Feature","geometry":{"type":"LineString","coordinates":[[139.44301,36.13177],[139.44311,36.13173]]},"properties":{"name":"前谷落"}},
{"type":"Feature","geometry":{"type":"LineString","coordinates":[[139.74677,35.82526],[139.74664,35.82503]]},"properties":{"name":"毛長川"}},
{"type":"Feature","geometry":{"type":"LineString","coordinates":[[139.7483,35.83095],[139.74836,35.82969],[139.74797,35.82731],[139.74677,35.82526]]},"properties":{"name":"毛長川"}},
{"type":"Feature","geometry":{"type":"LineString","coordinates":[[139.77986,35.84797],[139.7802,35.84758]]},"properties":{"name":"伝右川"}},
{"type":"Feature","geometry":{"type":"LineString","coordinates":[[139.77918,35.84859],[139.77924,35.84853]]},"properties":{"name":"伝右川"}},
{"type":"Feature","geometry":{"type":"LineString","coordinates":[[139.77924,35.84853],[139.77945,35.84834]]},"properties":{"name":"伝右川"}},
{"type":"Feature","geometry":{"type":"LineString","coordinates":[[139.77945,35.84834],[139.77953,35.84827]]},"properties":{"name":"伝右川"}},
{"type":"Feature","geometry":{"type":"LineString","coordinates":[[139.77953,35.84827],[139.77966,35.84816]]},"properties":{"name":"伝右川"}},
{"type":"Feature","geometry":{"type":"LineString","coordinates":[[139.77966,35.84816],[139.77978,35.84804]]},"properties":{"name":"伝右川"}},
{"type":"Feature","geometry":{"type":"LineString","coordinates":[[139.77978,35.84804],[139.77986,35.84797]]},"properties":{"name":"伝右川"}},
{"type":"Feature","geometry":{"type":"LineString","coordinates":[[139.74445,35.91229],[139.74435,35.9122]]},"properties":{"name":"末田落し"}},
{"type":"Feature","geometry":{"type":"LineString","coordinates":[[139.742,35.91691],[139.74291,35.91519]]},"properties":{"name":"末田落し"}},
{"type":"Feature","geometry":{"type":"LineString","coordinates":[[139.74291,35.91519],[139.74294,35.91513]]},"properties":{"name":"末田落し"}},
{"type":"Feature","geometry":{"type":"LineString","coordinates":[[139.74294,35.91513],[139.74341,35.91424]]},"properties":{"name":"末田落し"}},
{"type":"Feature","geometry":{"type":"LineString","coordinates":[[139.74341,35.91424],[139.74344,35.91418]]},"properties":{"name":"末田落し"}},
{"type":"Feature","geometry":{"type":"LineString","coordinates":[[139.74344,35.91418],[139.74374,35.91361]]},"properties":{"name":"末田落し"}},
{"type":"Feature","geometry":{"type":"LineString","coordinates":[[139.74374,35.91361],[139.7438,35.91351]]},"properties":{"name":"末田落し"}},
{"type":"Feature","geometry":{"type":"LineString","coordinates":[[139.19674,36.11965],[139.19699,36.11932]]},"properties":{"name":""}},
{"type":"Feature","geometry":{"type":"LineString","coordinates":[[139.19699,36.11932],[139.19741,36.11922]]},"properties":{"name":""}},
{"type":"Feature","geometry":{"type":"LineString","coordinates":[[139.80869,35.88351],[139.81222,35.88054],[139.81326,35.87962]]},"properties":{"name":"八条用水"}},
{"type":"Feature","geometry":{"type":"LineString","coordinates":[[139.80832,35.88381],[139.80869,35.88351]]},"properties":{"name":"八条用水"}},
{"type":"Feature","geometry":{"type":"LineString","coordinates":[[139.61784,35.79249],[139.61751,35.79279]]},"properties":{"name":"谷中川"}},
{"type":"Feature","geometry":{"type":"LineString","coordinates":[[139.75935,35.8731],[139.75949,35.87249],[139.76007,35.87192]]},"properties":{"name":""}},
{"type":"Feature","geometry":{"type":"LineString","coordinates":[[139.42686,36.09324],[139.42846,36.09283]]},"properties":{"name":"和田吉野川"}},
{"type":"Feature","geometry":{"type":"LineString","coordinates":[[139.42672,36.09323],[139.42686,36.09324]]},"properties":{"name":"和田吉野川"}},
{"type":"Feature","geometry":{"type":"LineString","coordinates":[[139.37515,36.13659],[139.37757,36.13673],[139.37982,36.13578],[139.38223,36.13495],[139.38338,36.13433],[139.38406,36.13421],[139.38535,36.13347]]},"properties":{"name":"荒川"}},
{"type":"Feature","geometry":{"type":"LineString","coordinates":[[139.42478,36.21145],[139.43086,36.20611]]},"properties":{"name":"利根川"}},
{"type":"Feature","geometry":{"type":"LineString","coordinates":[[139.74685,35.88393],[139.74741,35.88298]]},"properties":{"name":""}},
{"type":"Feature","geometry":{"type":"LineString","coordinates":[[139.34636,36.16411],[139.34661,36.16439]]},"properties":{"name":"玉井用水"}},
{"type":"Feature","geometry":{"type":"LineString","coordinates":[[139.34661,36.16439],[139.34664,36.16442]]},"properties":{"name":"玉井用水"}},
{"type":"Feature","geometry":{"type":"LineString","coordinates":[[139.25089,35.95984],[139.25147,35.95947],[139.2518,35.95885],[139.25293,35.95838],[139.25386,35.95875],[139.25535,35.95911],[139.25625,35.95974],[139.25676,35.96058],[139.25768,35.96157],[139.25831,35.96197],[139.25876,35.96307]]},"properties":{"name":""}},
{"type":"Feature","geometry":{"type":"LineString","coordinates":[[139.77801,36.08243],[139.77984,36.08257]]},"properties":{"name":"中川上流放水路"}},
{"type":"Feature","geometry":{"type":"LineString","coordinates":[[139.77539,36.082],[139.77801,36.08243]]},"properties":{"name":"中川上流放水路"}},
{"type":"Feature","geometry":{"type":"LineString","coordinates":[[139.80019,35.85557],[139.80062,35.85455]]},"properties":{"name":""}},
{"type":"Feature","geometry":{"type":"LineString","coordinates":[[139.80006,35.85593],[139.80019,35.85557]]},"properties":{"name":"蒲生愛宕川"}},
{"type":"Feature","geometry":{"type":"LineString","coordinates":[[139.82693,35.98421],[139.82618,35.98406]]},"properties":{"name":"くり堀川"}},
{"type":"Feature","geometry":{"type":"LineString","coordinates":[[139.8665,35.86506],[139.86661,35.86508]]},"properties":{"name":"半田川"}},
{"type":"Feature","geometry":{"type":"LineString","coordinates":[[139.86299,35.86434],[139.8665,35.86506]]},"properties":{"name":"半田川"}},
{"type":"Feature","geometry":{"type":"LineString","coordinates":[[139.87856,35.86465],[139.87866,35.86465]]},"properties":{"name":"半田川"}},
{"type":"Feature","geometry":{"type":"LineString","coordinates":[[139.87866,35.86465],[139.87879,35.86464]]},"properties":{"name":"半田川"}},
{"type":"Feature","geometry":{"type":"LineString","coordinates":[[139.38223,36.144],[139.38309,36.14374]]},"properties":{"name":"星川"}},
{"type":"Feature","geometry":{"type":"LineString","coordinates":[[139.38309,36.14374],[139.38335,36.14366]]},"properties":{"name":"忍川"}},
{"type":"Feature","geometry":{"type":"LineString","coordinates":[[139.38335,36.14366],[139.38468,36.14326]]},"properties":{"name":"星川"}},
{"type":"Feature","geometry":{"type":"LineString","coordinates":[[139.38468,36.14326],[139.3848,36.14322]]},"properties":{"name":"星川"}},
{"type":"Feature","geometry":{"type":"LineString","coordinates":[[139.54807,35.93653],[139.54576,35.93609],[139.54435,35.93516],[139.54171,35.93557],[139.54144,35.93581]]},"properties":{"name":"上尾中堀川"}},
{"type":"Feature","geometry":{"type":"LineString","coordinates":[[139.54817,35.93656],[139.54807,35.93653]]},"properties":{"name":"上尾中堀川"}},
{"type":"Feature","geometry":{"type":"LineString","coordinates":[[139.35498,36.22291],[139.35673,36.2227],[139.35912,36.22269],[139.36075,36.22276],[139.36164,36.22251],[139.36511,36.22111]]},"properties":{"name":"備前渠（備前渠川・備前渠用水路）"}},
{"type":"Feature","geometry":{"type":"LineString","coordinates":[[139.35459,36.22296],[139.35498,36.22291]]},"properties":{"name":"備前渠（備前渠川・備前渠用水路）"}},
{"type":"Feature","geometry":{"type":"LineString","coordinates":[[139.32862,36.0351],[139.32957,36.03504],[139.33058,36.03431],[139.33008,36.03296]]},"properties":{"name":""}},
{"type":"Feature","geometry":{"type":"LineString","coordinates":[[139.31579,36.03495],[139.31621,36.03489],[139.31738,36.03413],[139.31802,36.03407],[139.31862,36.03346],[139.31907,36.03348],[139.31961,36.03232]]},"properties":{"name":""}},
{"type":"Feature","geometry":{"type":"LineString","coordinates":[[139.38862,36.14206],[139.38988,36.14168]]},"properties":{"name":"星川"}},
{"type":"Feature","geometry":{"type":"LineString","coordinates":[[139.3885,36.1421],[139.38862,36.14206]]},"properties":{"name":"星川"}},
{"type":"Feature","geometry":{"type":"LineString","coordinates":[[139.60781,35.94474],[139.60673,35.9455]]},"properties":{"name":"逆川"}},
{"type":"Feature","geometry":{"type":"LineString","coordinates":[[139.60818,35.94401],[139.60781,35.94474]]},"properties":{"name":"逆川"}},
{"type":"Feature","geometry":{"type":"LineString","coordinates":[[139.72865,36.04813],[139.72873,36.04815]]},"properties":{"name":""}},
{"type":"Feature","geometry":{"type":"LineString","coordinates":[[139.72873,36.04815],[139.72881,36.04818]]},"properties":{"name":"安戸落悪水路"}},
{"type":"Feature","geometry":{"type":"LineString","coordinates":[[139.84012,35.80678],[139.84002,35.80551]]},"properties":{"name":"南部葛西用水"}},
{"type":"Feature","geometry":{"type":"LineString","coordinates":[[139.04904,36.15242],[139.04912,36.15243]]},"properties":{"name":"神流川"}},
{"type":"Feature","geometry":{"type":"LineString","coordinates":[[139.04895,36.15242],[139.04904,36.15242]]},"properties":{"name":"神流川"}},
{"type":"Feature","geometry":{"type":"LineString","coordinates":[[139.22827,36.13022],[139.22924,36.12992],[139.2312,36.13112],[139.23168,36.13116],[139.23512,36.13053],[139.23555,36.13039],[139.23754,36.12931],[139.2379,36.12923],[139.24262,36.12929],[139.24459,36.12953],[139.24581,36.12989],[139.24674,36.13049]]},"properties":{"name":"蟹沢排水路"}},
{"type":"Feature","geometry":{"type":"LineString","coordinates":[[139.24674,36.13049],[139.24694,36.13063]]},"properties":{"name":"蟹沢排水路"}},
{"type":"Feature","geometry":{"type":"LineString","coordinates":[[139.24694,36.13063],[139.24782,36.13122],[139.24833,36.13127]]},"properties":{"name":"蟹沢排水路"}},
{"type":"Feature","geometry":{"type":"LineString","coordinates":[[139.24833,36.13127],[139.24842,36.13124]]},"properties":{"name":"蟹沢排水路"}},
{"type":"Feature","geometry":{"type":"LineString","coordinates":[[139.26065,36.13389],[139.26037,36.13358],[139.26051,36.13266],[139.26131,36.13264],[139.26187,36.13302],[139.26394,36.13268]]},"properties":{"name":"蟹沢排水路"}},
{"type":"Feature","geometry":{"type":"LineString","coordinates":[[139.26062,36.134],[139.26065,36.13389]]},"properties":{"name":"蟹沢排水路"}},
{"type":"Feature","geometry":{"type":"LineString","coordinates":[[139.24955,36.11237],[139.2502,36.11269]]},"properties":{"name":"新吉野川"}},
{"type":"Feature","geometry":{"type":"LineString","coordinates":[[139.24927,36.11225],[139.24955,36.11237]]},"properties":{"name":"新吉野川"}},
{"type":"Feature","geometry":{"type":"LineString","coordinates":[[139.23488,36.11833],[139.23723,36.11818],[139.23942,36.11818],[139.24089,36.11837]]},"properties":{"name":"荒川"}},
{"type":"Feature","geometry":{"type":"LineString","coordinates":[[139.23877,36.10237],[139.23931,36.10271],[139.2393,36.10373],[139.23956,36.10475],[139.2399,36.10513]]},"properties":{"name":"吉野川"}},
{"type":"Feature","geometry":{"type":"LineString","coordinates":[[139.2399,36.10513],[139.24,36.1052]]},"properties":{"name":"吉野川"}},
{"type":"Feature","geometry":{"type":"LineString","coordinates":[[139.24,36.1052],[139.24119,36.10589]]},"properties":{"name":"吉野川"}},
{"type":"Feature","geometry":{"type":"LineString","coordinates":[[139.24119,36.10589],[139.24131,36.10595]]},"properties":{"name":"吉野川"}},
{"type":"Feature","geometry":{"type":"LineString","coordinates":[[139.25924,36.22385],[139.25937,36.22348]]},"properties":{"name":"備前渠（備前渠川・備前渠用水路）"}},
{"type":"Feature","geometry":{"type":"LineString","coordinates":[[139.25937,36.22348],[139.25941,36.22332]]},"properties":{"name":"備前渠（備前渠川・備前渠用水路）"}},
{"type":"Feature","geometry":{"type":"LineString","coordinates":[[139.27982,36.2236],[139.27965,36.22313]]},"properties":{"name":"清水川"}},
{"type":"Feature","geometry":{"type":"LineString","coordinates":[[139.2799,36.2238],[139.27982,36.2236]]},"properties":{"name":"清水川"}},
{"type":"Feature","geometry":{"type":"LineString","coordinates":[[139.59165,35.94045],[139.59405,35.93905],[139.59481,35.93802],[139.59597,35.93685],[139.59765,35.93636]]},"properties":{"name":"浅間川"}},
{"type":"Feature","geometry":{"type":"LineString","coordinates":[[139.58978,35.94274],[139.59049,35.94141]]},"properties":{"name":"浅間川"}},
{"type":"Feature","geometry":{"type":"LineString","coordinates":[[139.58704,35.94532],[139.58721,35.94532]]},"properties":{"name":"浅間川"}},
{"type":"Feature","geometry":{"type":"LineString","coordinates":[[139.58721,35.94532],[139.58836,35.94494]]},"properties":{"name":"浅間川"}},
{"type":"Feature","geometry":{"type":"LineString","coordinates":[[139.59049,35.94141],[139.59069,35.94107],[139.59165,35.94045]]},"properties":{"name":"浅間川"}},
{"type":"Feature","geometry":{"type":"LineString","coordinates":[[139.5817,35.9441],[139.58245,35.94432],[139.58471,35.94524],[139.58532,35.94534],[139.58704,35.94532]]},"properties":{"name":"浅間川"}},
{"type":"Feature","geometry":{"type":"LineString","coordinates":[[139.58105,35.94377],[139.5817,35.9441]]},"properties":{"name":"浅間川"}},
{"type":"Feature","geometry":{"type":"LineString","coordinates":[[139.58836,35.94494],[139.58956,35.94306]]},"properties":{"name":"浅間川"}},
{"type":"Feature","geometry":{"type":"LineString","coordinates":[[139.58956,35.94306],[139.58978,35.94274]]},"properties":{"name":"浅間川"}},
{"type":"Feature","geometry":{"type":"LineString","coordinates":[[139.58016,35.93876],[139.58017,35.93771]]},"properties":{"name":""}},
{"type":"Feature","geometry":{"type":"LineString","coordinates":[[139.58117,35.94102],[139.58116,35.94065]]},"properties":{"name":""}},
{"type":"Feature","geometry":{"type":"LineString","coordinates":[[139.58116,35.94065],[139.58116,35.94053]]},"properties":{"name":""}},
{"type":"Feature","geometry":{"type":"LineString","coordinates":[[139.58116,35.94053],[139.58111,35.93912]]},"properties":{"name":""}},
{"type":"Feature","geometry":{"type":"LineString","coordinates":[[139.58111,35.93912],[139.58111,35.93904]]},"properties":{"name":""}},
{"type":"Feature","geometry":{"type":"LineString","coordinates":[[139.58111,35.93904],[139.58029,35.93876]]},"properties":{"name":""}},
{"type":"Feature","geometry":{"type":"LineString","coordinates":[[139.58029,35.93876],[139.58016,35.93876]]},"properties":{"name":""}},
{"type":"Feature","geometry":{"type":"LineString","coordinates":[[139.58017,35.93757],[139.58017,35.93738]]},"properties":{"name":""}},
{"type":"Feature","geometry":{"type":"LineString","coordinates":[[139.58017,35.93771],[139.58017,35.93757]]},"properties":{"name":""}},
{"type":"Feature","geometry":{"type":"LineString","coordinates":[[139.5803,35.93738],[139.58062,35.93738]]},"properties":{"name":""}},
{"type":"Feature","geometry":{"type":"LineString","coordinates":[[139.58017,35.93738],[139.5803,35.93738]]},"properties":{"name":""}},
{"type":"Feature","geometry":{"type":"LineString","coordinates":[[139.58062,35.93738],[139.58062,35.93728]]},"properties":{"name":"滝沼川"}},
{"type":"Feature","geometry":{"type":"LineString","coordinates":[[139.58062,35.93728],[139.58063,35.93573]]},"properties":{"name":"滝沼川"}},
{"type":"Feature","geometry":{"type":"LineString","coordinates":[[139.58063,35.93573],[139.58063,35.93561]]},"properties":{"name":"滝沼川"}},
{"type":"Feature","geometry":{"type":"LineString","coordinates":[[139.58063,35.93561],[139.58064,35.93513]]},"properties":{"name":"滝沼川"}},
{"type":"Feature","geometry":{"type":"LineString","coordinates":[[139.58064,35.93513],[139.58064,35.93506]]},"properties":{"name":"滝沼川"}},
{"type":"Feature","geometry":{"type":"LineString","coordinates":[[139.44027,36.01378],[139.44065,36.01446]]},"properties":{"name":"新江川"}},
{"type":"Feature","geometry":{"type":"LineString","coordinates":[[139.44015,36.01354],[139.44027,36.01378]]},"properties":{"name":"新江川"}},
{"type":"Feature","geometry":{"type":"LineString","coordinates":[[139.44014,36.01353],[139.44015,36.01354]]},"properties":{"name":"新江川"}},
{"type":"Feature","geometry":{"type":"LineString","coordinates":[[139.11461,36.09916],[139.11488,36.10008],[139.11472,36.1003],[139.11352,36.10033]]},"properties":{"name":"荒川"}},
{"type":"Feature","geometry":{"type":"LineString","coordinates":[[138.90953,35.9415],[138.91008,35.94192]]},"properties":{"name":"荒川"}},
{"type":"Feature","geometry":{"type":"LineString","coordinates":[[138.91461,35.92882],[138.91438,35.92915],[138.91341,35.92946],[138.91253,35.9304],[138.91236,35.93127],[138.91203,35.93157],[138.91038,35.93118],[138.90925,35.93196]]},"properties":{"name":"大洞川"}},
{"type":"Feature","geometry":{"type":"LineString","coordinates":[[138.88476,35.94194],[138.88606,35.942],[138.88823,35.94139],[138.89167,35.94104],[138.89513,35.94122],[138.89697,35.941],[138.89899,35.94112],[138.90219,35.94096],[138.90407,35.94059],[138.9053,35.93974],[138.9063,35.93962],[138.90953,35.9415]]},"properties":{"name":""}},
{"type":"Feature","geometry":{"type":"LineString","coordinates":[[139.79686,35.88777],[139.79747,35.88723],[139.79952,35.88571],[139.80076,35.88283],[139.80239,35.87925],[139.80317,35.87739]]},"properties":{"name":"南部葛西用水"}},
{"type":"Feature","geometry":{"type":"LineString","coordinates":[[139.80317,35.87739],[139.8039,35.87567]]},"properties":{"name":"南部葛西用水"}},
{"type":"Feature","geometry":{"type":"LineString","coordinates":[[139.7652,36.08096],[139.76506,36.08053]]},"properties":{"name":"五霞落川"}},
{"type":"Feature","geometry":{"type":"LineString","coordinates":[[139.76641,36.07915],[139.76684,36.07882]]},"properties":{"name":""}},
{"type":"Feature","geometry":{"type":"LineString","coordinates":[[139.50114,36.14029],[139.50166,36.13851],[139.50238,36.13763],[139.50417,36.1368],[139.50544,36.13663],[139.51013,36.13675],[139.51121,36.13635]]},"properties":{"name":"見沼代用水"}},
{"type":"Feature","geometry":{"type":"LineString","coordinates":[[139.50114,36.14032],[139.50114,36.14029]]},"properties":{"name":"見沼代用水"}},
{"type":"Feature","geometry":{"type":"LineString","coordinates":[[139.62969,35.94894],[139.62968,35.94894]]},"properties":{"name":"芝川"}},
{"type":"Feature","geometry":{"type":"LineString","coordinates":[[139.62968,35.94894],[139.62969,35.94894],[139.6298,35.94896]]},"properties":{"name":"芝川"}},
{"type":"Feature","geometry":{"type":"LineString","coordinates":[[139.62632,35.95155],[139.62678,35.95074]]},"properties":{"name":"芝川"}},
{"type":"Feature","geometry":{"type":"LineString","coordinates":[[139.62627,35.95165],[139.62632,35.95155]]},"properties":{"name":"芝川"}},
{"type":"Feature","geometry":{"type":"LineString","coordinates":[[139.71394,36.04498],[139.71486,36.04378]]},"properties":{"name":""}},
{"type":"Feature","geometry":{"type":"LineString","coordinates":[[139.708,36.05428],[139.70738,36.05311],[139.7093,36.05014],[139.71092,36.04806],[139.71394,36.04498]]},"properties":{"name":""}},
{"type":"Feature","geometry":{"type":"LineString","coordinates":[[139.274,36.1677],[139.27463,36.16762]]},"properties":{"name":"唐沢川"}},
{"type":"Feature","geometry":{"type":"LineString","coordinates":[[139.27463,36.16762],[139.2747,36.16766]]},"properties":{"name":"唐沢川"}},
{"type":"Feature","geometry":{"type":"LineString","coordinates":[[139.2747,36.16766],[139.27544,36.16752],[139.2762,36.16805]]},"properties":{"name":"唐沢川"}},
{"type":"Feature","geometry":{"type":"LineString","coordinates":[[139.2762,36.16805],[139.27631,36.16812]]},"properties":{"name":"唐沢川"}},
{"type":"Feature","geometry":{"type":"LineString","coordinates":[[139.45303,36.12728],[139.45405,36.1268]]},"properties":{"name":"前谷落"}},
{"type":"Feature","geometry":{"type":"LineString","coordinates":[[139.45405,36.1268],[139.45433,36.12668]]},"properties":{"name":"前谷落"}},
{"type":"Feature","geometry":{"type":"LineString","coordinates":[[139.44824,36.12946],[139.45064,36.12838]]},"properties":{"name":"前谷落"}},
{"type":"Feature","geometry":{"type":"LineString","coordinates":[[139.44793,36.12961],[139.44824,36.12946]]},"properties":{"name":"前谷落"}},
{"type":"Feature","geometry":{"type":"LineString","coordinates":[[139.62605,35.78241],[139.62788,35.7842]]},"properties":{"name":"白子川"}},
{"type":"Feature","geometry":{"type":"LineString","coordinates":[[139.62584,35.7822],[139.62605,35.78241]]},"properties":{"name":"白子川"}},
{"type":"Feature","geometry":{"type":"LineString","coordinates":[[139.57368,35.90412],[139.57578,35.90249]]},"properties":{"name":"新川"}},
{"type":"Feature","geometry":{"type":"LineString","coordinates":[[139.57578,35.90249],[139.57583,35.90245]]},"properties":{"name":"新川"}},
{"type":"Feature","geometry":{"type":"LineString","coordinates":[[139.42044,35.87269],[139.42052,35.87272]]},"properties":{"name":"赤間川"}},
{"type":"Feature","geometry":{"type":"LineString","coordinates":[[139.4203,35.87265],[139.42044,35.87269]]},"properties":{"name":"赤間川"}},
{"type":"Feature","geometry":{"type":"LineString","coordinates":[[139.42052,35.87272],[139.42146,35.87305],[139.42329,35.8734],[139.42395,35.8738],[139.42458,35.87482],[139.42585,35.87558],[139.42731,35.87717],[139.42807,35.87786],[139.42943,35.87965]]},"properties":{"name":"赤間川"}},
{"type":"Feature","geometry":{"type":"LineString","coordinates":[[139.4304,35.88039],[139.43069,35.88052]]},"properties":{"name":"赤間川"}},
{"type":"Feature","geometry":{"type":"LineString","coordinates":[[139.42984,35.87999],[139.4304,35.88039]]},"properties":{"name":"赤間川"}},
{"type":"Feature","geometry":{"type":"LineString","coordinates":[[139.42943,35.87965],[139.42984,35.87999]]},"properties":{"name":"赤間川"}},
{"type":"Feature","geometry":{"type":"LineString","coordinates":[[139.43399,35.89006],[139.43402,35.89007]]},"properties":{"name":""}},
{"type":"Feature","geometry":{"type":"LineString","coordinates":[[139.45355,35.90028],[139.45389,35.90085]]},"properties":{"name":"赤間川"}},
{"type":"Feature","geometry":{"type":"LineString","coordinates":[[139.45389,35.90085],[139.45452,35.90108]]},"properties":{"name":"赤間川"}},
{"type":"Feature","geometry":{"type":"LineString","coordinates":[[139.44923,35.89408],[139.44926,35.89413]]},"properties":{"name":"赤間川"}},
{"type":"Feature","geometry":{"type":"LineString","coordinates":[[139.44523,35.89086],[139.44619,35.89123],[139.44761,35.89256]]},"properties":{"name":"赤間川"}},
{"type":"Feature","geometry":{"type":"LineString","coordinates":[[139.44519,35.89081],[139.44523,35.89086]]},"properties":{"name":"赤間川"}},
{"type":"Feature","geometry":{"type":"LineString","coordinates":[[139.4459,35.80874],[139.44634,35.80876]]},"properties":{"name":"砂川堀"}},
{"type":"Feature","geometry":{"type":"LineString","coordinates":[[139.39341,35.8097],[139.39357,35.80973]]},"properties":{"name":"不老川"}},
{"type":"Feature","geometry":{"type":"LineString","coordinates":[[139.39357,35.80973],[139.39617,35.81024],[139.39669,35.81071],[139.39674,35.81192],[139.39709,35.81233]]},"properties":{"name":"不老川"}},
{"type":"Feature","geometry":{"type":"LineString","coordinates":[[139.39709,35.81233],[139.39736,35.81254]]},"properties":{"name":"不老川"}},
{"type":"Feature","geometry":{"type":"LineString","coordinates":[[139.40197,35.82072],[139.40318,35.82212],[139.40541,35.82374]]},"properties":{"name":"不老川"}},
{"type":"Feature","geometry":{"type":"LineString","coordinates":[[139.40185,35.82058],[139.40197,35.82072]]},"properties":{"name":"不老川"}},
{"type":"Feature","geometry":{"type":"LineString","coordinates":[[139.47262,35.91537],[139.47232,35.9172]]},"properties":{"name":"新河岸川"}},
{"type":"Feature","geometry":{"type":"LineString","coordinates":[[139.47232,35.9172],[139.47232,35.9173]]},"properties":{"name":"新河岸川"}},
{"type":"Feature","geometry":{"type":"LineString","coordinates":[[139.46269,35.90631],[139.46276,35.90633]]},"properties":{"name":"赤間川"}},
{"type":"Feature","geometry":{"type":"LineString","coordinates":[[139.45452,35.90108],[139.45505,35.90161],[139.45565,35.90171],[139.45739,35.90261],[139.45811,35.90287]]},"properties":{"name":"赤間川"}},
{"type":"Feature","geometry":{"type":"LineString","coordinates":[[139.45811,35.90287],[139.45818,35.90293]]},"properties":{"name":"赤間川"}},
{"type":"Feature","geometry":{"type":"LineString","coordinates":[[139.4523,35.89874],[139.45279,35.8992],[139.45355,35.90028]]},"properties":{"name":"赤間川"}},
{"type":"Feature","geometry":{"type":"LineString","coordinates":[[139.45228,35.89872],[139.4523,35.89874]]},"properties":{"name":"赤間川"}},
{"type":"Feature","geometry":{"type":"LineString","coordinates":[[139.44528,35.89042],[139.44519,35.89081]]},"properties":{"name":"赤間川"}},
{"type":"Feature","geometry":{"type":"LineString","coordinates":[[139.44518,35.89008],[139.44528,35.89042]]},"properties":{"name":"赤間川"}},
{"type":"Feature","geometry":{"type":"LineString","coordinates":[[139.44824,35.893],[139.44923,35.89408]]},"properties":{"name":"赤間川"}},
{"type":"Feature","geometry":{"type":"LineString","coordinates":[[139.44761,35.89256],[139.44765,35.89261]]},"properties":{"name":"赤間川"}},
{"type":"Feature","geometry":{"type":"LineString","coordinates":[[139.44765,35.89261],[139.44797,35.89286]]},"properties":{"name":"赤間川"}},
{"type":"Feature","geometry":{"type":"LineString","coordinates":[[139.44818,35.89296],[139.44824,35.893]]},"properties":{"name":"赤間川"}},
{"type":"Feature","geometry":{"type":"LineString","coordinates":[[139.44802,35.89288],[139.44818,35.89296]]},"properties":{"name":"赤間川"}},
{"type":"Feature","geometry":{"type":"LineString","coordinates":[[139.44797,35.89286],[139.44802,35.89288]]},"properties":{"name":"赤間川"}},
{"type":"Feature","geometry":{"type":"LineString","coordinates":[[139.45002,35.89654],[139.45147,35.8971],[139.45172,35.89784],[139.45228,35.89872]]},"properties":{"name":"赤間川"}},
{"type":"Feature","geometry":{"type":"LineString","coordinates":[[139.44993,35.89651],[139.45002,35.89654]]},"properties":{"name":"赤間川"}},
{"type":"Feature","geometry":{"type":"LineString","coordinates":[[139.41808,35.94785],[139.41955,35.94839]]},"properties":{"name":"大谷川"}},
{"type":"Feature","geometry":{"type":"LineString","coordinates":[[139.41763,35.94761],[139.41808,35.94785]]},"properties":{"name":"大谷川"}},
{"type":"Feature","geometry":{"type":"LineString","coordinates":[[139.89117,35.82276],[139.88995,35.82222],[139.88901,35.82148]]},"properties":{"name":"坂川放水路"}},
{"type":"Feature","geometry":{"type":"LineString","coordinates":[[139.88722,35.83587],[139.8896,35.83568]]},"properties":{"name":""}},
{"type":"Feature","geometry":{"type":"LineString","coordinates":[[139.8841,35.83628],[139.88447,35.83612]]},"properties":{"name":""}},
{"type":"Feature","geometry":{"type":"LineString","coordinates":[[139.88374,35.81819],[139.88374,35.81781]]},"properties":{"name":"大場川"}},
{"type":"Feature","geometry":{"type":"LineString","coordinates":[[139.88374,35.81819],[139.88385,35.81814]]},"properties":{"name":"大場川"}},
{"type":"Feature","geometry":{"type":"LineString","coordinates":[[139.09563,36.1556],[139.09519,36.15617],[139.09499,36.15695],[139.09559,36.15748],[139.09621,36.15743],[139.09791,36.15683],[139.09817,36.15689]]},"properties":{"name":"小山川"}},
{"type":"Feature","geometry":{"type":"LineString","coordinates":[[139.19571,36.19258],[139.19627,36.19396]]},"properties":{"name":"志戸川"}},
{"type":"Feature","geometry":{"type":"LineString","coordinates":[[139.23769,36.01509],[139.23844,36.01437],[139.23906,36.01442],[139.2392,36.01395]]},"properties":{"name":"後野川"}},
{"type":"Feature","geometry":{"type":"LineString","coordinates":[[139.2392,36.01395],[139.23921,36.01381]]},"properties":{"name":"後野川"}},
{"type":"Feature","geometry":{"type":"LineString","coordinates":[[139.23921,36.01381],[139.23963,36.01324],[139.24023,36.01191]]},"properties":{"name":"後野川"}},
{"type":"Feature","geometry":{"type":"LineString","coordinates":[[139.24023,36.01191],[139.24039,36.01183]]},"properties":{"name":"後野川"}},
{"type":"Feature","geometry":{"type":"LineString","coordinates":[[139.277,35.98343],[139.27726,35.98322]]},"properties":{"name":"渋沢川"}},
{"type":"Feature","geometry":{"type":"LineString","coordinates":[[139.27726,35.98322],[139.27735,35.98315]]},"properties":{"name":"渋沢川"}},
{"type":"Feature","geometry":{"type":"LineString","coordinates":[[139.27735,35.98315],[139.27796,35.9828],[139.27938,35.98292],[139.28028,35.98316],[139.28232,35.98297],[139.2827,35.98311],[139.28423,35.98281],[139.28446,35.98245],[139.28539,35.98183]]},"properties":{"name":"渋沢川"}},
{"type":"Feature","geometry":{"type":"LineString","coordinates":[[139.28539,35.98183],[139.28544,35.98178]]},"properties":{"name":"渋沢川"}},
{"type":"Feature","geometry":{"type":"LineString","coordinates":[[139.28544,35.98178],[139.28583,35.98015]]},"properties":{"name":"渋沢川"}},
{"type":"Feature","geometry":{"type":"LineString","coordinates":[[139.28583,35.98015],[139.28586,35.98006]]},"properties":{"name":"渋沢川"}},
{"type":"Feature","geometry":{"type":"LineString","coordinates":[[139.29074,35.97505],[139.29177,35.97311]]},"properties":{"name":"渋沢川"}},
{"type":"Feature","geometry":{"type":"LineString","coordinates":[[139.29065,35.97524],[139.29074,35.97505]]},"properties":{"name":"渋沢川"}},
{"type":"Feature","geometry":{"type":"LineString","coordinates":[[139.40242,35.97046],[139.40269,35.97242],[139.40083,35.97491],[139.40069,35.97695]]},"properties":{"name":"飯盛川"}},
{"type":"Feature","geometry":{"type":"LineString","coordinates":[[139.40246,35.97005],[139.40242,35.97046]]},"properties":{"name":"飯盛川"}},
{"type":"Feature","geometry":{"type":"LineString","coordinates":[[139.63888,35.92686],[139.63862,35.92616],[139.63817,35.92577]]},"properties":{"name":"見沼代用水西縁"}},
{"type":"Feature","geometry":{"type":"LineString","coordinates":[[139.63817,35.92577],[139.63803,35.92565]]},"properties":{"name":"見沼代用水西縁"}},
{"type":"Feature","geometry":{"type":"LineString","coordinates":[[139.17907,35.87128],[139.17958,35.87124]]},"properties":{"name":"有間川"}},
{"type":"Feature","geometry":{"type":"LineString","coordinates":[[139.49173,36.05665],[139.49161,36.05597]]},"properties":{"name":""}},
{"type":"Feature","geometry":{"type":"LineString","coordinates":[[139.49175,36.0568],[139.49173,36.05665]]},"properties":{"name":""}},
{"type":"Feature","geometry":{"type":"LineString","coordinates":[[139.47974,36.08988],[139.47977,36.08805]]},"properties":{"name":""}},
{"type":"Feature","geometry":{"type":"LineString","coordinates":[[139.47977,36.08805],[139.47974,36.08725]]},"properties":{"name":""}},
{"type":"Feature","geometry":{"type":"LineString","coordinates":[[139.47968,36.09036],[139.47974,36.08988]]},"properties":{"name":""}},
{"type":"Feature","geometry":{"type":"LineString","coordinates":[[139.47885,36.09938],[139.47858,36.09893]]},"properties":{"name":""}},
{"type":"Feature","geometry":{"type":"LineString","coordinates":[[139.86578,35.85734],[139.86642,35.85741]]},"properties":{"name":"彦成川"}},
{"type":"Feature","geometry":{"type":"LineString","coordinates":[[139.39099,36.01548],[139.39237,36.01494],[139.39519,36.01466]]},"properties":{"name":"都幾川"}},
{"type":"Feature","geometry":{"type":"LineString","coordinates":[[139.83667,35.8087],[139.8368,35.80864]]},"properties":{"name":"南部葛西用水"}},
{"type":"Feature","geometry":{"type":"LineString","coordinates":[[139.84002,35.80551],[139.83997,35.80489]]},"properties":{"name":"南部葛西用水"}},
{"type":"Feature","geometry":{"type":"LineString","coordinates":[[139.84843,35.79783],[139.84683,35.79638]]},"properties":{"name":"中川"}},
{"type":"Feature","geometry":{"type":"LineString","coordinates":[[139.82977,35.81748],[139.83032,35.81261],[139.83038,35.81243]]},"properties":{"name":"南部葛西用水"}},
{"type":"Feature","geometry":{"type":"LineString","coordinates":[[139.83038,35.81243],[139.83191,35.81175]]},"properties":{"name":"南部葛西用水"}},
{"type":"Feature","geometry":{"type":"LineString","coordinates":[[139.8368,35.80864],[139.83988,35.80694],[139.84012,35.80678]]},"properties":{"name":"南部葛西用水"}},
{"type":"Feature","geometry":{"type":"LineString","coordinates":[[139.83876,35.81252],[139.83881,35.81244]]},"properties":{"name":"八条用水"}},
{"type":"Feature","geometry":{"type":"LineString","coordinates":[[139.82924,35.8215],[139.82977,35.81748]]},"properties":{"name":"南部葛西用水"}},
{"type":"Feature","geometry":{"type":"LineString","coordinates":[[139.82873,35.8253],[139.82924,35.8215]]},"properties":{"name":"南部葛西用水"}},
{"type":"Feature","geometry":{"type":"LineString","coordinates":[[139.82832,35.82828],[139.82873,35.8253]]},"properties":{"name":"南部葛西用水"}},
{"type":"Feature","geometry":{"type":"LineString","coordinates":[[139.82813,35.82964],[139.82832,35.82828]]},"properties":{"name":"南部葛西用水"}},
{"type":"Feature","geometry":{"type":"LineString","coordinates":[[139.82358,35.84965],[139.82409,35.84909],[139.82443,35.84786],[139.82521,35.84668],[139.82599,35.84597],[139.8263,35.84346],[139.82688,35.83941],[139.82738,35.83526],[139.82813,35.82964]]},"properties":{"name":"南部葛西用水"}},
{"type":"Feature","geometry":{"type":"LineString","coordinates":[[139.83171,35.83221],[139.83172,35.83218]]},"properties":{"name":"八条用水"}},
{"type":"Feature","geometry":{"type":"LineString","coordinates":[[139.8312,35.84546],[139.83143,35.84515],[139.83424,35.84224],[139.83488,35.84113],[139.83488,35.84071],[139.83441,35.83959],[139.83313,35.83749],[139.83266,35.83647]]},"properties":{"name":"八条用水"}},
{"type":"Feature","geometry":{"type":"LineString","coordinates":[[139.83783,35.82461],[139.83799,35.82446]]},"properties":{"name":""}},
{"type":"Feature","geometry":{"type":"LineString","coordinates":[[139.83248,35.82978],[139.83719,35.82519],[139.83783,35.82461]]},"properties":{"name":""}},
{"type":"Feature","geometry":{"type":"LineString","coordinates":[[139.83172,35.83218],[139.83228,35.82998],[139.83232,35.8298]]},"properties":{"name":"八条用水"}},
{"type":"Feature","geometry":{"type":"LineString","coordinates":[[139.83266,35.83647],[139.83251,35.83624]]},"properties":{"name":"八条用水"}},
{"type":"Feature","geometry":{"type":"LineString","coordinates":[[139.74859,35.94632],[139.74902,35.94539],[139.74995,35.94272],[139.7502,35.94238]]},"properties":{"name":"中之堀川"}},
{"type":"Feature","geometry":{"type":"LineString","coordinates":[[139.63516,35.86193],[139.63605,35.8604],[139.63706,35.8572],[139.63737,35.85568],[139.63733,35.85483],[139.63649,35.85341],[139.63531,35.85305]]},"properties":{"name":"鴻沼川"}},
{"type":"Feature","geometry":{"type":"LineString","coordinates":[[139.63852,35.85332],[139.6375,35.85229],[139.6368,35.85182],[139.63596,35.85231],[139.63587,35.85276],[139.63531,35.85305]]},"properties":{"name":"高沼用水東縁"}},
{"type":"Feature","geometry":{"type":"LineString","coordinates":[[139.61568,35.85265],[139.61546,35.85232],[139.61596,35.85142],[139.61574,35.85065],[139.6139,35.84926]]},"properties":{"name":"油面川"}},
{"type":"Feature","geometry":{"type":"LineString","coordinates":[[139.61592,35.85272],[139.61568,35.85265]]},"properties":{"name":"油面第2樋管"}},
{"type":"Feature","geometry":{"type":"LineString","coordinates":[[139.61371,35.84917],[139.61355,35.84911]]},"properties":{"name":"油面川"}},
{"type":"Feature","geometry":{"type":"LineString","coordinates":[[139.6139,35.84926],[139.61371,35.84917]]},"properties":{"name":"油面第1樋管"}},
{"type":"Feature","geometry":{"type":"LineString","coordinates":[[139.62362,35.85446],[139.62311,35.85433]]},"properties":{"name":"油面川"}},
{"type":"Feature","geometry":{"type":"LineString","coordinates":[[139.62377,35.85538],[139.62406,35.85458],[139.62362,35.85446]]},"properties":{"name":"油面川"}},
{"type":"Feature","geometry":{"type":"LineString","coordinates":[[139.6237,35.85555],[139.62377,35.85538]]},"properties":{"name":"油面川"}},
{"type":"Feature","geometry":{"type":"LineString","coordinates":[[139.41235,36.02155],[139.41095,36.01923]]},"properties":{"name":""}},
{"type":"Feature","geometry":{"type":"LineString","coordinates":[[139.47259,36.12457],[139.47263,36.1244]]},"properties":{"name":"武蔵水路"}},
{"type":"Feature","geometry":{"type":"LineString","coordinates":[[139.49425,35.90502],[139.49358,35.9041],[139.49337,35.90352],[139.49345,35.90197],[139.49428,35.90074]]},"properties":{"name":"新河岸川"}},
{"type":"Feature","geometry":{"type":"LineString","coordinates":[[139.49449,35.90534],[139.49425,35.90502]]},"properties":{"name":"新河岸川"}},
{"type":"Feature","geometry":{"type":"LineString","coordinates":[[139.69876,36.15125],[139.70099,36.14767],[139.7047,36.14333],[139.70769,36.13883],[139.70978,36.13646],[139.71172,36.13517],[139.71426,36.13416]]},"properties":{"name":"利根川"}},
{"type":"Feature","geometry":{"type":"LineString","coordinates":[[139.59727,36.15872],[139.6026,36.15655]]},"properties":{"name":"中川"}},
{"type":"Feature","geometry":{"type":"LineString","coordinates":[[139.44266,36.18687],[139.44353,36.18678]]},"properties":{"name":"北河原用水路"}},
{"type":"Feature","geometry":{"type":"LineString","coordinates":[[139.44259,36.18687],[139.44266,36.18687]]},"properties":{"name":"北河原用水路"}},
{"type":"Feature","geometry":{"type":"LineString","coordinates":[[139.44037,36.1871],[139.44259,36.18687]]},"properties":{"name":"北河原用水路"}},
{"type":"Feature","geometry":{"type":"LineString","coordinates":[[139.44028,36.18711],[139.44037,36.1871]]},"properties":{"name":"北河原用水路"}},
{"type":"Feature","geometry":{"type":"LineString","coordinates":[[139.43868,36.18729],[139.44028,36.18711]]},"properties":{"name":"北河原用水路"}},
{"type":"Feature","geometry":{"type":"LineString","coordinates":[[139.43855,36.18731],[139.43868,36.18729]]},"properties":{"name":"北河原用水路"}},
{"type":"Feature","geometry":{"type":"LineString","coordinates":[[139.43698,36.18722],[139.43855,36.18731]]},"properties":{"name":"北河原用水路"}},
{"type":"Feature","geometry":{"type":"LineString","coordinates":[[139.4369,36.1872],[139.43698,36.18722]]},"properties":{"name":"北河原用水路"}},
{"type":"Feature","geometry":{"type":"LineString","coordinates":[[139.43521,36.18716],[139.43589,36.18698],[139.4369,36.1872]]},"properties":{"name":"北河原用水路"}},
{"type":"Feature","geometry":{"type":"LineString","coordinates":[[139.43514,36.1872],[139.43521,36.18716]]},"properties":{"name":"北河原用水路"}},
{"type":"Feature","geometry":{"type":"LineString","coordinates":[[139.43134,36.18831],[139.43142,36.18833]]},"properties":{"name":"北河原用水路"}},
{"type":"Feature","geometry":{"type":"LineString","coordinates":[[139.42764,36.18902],[139.42882,36.18831],[139.43022,36.18798],[139.43134,36.18831]]},"properties":{"name":"北河原用水路"}},
{"type":"Feature","geometry":{"type":"LineString","coordinates":[[139.42752,36.18904],[139.42764,36.18902]]},"properties":{"name":"北河原用水路"}},
{"type":"Feature","geometry":{"type":"LineString","coordinates":[[139.42035,36.1889],[139.42314,36.18918]]},"properties":{"name":"北河原用水路"}},
{"type":"Feature","geometry":{"type":"LineString","coordinates":[[139.42314,36.18918],[139.42326,36.18919]]},"properties":{"name":"北河原用水路"}},
{"type":"Feature","geometry":{"type":"LineString","coordinates":[[139.41856,36.18851],[139.41882,36.1888]]},"properties":{"name":"奈良川"}},
{"type":"Feature","geometry":{"type":"LineString","coordinates":[[139.41882,36.1888],[139.41887,36.18884]]},"properties":{"name":"奈良川"}},
{"type":"Feature","geometry":{"type":"LineString","coordinates":[[139.41887,36.18884],[139.41912,36.18916]]},"properties":{"name":"奈良川"}},
{"type":"Feature","geometry":{"type":"LineString","coordinates":[[139.41912,36.18916],[139.41915,36.18921]]},"properties":{"name":"奈良川"}},
{"type":"Feature","geometry":{"type":"LineString","coordinates":[[139.42023,36.19444],[139.42063,36.19578],[139.42187,36.19679],[139.42297,36.19746]]},"properties":{"name":"奈良川"}},
{"type":"Feature","geometry":{"type":"LineString","coordinates":[[139.42026,36.19437],[139.42023,36.19444]]},"properties":{"name":"奈良川"}},
{"type":"Feature","geometry":{"type":"LineString","coordinates":[[139.62842,36.15364],[139.6289,36.15277],[139.62951,36.15204]]},"properties":{"name":"槐堀排水路"}},
{"type":"Feature","geometry":{"type":"LineString","coordinates":[[139.62951,36.15204],[139.62963,36.15188]]},"properties":{"name":"槐堀排水路"}},
{"type":"Feature","geometry":{"type":"LineString","coordinates":[[139.62963,36.15188],[139.63056,36.15066]]},"properties":{"name":"槐堀排水路"}},
{"type":"Feature","geometry":{"type":"LineString","coordinates":[[139.63056,36.15066],[139.63059,36.15062]]},"properties":{"name":"槐堀排水路"}},
{"type":"Feature","geometry":{"type":"LineString","coordinates":[[139.4152,35.94572],[139.41605,35.94655],[139.41763,35.94761]]},"properties":{"name":"大谷川"}},
{"type":"Feature","geometry":{"type":"LineString","coordinates":[[139.41493,35.94544],[139.4152,35.94572]]},"properties":{"name":"大谷川"}},
{"type":"Feature","geometry":{"type":"LineString","coordinates":[[139.41293,35.94366],[139.41332,35.94421],[139.41395,35.9444]]},"properties":{"name":"大谷川"}},
{"type":"Feature","geometry":{"type":"LineString","coordinates":[[139.41395,35.9444],[139.41424,35.94463]]},"properties":{"name":"大谷川"}},
{"type":"Feature","geometry":{"type":"LineString","coordinates":[[139.44575,35.84938],[139.44624,35.84994],[139.45494,35.85787],[139.45645,35.85934],[139.45842,35.86104],[139.46013,35.86284],[139.46097,35.86347]]},"properties":{"name":"不老川"}},
{"type":"Feature","geometry":{"type":"LineString","coordinates":[[139.44565,35.8492],[139.44575,35.84938]]},"properties":{"name":"不老川"}},
{"type":"Feature","geometry":{"type":"LineString","coordinates":[[139.84604,35.88773],[139.84621,35.88621]]},"properties":{"name":"二郷半領用水路"}},
{"type":"Feature","geometry":{"type":"LineString","coordinates":[[139.76544,36.07969],[139.76689,36.07963],[139.76791,36.07983],[139.77025,36.08076]]},"properties":{"name":"中川上流放水路"}},
{"type":"Feature","geometry":{"type":"LineString","coordinates":[[139.66419,36.11216],[139.6644,36.11093],[139.66498,36.10977],[139.66423,36.10841],[139.6645,36.1068]]},"properties":{"name":"葛西用水路"}},
{"type":"Feature","geometry":{"type":"LineString","coordinates":[[138.89945,35.95631],[138.90196,35.95694],[138.90421,35.95656],[138.90529,35.95657],[138.90718,35.95728]]},"properties":{"name":"中津川"}},
{"type":"Feature","geometry":{"type":"LineString","coordinates":[[138.89845,35.9562],[138.89945,35.95631]]},"properties":{"name":"中津川"}},
{"type":"Feature","geometry":{"type":"LineString","coordinates":[[139.80488,35.91903],[139.80493,35.91891]]},"properties":{"name":"大落古利根川"}},
{"type":"Feature","geometry":{"type":"LineString","coordinates":[[139.79686,35.88777],[139.79768,35.88775],[139.79919,35.88832]]},"properties":{"name":"逆川"}},
{"type":"Feature","geometry":{"type":"LineString","coordinates":[[139.68176,36.20168],[139.68284,36.20083]]},"properties":{"name":""}},
{"type":"Feature","geometry":{"type":"LineString","coordinates":[[139.68242,36.20217],[139.68284,36.20083]]},"properties":{"name":"渡良第一貯水池"}},
{"type":"Feature","geometry":{"type":"LineString","coordinates":[[139.60181,35.87487],[139.6016,35.87488]]},"properties":{"name":"白神川"}},
{"type":"Feature","geometry":{"type":"LineString","coordinates":[[139.60194,35.87485],[139.60181,35.87487]]},"properties":{"name":"白神川"}},
{"type":"Feature","geometry":{"type":"LineString","coordinates":[[139.69541,35.88342],[139.69627,35.88276],[139.6965,35.88177]]},"properties":{"name":"見沼代用水西縁"}},
{"type":"Feature","geometry":{"type":"LineString","coordinates":[[139.6965,35.88177],[139.6966,35.88158]]},"properties":{"name":"見沼代用水西縁"}},
{"type":"Feature","geometry":{"type":"LineString","coordinates":[[139.78093,35.87789],[139.78411,35.87728]]},"properties":{"name":"出羽堀（出羽堀第１雨水幹線）"}},
{"type":"Feature","geometry":{"type":"LineString","coordinates":[[139.78411,35.87728],[139.78438,35.87722]]},"properties":{"name":"出羽堀（出羽堀第１雨水幹線）"}},
{"type":"Feature","geometry":{"type":"LineString","coordinates":[[139.78438,35.87722],[139.78446,35.87716]]},"properties":{"name":"出羽堀（出羽堀第１雨水幹線）"}},
{"type":"Feature","geometry":{"type":"LineString","coordinates":[[139.78446,35.87716],[139.78447,35.8771]]},"properties":{"name":"出羽堀（出羽堀第１雨水幹線）"}},
{"type":"Feature","geometry":{"type":"LineString","coordinates":[[139.78447,35.8771],[139.78469,35.87608]]},"properties":{"name":"出羽堀（出羽堀第１雨水幹線）"}},
{"type":"Feature","geometry":{"type":"LineString","coordinates":[[139.78473,35.87591],[139.78474,35.87587]]},"properties":{"name":"出羽堀（出羽堀第１雨水幹線）"}},
{"type":"Feature","geometry":{"type":"LineString","coordinates":[[139.78469,35.87608],[139.78471,35.87599]]},"properties":{"name":"出羽堀（出羽堀第１雨水幹線）"}},
{"type":"Feature","geometry":{"type":"LineString","coordinates":[[139.78471,35.87599],[139.78473,35.87591]]},"properties":{"name":"出羽堀（出羽堀第１雨水幹線）"}},
{"type":"Feature","geometry":{"type":"LineString","coordinates":[[139.78474,35.87587],[139.78489,35.87518]]},"properties":{"name":"出羽堀（出羽堀第１雨水幹線）"}},
{"type":"Feature","geometry":{"type":"LineString","coordinates":[[139.78489,35.87518],[139.78494,35.87496]]},"properties":{"name":"出羽堀（出羽堀第１雨水幹線）"}},
{"type":"Feature","geometry":{"type":"LineString","coordinates":[[139.78494,35.87496],[139.78522,35.8737]]},"properties":{"name":"出羽堀（出羽堀第１雨水幹線）"}},
{"type":"Feature","geometry":{"type":"LineString","coordinates":[[139.78523,35.87363],[139.78545,35.87267]]},"properties":{"name":"出羽堀（出羽堀第１雨水幹線）"}},
{"type":"Feature","geometry":{"type":"LineString","coordinates":[[139.78545,35.87267],[139.78551,35.87239]]},"properties":{"name":"出羽堀（出羽堀第１雨水幹線）"}},
{"type":"Feature","geometry":{"type":"LineString","coordinates":[[139.78522,35.8737],[139.78523,35.87363]]},"properties":{"name":"出羽堀（出羽堀第１雨水幹線）"}},
{"type":"Feature","geometry":{"type":"LineString","coordinates":[[139.78551,35.87239],[139.78579,35.87104]]},"properties":{"name":"出羽堀（出羽堀第１雨水幹線）"}},
{"type":"Feature","geometry":{"type":"LineString","coordinates":[[139.78579,35.87104],[139.78584,35.87081]]},"properties":{"name":"出羽堀（出羽堀第１雨水幹線）"}},
{"type":"Feature","geometry":{"type":"LineString","coordinates":[[139.78584,35.87081],[139.78631,35.86873]]},"properties":{"name":"出羽堀（出羽堀第１雨水幹線）"}},
{"type":"Feature","geometry":{"type":"LineString","coordinates":[[139.78631,35.86873],[139.78634,35.8686]]},"properties":{"name":"出羽堀（出羽堀第１雨水幹線）"}},
{"type":"Feature","geometry":{"type":"LineString","coordinates":[[139.78699,35.86587],[139.787,35.86584]]},"properties":{"name":"出羽堀（出羽堀第１雨水幹線）"}},
{"type":"Feature","geometry":{"type":"LineString","coordinates":[[139.787,35.86584],[139.78745,35.86476]]},"properties":{"name":"出羽堀（出羽堀第１雨水幹線）"}},
{"type":"Feature","geometry":{"type":"LineString","coordinates":[[139.78745,35.86476],[139.78751,35.86461]]},"properties":{"name":"出羽堀（出羽堀第１雨水幹線）"}},
{"type":"Feature","geometry":{"type":"LineString","coordinates":[[139.78877,35.8618],[139.78921,35.86067]]},"properties":{"name":"出羽堀（出羽堀第１雨水幹線）"}},
{"type":"Feature","geometry":{"type":"LineString","coordinates":[[139.78874,35.86188],[139.78877,35.8618]]},"properties":{"name":"出羽堀（出羽堀第１雨水幹線）"}},
{"type":"Feature","geometry":{"type":"LineString","coordinates":[[139.78924,35.86059],[139.78937,35.86023]]},"properties":{"name":""}},
{"type":"Feature","geometry":{"type":"LineString","coordinates":[[139.78921,35.86067],[139.78924,35.86059]]},"properties":{"name":"出羽堀（出羽堀第１雨水幹線）"}},
{"type":"Feature","geometry":{"type":"LineString","coordinates":[[139.78076,35.87793],[139.78093,35.87789]]},"properties":{"name":"出羽堀（出羽堀第１雨水幹線）"}},
{"type":"Feature","geometry":{"type":"LineString","coordinates":[[139.76064,35.87593],[139.76116,35.87519]]},"properties":{"name":"新川都市下水路（末田用水路）"}},
{"type":"Feature","geometry":{"type":"LineString","coordinates":[[139.76116,35.87519],[139.76125,35.87513]]},"properties":{"name":"新川都市下水路（末田用水路）"}},
{"type":"Feature","geometry":{"type":"LineString","coordinates":[[139.76125,35.87513],[139.76251,35.87437]]},"properties":{"name":"新川都市下水路（末田用水路）"}},
{"type":"Feature","geometry":{"type":"LineString","coordinates":[[139.78066,35.86313],[139.78153,35.86252]]},"properties":{"name":"新川都市下水路（末田用水路）"}},
{"type":"Feature","geometry":{"type":"LineString","coordinates":[[139.78153,35.86252],[139.7816,35.86249]]},"properties":{"name":"新川都市下水路（末田用水路）"}},
{"type":"Feature","geometry":{"type":"LineString","coordinates":[[139.7816,35.86249],[139.78313,35.86171]]},"properties":{"name":"新川都市下水路（末田用水路）"}},
{"type":"Feature","geometry":{"type":"LineString","coordinates":[[139.78313,35.86171],[139.78325,35.86165]]},"properties":{"name":"新川都市下水路（末田用水路）"}},
{"type":"Feature","geometry":{"type":"LineString","coordinates":[[139.79991,35.85638],[139.80006,35.85593]]},"properties":{"name":"蒲生愛宕川"}},
{"type":"Feature","geometry":{"type":"LineString","coordinates":[[139.7999,35.85641],[139.79991,35.85638]]},"properties":{"name":"蒲生愛宕川"}},
{"type":"Feature","geometry":{"type":"LineString","coordinates":[[139.07971,36.09362],[139.07918,36.09298],[139.07951,36.09207]]},"properties":{"name":""}},
{"type":"Feature","geometry":{"type":"LineString","coordinates":[[139.56652,35.95193],[139.56728,35.95058]]},"properties":{"name":""}},
{"type":"Feature","geometry":{"type":"LineString","coordinates":[[139.73252,36.03473],[139.73272,36.03469]]},"properties":{"name":""}},
{"type":"Feature","geometry":{"type":"LineString","coordinates":[[139.539,35.9136],[139.54089,35.91298],[139.54125,35.91305],[139.54271,35.9128]]},"properties":{"name":""}},
{"type":"Feature","geometry":{"type":"LineString","coordinates":[[139.53779,35.91338],[139.539,35.9136]]},"properties":{"name":""}},
{"type":"Feature","geometry":{"type":"LineString","coordinates":[[139.6908,35.8296],[139.69354,35.83024]]},"properties":{"name":"竪川"}},
{"type":"Feature","geometry":{"type":"LineString","coordinates":[[139.07054,35.92106],[139.07029,35.92132]]},"properties":{"name":"浦山川"}},
{"type":"Feature","geometry":{"type":"LineString","coordinates":[[139.07029,35.92132],[139.06842,35.92192],[139.06782,35.92253],[139.06767,35.92319]]},"properties":{"name":"浦山川"}},
{"type":"Feature","geometry":{"type":"LineString","coordinates":[[139.06767,35.92319],[139.06767,35.92487],[139.06861,35.92679],[139.06819,35.92822],[139.06636,35.92925],[139.06527,35.93029],[139.06014,35.9334],[139.0604,35.9354],[139.05693,35.93933],[139.05698,35.94332],[139.05279,35.9505],[139.05234,35.95347]]},"properties":{"name":"浦山川"}},
{"type":"Feature","geometry":{"type":"LineString","coordinates":[[139.05299,35.92666],[139.05337,35.92778],[139.0541,35.92886],[139.05516,35.92914],[139.05869,35.93133],[139.06014,35.9334]]},"properties":{"name":""}},
{"type":"Feature","geometry":{"type":"LineString","coordinates":[[139.51254,36.16913],[139.51238,36.16777],[139.51197,36.16616],[139.51152,36.16536],[139.51026,36.16405],[139.50983,36.1628]]},"properties":{"name":"会の川"}},
{"type":"Feature","geometry":{"type":"LineString","coordinates":[[139.50983,36.1628],[139.50981,36.16271]]},"properties":{"name":"会の川"}},
{"type":"Feature","geometry":{"type":"LineString","coordinates":[[139.41765,35.99453],[139.42008,35.99444],[139.42059,35.99433]]},"properties":{"name":"九十九川"}},
{"type":"Feature","geometry":{"type":"LineString","coordinates":[[139.41761,35.99453],[139.41765,35.99453]]},"properties":{"name":"九十九川"}},
{"type":"Feature","geometry":{"type":"LineString","coordinates":[[139.50317,35.96028],[139.50304,35.9596]]},"properties":{"name":""}},
{"type":"Feature","geometry":{"type":"LineString","coordinates":[[139.50322,35.96054],[139.50317,35.96028]]},"properties":{"name":""}},
{"type":"Feature","geometry":{"type":"LineString","coordinates":[[139.48624,35.95613],[139.48741,35.95621],[139.48897,35.95663],[139.48971,35.95665],[139.49257,35.95643],[139.49342,35.95646],[139.4944,35.95623],[139.49558,35.9558],[139.49661,35.95561],[139.49763,35.95564],[139.50007,35.95623],[139.50208,35.95651]]},"properties":{"name":"入間川"}},
{"type":"Feature","geometry":{"type":"LineString","coordinates":[[139.47754,35.95704],[139.48093,35.95649],[139.48346,35.95639],[139.48624,35.95613]]},"properties":{"name":"入間川"}},
{"type":"Feature","geometry":{"type":"LineString","coordinates":[[139.44459,35.97931],[139.44538,35.98003]]},"properties":{"name":"飯盛川"}},
{"type":"Feature","geometry":{"type":"LineString","coordinates":[[139.4443,35.97905],[139.44459,35.97931]]},"properties":{"name":"飯盛川"}},
{"type":"Feature","geometry":{"type":"LineString","coordinates":[[139.53144,35.92452],[139.5331,35.92297],[139.53349,35.92178],[139.53507,35.92087],[139.53619,35.91967],[139.53651,35.91911],[139.53675,35.91917]]},"properties":{"name":""}},
{"type":"Feature","geometry":{"type":"LineString","coordinates":[[139.52116,35.94182],[139.52351,35.93984],[139.52573,35.93709],[139.52635,35.93577],[139.5266,35.93408]]},"properties":{"name":""}},
{"type":"Feature","geometry":{"type":"LineString","coordinates":[[139.18533,36.26193],[139.18569,36.26172]]},"properties":{"name":"備前渠（備前渠川・備前渠用水路）"}},
{"type":"Feature","geometry":{"type":"LineString","coordinates":[[139.70934,35.9098],[139.70975,35.90954],[139.71262,35.90863],[139.71505,35.90775]]},"properties":{"name":"伝右川"}},
{"type":"Feature","geometry":{"type":"LineString","coordinates":[[139.71505,35.90775],[139.71753,35.90718],[139.71849,35.90676],[139.71994,35.90545],[139.72168,35.90429],[139.72359,35.90268],[139.7239,35.9022],[139.725,35.90127],[139.72654,35.90087],[139.72888,35.89961],[139.7296,35.89887],[139.73243,35.89543],[139.73408,35.89318],[139.73513,35.89131],[139.73627,35.89031]]},"properties":{"name":"伝右川"}},
{"type":"Feature","geometry":{"type":"LineString","coordinates":[[139.73627,35.89031],[139.73646,35.89012]]},"properties":{"name":"伝右川"}},
{"type":"Feature","geometry":{"type":"LineString","coordinates":[[139.73646,35.89012],[139.73781,35.88897],[139.73792,35.88866],[139.74056,35.88712]]},"properties":{"name":"伝右川"}}
]}